Mata_Uang,Usia,Gender,Plan,Term,PPP,100_Ribu,150_Ribu,200_Ribu,250_Ribu,300_Ribu,350_Ribu,500_Ribu,750_Ribu,1_Juta,5_Juta
IDR,0,PRIA,Flexi Amanah,YRT,1,-,-,-,-,-,-,-,-,-,-
IDR,0,PRIA,Flexi Amanah,5,5,-,-,-,-,-,-,-,-,-,-
IDR,0,PRIA,Flexi Amanah,10,10,-,-,-,-,-,-,-,-,-,-
IDR,0,PRIA,Flexi Berkah,110,5,17.2,23.0,30.6,38.3,45.9,53.6,75.0,107.7,143.6,700.0
IDR,0,PRIA,Flexi Berkah,,10,9.0,12.1,16.1,19.2,21.5,25.1,35.9,53.9,71.8,336.5
IDR,0,PRIA,Flexi Berkah,,15,6.5,9.7,11.6,14.5,17.4,19.2,25.8,38.7,51.6,242.0
IDR,0,PRIA,Flexi Cermat,15,5,138.0,207.0,276.0,345.0,413.9,482.9,689.9,1,034.9,1,379.8,6,899.0
IDR,0,PRIA,Flexi Cermat,,10,71.2,106.8,142.5,178.1,213.7,249.3,356.2,534.2,712.3,3,561.5
IDR,0,PRIA,Flexi Cermat,25,5,81.4,122.1,162.9,203.6,244.3,285.0,407.2,610.7,760.0,3,800.0
IDR,0,PRIA,Flexi Cermat,,10,46.0,69.0,86.2,107.8,129.3,150.9,215.5,323.3,431.0,2,011.5
IDR,0,PRIA,Flexi Cermat,,15,31.4,47.0,62.7,75.0,88.2,102.9,147.0,220.5,294.0,1,372.0
IDR,0,PRIA,Flexi Cermat,35,5,47.6,71.4,89.3,111.6,133.9,156.2,223.2,334.7,446.3,2,082.5
IDR,0,PRIA,Flexi Cermat,,10,26.9,40.4,53.8,67.3,75.7,88.3,126.1,189.2,252.2,1,176.5
IDR,0,PRIA,Flexi Cermat,,15,19.4,29.1,38.8,48.5,58.2,67.9,91.0,136.4,181.9,849.0
USD,0,PRIA,Flexi Amanah,YRT,1,-,-,-,-,-,-,-,-,-,-
USD,0,PRIA,Flexi Amanah,5,5,-,-,-,-,-,-,-,-,-,-
USD,0,PRIA,Flexi Amanah,10,10,-,-,-,-,-,-,-,-,-,-
USD,0,PRIA,Flexi Berkah,110,5,7258,10206,13608,17010,20412,23814,34020,51030,68040,317500
USD,0,PRIA,Flexi Berkah,,10,3544,5316,7088,8308,9969,11631,16615,24923,33230,155050
USD,0,PRIA,Flexi Berkah,,15,2549,3824,5098,6373,7500,8365,11950,17925,23900,111500
USD,0,PRIA,Flexi Cermat,15,5,16739,25109,33478,41848,50217,58587,83695,125543,167390,836950
USD,0,PRIA,Flexi Cermat,,10,8640,12960,17280,21600,25920,30240,43200,64800,86400,432000
USD,0,PRIA,Flexi Cermat,25,5,12224,18336,24448,30560,36672,42784,61120,85568,114090,570450
USD,0,PRIA,Flexi Cermat,,10,6675,9387,12516,15645,18774,21903,31290,46935,62580,292050
USD,0,PRIA,Flexi Cermat,,15,4214,6321,7902,9878,11853,13829,19755,29633,39510,184400
USD,0,PRIA,Flexi Cermat,35,5,8624,12936,17248,21560,25872,30184,43120,64680,80490,402450
USD,0,PRIA,Flexi Cermat,,10,4426,6639,8298,10373,12447,14522,20745,31118,41490,193600
USD,0,PRIA,Flexi Cermat,,15,2981,4472,5962,7453,8385,9783,13975,20963,27950,130400
IDR,0,WANITA,Flexi Amanah,YRT,1,-,-,-,-,-,-,-,-,-,-
IDR,0,WANITA,Flexi Amanah,5,5,-,-,-,-,-,-,-,-,-,-
IDR,0,WANITA,Flexi Amanah,10,10,-,-,-,-,-,-,-,-,-,-
IDR,0,WANITA,Flexi Berkah,110,5,14.7,19.6,26.1,32.7,39.2,45.7,65.4,92.0,122.6,613.0
IDR,0,WANITA,Flexi Berkah,,10,7.7,10.8,13.8,17.2,19.2,21.5,30.7,46.0,61.3,287.5
IDR,0,WANITA,Flexi Berkah,,15,5.3,8.0,10.7,12.0,14.4,16.8,21.3,32.0,42.6,200.0
IDR,0,WANITA,Flexi Cermat,15,5,130.6,195.9,261.1,326.4,391.7,457.0,652.9,979.3,1,305.7,6,528.5
IDR,0,WANITA,Flexi Cermat,,10,69.2,103.7,138.3,172.9,207.5,242.1,345.8,518.7,691.6,3,458.0
IDR,0,WANITA,Flexi Cermat,25,5,80.8,121.2,161.6,202.0,242.4,282.8,404.1,606.1,754.3,3,771.5
IDR,0,WANITA,Flexi Cermat,,10,44.2,66.2,82.8,103.5,124.2,144.9,207.0,310.4,413.9,1,931.5
IDR,0,WANITA,Flexi Cermat,,15,30.4,45.6,60.7,75.0,85.4,99.6,142.4,213.5,284.7,1,328.5
IDR,0,WANITA,Flexi Cermat,35,5,47.0,70.5,88.1,110.2,132.2,154.2,220.3,330.5,440.6,2,056.5
IDR,0,WANITA,Flexi Cermat,,10,25.7,38.5,51.4,64.2,75.0,84.3,120.4,180.6,240.8,1,123.5
IDR,0,WANITA,Flexi Cermat,,15,18.5,24.7,32.9,41.1,49.4,57.6,77.1,115.7,154.2,719.5
USD,0,WANITA,Flexi Amanah,YRT,1,-,-,-,-,-,-,-,-,-,-
USD,0,WANITA,Flexi Amanah,5,5,-,-,-,-,-,-,-,-,-,-
USD,0,WANITA,Flexi Amanah,10,10,-,-,-,-,-,-,-,-,-,-
USD,0,WANITA,Flexi Berkah,110,5,6197,8715,11620,14525,17430,20335,29050,43575,58100,271100
USD,0,WANITA,Flexi Berkah,,10,3026,4539,6052,7500,8511,9930,14185,21278,28370,132350
USD,0,WANITA,Flexi Berkah,,15,2106,3159,4212,5265,6318,7371,9870,14805,19740,92100
USD,0,WANITA,Flexi Cermat,15,5,16608,24912,33216,41520,49824,58128,83040,124560,166080,830400
USD,0,WANITA,Flexi Cermat,,10,8550,12825,17100,21375,25650,29925,42750,64125,85500,427500
USD,0,WANITA,Flexi Cermat,25,5,11804,17706,23608,29510,35412,41314,59020,82628,110170,550850
USD,0,WANITA,Flexi Cermat,,10,6539,9197,12262,15328,18393,21459,30655,45983,61310,286100
USD,0,WANITA,Flexi Cermat,,15,4122,6183,7728,9660,11592,13524,19320,28980,38640,180300
USD,0,WANITA,Flexi Cermat,35,5,8333,12500,16666,20833,24999,29166,41665,62498,77770,388850
USD,0,WANITA,Flexi Cermat,,10,4264,6396,7996,9995,11994,13993,19990,29985,39980,186550
USD,0,WANITA,Flexi Cermat,,15,2878,4317,5756,7195,8094,9443,13490,20235,26980,125900
IDR,1,PRIA,Flexi Amanah,YRT,1,-,-,-,-,-,-,-,-,-,-
IDR,1,PRIA,Flexi Amanah,5,5,-,-,-,-,-,-,-,-,-,-
IDR,1,PRIA,Flexi Amanah,10,10,-,-,-,-,-,-,-,-,-,-
IDR,1,PRIA,Flexi Berkah,109,5,17.6,23.5,31.3,39.2,47.0,54.8,75.0,110.1,146.8,700.0
IDR,1,PRIA,Flexi Berkah,,10,9.2,12.4,16.5,19.2,22.0,25.7,36.7,55.1,73.4,344.0
IDR,1,PRIA,Flexi Berkah,,15,6.6,9.9,11.9,14.9,17.9,19.2,26.5,39.8,53.0,248.5
IDR,1,PRIA,Flexi Cermat,15,5,138.1,207.2,276.2,345.3,414.3,483.4,690.5,1,035.8,1,381.0,6,905.0
IDR,1,PRIA,Flexi Cermat,,10,71.4,107.1,142.8,178.5,214.1,249.8,356.9,535.4,713.8,3,569.0
IDR,1,PRIA,Flexi Cermat,25,5,81.3,122.0,162.6,203.3,244.0,284.6,406.6,609.9,758.9,3,794.5
IDR,1,PRIA,Flexi Cermat,,10,45.9,68.9,86.1,107.6,129.1,150.6,215.2,322.8,430.4,2,008.5
IDR,1,PRIA,Flexi Cermat,,15,31.3,46.9,62.6,75.0,88.0,102.7,146.7,220.0,293.3,1,369.0
IDR,1,PRIA,Flexi Cermat,35,5,47.5,71.3,89.1,111.4,133.7,156.0,222.9,334.3,445.7,2,080.0
IDR,1,PRIA,Flexi Cermat,,10,26.9,40.3,53.7,67.2,75.5,88.1,125.9,188.9,251.8,1,175.0
IDR,1,PRIA,Flexi Cermat,,15,19.4,29.0,38.7,48.4,58.1,67.8,90.8,136.1,181.5,847.0
USD,1,PRIA,Flexi Amanah,YRT,1,-,-,-,-,-,-,-,-,-,-
USD,1,PRIA,Flexi Amanah,5,5,-,-,-,-,-,-,-,-,-,-
USD,1,PRIA,Flexi Amanah,10,10,-,-,-,-,-,-,-,-,-,-
USD,1,PRIA,Flexi Berkah,109,5,7419,10434,13912,17390,20868,24346,34780,52170,69560,324600
USD,1,PRIA,Flexi Berkah,,10,3622,5433,7244,8490,10188,11886,16980,25470,33960,158500
USD,1,PRIA,Flexi Berkah,,15,2616,3924,5232,6540,7500,8586,12265,18398,24530,114450
USD,1,PRIA,Flexi Cermat,15,5,16740,25110,33480,41850,50220,58590,83700,125550,167400,837000
USD,1,PRIA,Flexi Cermat,,10,8646,12969,17292,21615,25938,30261,43230,64845,86460,432300
USD,1,PRIA,Flexi Cermat,25,5,12208,18312,24416,30520,36624,42728,61040,85455,113940,569700
USD,1,PRIA,Flexi Cermat,,10,6666,9374,12498,15623,18747,21872,31245,46868,62490,291600
USD,1,PRIA,Flexi Cermat,,15,4205,6308,7884,9855,11826,13797,19710,29565,39420,183950
USD,1,PRIA,Flexi Cermat,35,5,8603,12905,17206,21508,25809,30111,43015,64523,80300,401500
USD,1,PRIA,Flexi Cermat,,10,4415,6623,8278,10348,12417,14487,20695,31043,41390,193150
USD,1,PRIA,Flexi Cermat,,15,2974,4461,5948,7435,8364,9758,13940,20910,27880,130100
IDR,1,WANITA,Flexi Amanah,YRT,1,-,-,-,-,-,-,-,-,-,-
IDR,1,WANITA,Flexi Amanah,5,5,-,-,-,-,-,-,-,-,-,-
IDR,1,WANITA,Flexi Amanah,10,10,-,-,-,-,-,-,-,-,-,-
IDR,1,WANITA,Flexi Berkah,109,5,15.0,20.1,26.7,33.4,40.1,46.8,66.9,94.0,125.3,626.5
IDR,1,WANITA,Flexi Berkah,,10,7.8,10.8,14.1,17.6,19.2,21.9,31.3,47.0,62.6,293.5
IDR,1,WANITA,Flexi Berkah,,15,5.5,8.2,10.8,12.3,14.8,17.3,21.9,32.9,43.8,205.5
IDR,1,WANITA,Flexi Cermat,15,5,130.7,196.0,261.4,326.7,392.1,457.4,653.5,980.2,1,306.9,6,534.5
IDR,1,WANITA,Flexi Cermat,,10,69.3,104.0,138.6,173.3,207.9,242.6,346.5,519.8,693.0,3,465.0
IDR,1,WANITA,Flexi Cermat,25,5,80.8,121.1,161.5,201.9,242.3,282.7,403.8,605.7,753.8,3,769.0
IDR,1,WANITA,Flexi Cermat,,10,44.1,66.2,82.7,103.4,124.1,144.8,206.9,310.3,413.7,1,930.5
IDR,1,WANITA,Flexi Cermat,,15,30.3,45.5,60.7,75.0,85.4,99.6,142.3,213.4,284.5,1,327.5
IDR,1,WANITA,Flexi Cermat,35,5,47.0,70.4,88.1,110.1,132.1,154.1,220.2,330.2,440.3,2,054.5
IDR,1,WANITA,Flexi Cermat,,10,25.7,38.5,51.4,64.2,75.0,84.3,120.4,180.6,240.8,1,124.0
IDR,1,WANITA,Flexi Cermat,,15,18.5,24.6,32.8,41.1,49.3,57.5,77.0,115.5,154.0,718.5
USD,1,WANITA,Flexi Amanah,YRT,1,-,-,-,-,-,-,-,-,-,-
USD,1,WANITA,Flexi Amanah,5,5,-,-,-,-,-,-,-,-,-,-
USD,1,WANITA,Flexi Amanah,10,10,-,-,-,-,-,-,-,-,-,-
USD,1,WANITA,Flexi Berkah,109,5,6334,8909,11878,14848,17817,20787,29695,44543,59390,277150
USD,1,WANITA,Flexi Berkah,,10,3093,4640,6186,7500,8700,10150,14500,21750,29000,135300
USD,1,WANITA,Flexi Berkah,,15,2164,3246,4328,5410,6492,7500,10145,15218,20290,94700
USD,1,WANITA,Flexi Cermat,15,5,16619,24929,33238,41548,49857,58167,83095,124643,166190,830950
USD,1,WANITA,Flexi Cermat,,10,8556,12834,17112,21390,25668,29946,42780,64170,85560,427800
USD,1,WANITA,Flexi Cermat,25,5,11786,17679,23572,29465,35358,41251,58930,82500,110000,550000
USD,1,WANITA,Flexi Cermat,,10,6529,9182,12242,15303,18363,21424,30605,45908,61210,285650
USD,1,WANITA,Flexi Cermat,,15,4118,6177,7722,9653,11583,13514,19305,28958,38610,180200
USD,1,WANITA,Flexi Cermat,35,5,8318,12477,16636,20795,24954,29113,41590,62385,77630,388150
USD,1,WANITA,Flexi Cermat,,10,4253,6380,7974,9968,11961,13955,19935,29903,39870,186050
USD,1,WANITA,Flexi Cermat,,15,2873,4310,5746,7183,8079,9426,13465,20198,26930,125700
IDR,2,PRIA,Flexi Amanah,YRT,1,-,-,-,-,-,-,-,-,-,-
IDR,2,PRIA,Flexi Amanah,5,5,-,-,-,-,-,-,-,-,-,-
IDR,2,PRIA,Flexi Amanah,10,10,-,-,-,-,-,-,-,-,-,-
IDR,2,PRIA,Flexi Berkah,108,5,18.0,24.0,32.0,40.0,48.0,56.0,75.0,112.4,149.9,700.0
IDR,2,PRIA,Flexi Berkah,,10,9.4,12.6,16.9,19.2,22.5,26.3,37.5,56.3,75.0,351.5
IDR,2,PRIA,Flexi Berkah,,15,6.8,10.2,12.2,15.3,18.3,19.2,27.2,40.7,54.3,254.5
IDR,2,PRIA,Flexi Cermat,15,5,138.2,207.3,276.4,345.6,414.7,483.8,691.1,1,036.7,1,382.2,6,911.0
IDR,2,PRIA,Flexi Cermat,,10,71.5,107.3,143.0,178.8,214.6,250.3,357.6,536.4,715.2,3,576.0
IDR,2,PRIA,Flexi Cermat,25,5,81.2,121.8,162.4,203.0,243.6,284.2,406.1,609.1,758.0,3,790.0
IDR,2,PRIA,Flexi Cermat,,10,45.8,68.8,86.0,107.5,128.9,150.4,214.9,322.4,429.8,2,005.5
IDR,2,PRIA,Flexi Cermat,,15,31.2,46.8,62.4,75.0,87.8,102.4,146.4,219.5,292.7,1,365.5
IDR,2,PRIA,Flexi Cermat,35,5,47.5,71.2,89.0,111.3,133.5,155.8,222.6,333.8,445.1,2,077.5
IDR,2,PRIA,Flexi Cermat,,10,26.8,40.2,53.6,67.0,75.4,88.0,125.7,188.5,251.3,1,173.0
IDR,2,PRIA,Flexi Cermat,,15,19.3,29.0,38.6,48.3,58.0,67.6,90.6,135.8,181.1,845.5
USD,2,PRIA,Flexi Amanah,YRT,1,-,-,-,-,-,-,-,-,-,-
USD,2,PRIA,Flexi Amanah,5,5,-,-,-,-,-,-,-,-,-,-
USD,2,PRIA,Flexi Amanah,10,10,-,-,-,-,-,-,-,-,-,-
USD,2,PRIA,Flexi Berkah,108,5,7500,10661,14214,17768,21321,24875,35535,53303,70000,331650
USD,2,PRIA,Flexi Berkah,,10,3702,5553,7404,8675,10410,12145,17350,26025,34700,161950
USD,2,PRIA,Flexi Berkah,,15,2682,4023,5364,6705,7545,8803,12575,18863,25150,117350
USD,2,PRIA,Flexi Cermat,15,5,16740,25110,33480,41850,50220,58590,83700,125550,167400,837000
USD,2,PRIA,Flexi Cermat,,10,8653,12980,17306,21633,25959,30286,43265,64898,86530,432650
USD,2,PRIA,Flexi Cermat,25,5,12191,18287,24382,30478,36573,42669,60955,85343,113790,568950
USD,2,PRIA,Flexi Cermat,,10,6656,9360,12480,15600,18720,21840,31200,46800,62400,291200
USD,2,PRIA,Flexi Cermat,,15,4194,6291,7864,9830,11796,13762,19660,29490,39320,183500
USD,2,PRIA,Flexi Cermat,35,5,8582,12873,17164,21455,25746,30037,42910,64365,80100,400500
USD,2,PRIA,Flexi Cermat,,10,4404,6606,8258,10323,12387,14452,20645,30968,41290,192700
USD,2,PRIA,Flexi Cermat,,15,2966,4449,5932,7415,8343,9734,13905,20858,27810,129800
IDR,2,WANITA,Flexi Amanah,YRT,1,-,-,-,-,-,-,-,-,-,-
IDR,2,WANITA,Flexi Amanah,5,5,-,-,-,-,-,-,-,-,-,-
IDR,2,WANITA,Flexi Amanah,10,10,-,-,-,-,-,-,-,-,-,-
IDR,2,WANITA,Flexi Berkah,108,5,15.4,20.5,27.3,34.2,41.0,47.8,68.3,96.0,128.0,640.0
IDR,2,WANITA,Flexi Berkah,,10,8.0,10.8,14.4,18.0,19.2,22.4,32.0,48.0,64.0,300.0
IDR,2,WANITA,Flexi Berkah,,15,5.6,8.4,10.8,12.7,15.2,17.7,22.5,33.8,45.0,211.0
IDR,2,WANITA,Flexi Cermat,15,5,130.8,196.2,261.6,327.0,392.4,457.8,654.1,981.1,1,308.1,6,540.5
IDR,2,WANITA,Flexi Cermat,,10,69.4,104.1,138.9,173.6,208.3,243.0,347.2,520.7,694.3,3,471.5
IDR,2,WANITA,Flexi Cermat,25,5,80.7,121.1,161.4,201.8,242.1,282.5,403.6,605.3,753.3,3,766.5
IDR,2,WANITA,Flexi Cermat,,10,44.1,66.2,82.7,103.4,124.0,144.7,206.7,310.1,413.4,1,929.0
IDR,2,WANITA,Flexi Cermat,,15,30.3,45.5,60.6,75.0,85.3,99.5,142.2,213.2,284.3,1,326.5
IDR,2,WANITA,Flexi Cermat,35,5,46.9,70.4,88.0,110.0,132.0,154.0,220.0,329.9,439.9,2,053.0
IDR,2,WANITA,Flexi Cermat,,10,25.7,38.6,51.4,64.3,75.0,84.3,120.5,180.7,240.9,1,124.0
IDR,2,WANITA,Flexi Cermat,,15,18.5,24.6,32.8,41.0,49.2,57.4,76.9,115.4,153.8,718.0
USD,2,WANITA,Flexi Amanah,YRT,1,-,-,-,-,-,-,-,-,-,-
USD,2,WANITA,Flexi Amanah,5,5,-,-,-,-,-,-,-,-,-,-
USD,2,WANITA,Flexi Amanah,10,10,-,-,-,-,-,-,-,-,-,-
USD,2,WANITA,Flexi Berkah,108,5,6472,9102,12136,15170,18204,21238,30340,45510,60680,283150
USD,2,WANITA,Flexi Berkah,,10,3160,4740,6320,7500,8889,10371,14815,22223,29630,138250
USD,2,WANITA,Flexi Berkah,,15,2222,3333,4444,5555,6666,7500,10420,15630,20840,97250
USD,2,WANITA,Flexi Cermat,15,5,16630,24945,33260,41575,49890,58205,83150,124725,166300,831500
USD,2,WANITA,Flexi Cermat,,10,8563,12845,17126,21408,25689,29971,42815,64223,85630,428150
USD,2,WANITA,Flexi Cermat,25,5,11767,17651,23534,29418,35301,41185,58835,82365,109820,549100
USD,2,WANITA,Flexi Cermat,,10,6518,9165,12220,15275,18330,21385,30550,45825,61100,285150
USD,2,WANITA,Flexi Cermat,,15,4115,6173,7716,9645,11574,13503,19290,28935,38580,180050
USD,2,WANITA,Flexi Cermat,35,5,8302,12453,16604,20755,24906,29057,41510,62265,77480,387400
USD,2,WANITA,Flexi Cermat,,10,4241,6362,7952,9940,11928,13916,19880,29820,39760,185550
USD,2,WANITA,Flexi Cermat,,15,2868,4302,5736,7170,8067,9412,13445,20168,26890,125500
IDR,3,PRIA,Flexi Amanah,YRT,1,-,-,-,-,-,-,-,-,-,-
IDR,3,PRIA,Flexi Amanah,5,5,-,-,-,-,-,-,-,-,-,-
IDR,3,PRIA,Flexi Amanah,10,10,-,-,-,-,-,-,-,-,-,-
IDR,3,PRIA,Flexi Berkah,107,5,18.4,24.5,32.7,40.9,49.0,57.2,76.6,114.9,153.2,714.5
IDR,3,PRIA,Flexi Berkah,,10,9.6,12.9,17.2,19.2,23.0,26.8,38.3,57.5,75.0,359.0
IDR,3,PRIA,Flexi Berkah,,15,7.0,10.4,12.5,15.7,18.8,19.5,27.9,41.8,55.7,261.0
IDR,3,PRIA,Flexi Cermat,15,5,138.4,207.5,276.7,345.9,415.1,484.2,691.8,1,037.6,1,383.5,6,917.5
IDR,3,PRIA,Flexi Cermat,,10,71.7,107.5,143.3,179.2,215.0,250.8,358.3,537.5,716.6,3,583.0
IDR,3,PRIA,Flexi Cermat,25,5,81.1,121.7,162.2,202.8,243.3,283.9,405.6,608.3,757.0,3,785.0
IDR,3,PRIA,Flexi Cermat,,10,45.8,68.7,85.8,107.3,128.8,150.2,214.6,321.9,429.2,2,002.5
IDR,3,PRIA,Flexi Cermat,,15,31.1,46.7,62.3,75.0,87.6,102.2,146.0,219.0,292.0,1,362.5
IDR,3,PRIA,Flexi Cermat,35,5,47.4,71.1,88.9,111.2,133.4,155.6,222.3,333.5,444.6,2,075.0
IDR,3,PRIA,Flexi Cermat,,10,26.8,40.1,53.5,66.9,75.3,87.8,125.5,188.2,250.9,1,171.0
IDR,3,PRIA,Flexi Cermat,,15,19.3,28.9,38.6,48.2,57.8,67.5,90.4,135.6,180.8,843.5
USD,3,PRIA,Flexi Amanah,YRT,1,-,-,-,-,-,-,-,-,-,-
USD,3,PRIA,Flexi Amanah,5,5,-,-,-,-,-,-,-,-,-,-
USD,3,PRIA,Flexi Amanah,10,10,-,-,-,-,-,-,-,-,-,-
USD,3,PRIA,Flexi Berkah,107,5,7500,10887,14516,18145,21774,25403,36290,54435,70000,338700
USD,3,PRIA,Flexi Berkah,,10,3780,5670,7500,8860,10632,12404,17720,26580,35440,165400
USD,3,PRIA,Flexi Berkah,,15,2749,4124,5498,6873,7731,9020,12885,19328,25770,120250
USD,3,PRIA,Flexi Cermat,15,5,16741,25112,33482,41853,50223,58594,83705,125558,167410,837050
USD,3,PRIA,Flexi Cermat,,10,8659,12989,17318,21648,25977,30307,43295,64943,86590,432950
USD,3,PRIA,Flexi Cermat,25,5,12175,18263,24350,30438,36525,42613,60875,85223,113630,568150
USD,3,PRIA,Flexi Cermat,,10,6647,9348,12464,15580,18696,21812,31160,46740,62320,290800
USD,3,PRIA,Flexi Cermat,,15,4185,6278,7846,9808,11769,13731,19615,29423,39230,183100
USD,3,PRIA,Flexi Cermat,35,5,8562,12843,17124,21405,25686,29967,42810,64215,79910,399550
USD,3,PRIA,Flexi Cermat,,10,4394,6591,8238,10298,12357,14417,20595,30893,41190,192200
USD,3,PRIA,Flexi Cermat,,15,2959,4439,5918,7398,8322,9709,13870,20805,27740,129450
IDR,3,WANITA,Flexi Amanah,YRT,1,-,-,-,-,-,-,-,-,-,-
IDR,3,WANITA,Flexi Amanah,5,5,-,-,-,-,-,-,-,-,-,-
IDR,3,WANITA,Flexi Amanah,10,10,-,-,-,-,-,-,-,-,-,-
IDR,3,WANITA,Flexi Berkah,107,5,15.7,20.9,27.9,34.9,41.8,48.8,69.7,98.0,130.7,653.5
IDR,3,WANITA,Flexi Berkah,,10,8.2,11.0,14.7,18.4,19.6,22.9,32.7,49.1,65.4,306.5
IDR,3,WANITA,Flexi Berkah,,15,5.8,8.7,10.8,13.0,15.6,18.2,23.1,34.7,46.2,216.5
IDR,3,WANITA,Flexi Cermat,15,5,130.9,196.4,261.8,327.3,392.8,458.2,654.6,981.9,1,309.2,6,546.0
IDR,3,WANITA,Flexi Cermat,,10,69.6,104.4,139.1,173.9,208.7,243.5,347.9,521.8,695.7,3,478.5
IDR,3,WANITA,Flexi Cermat,25,5,80.7,121.0,161.3,201.7,242.0,282.3,403.3,605.0,752.9,3,764.5
IDR,3,WANITA,Flexi Cermat,,10,44.1,66.1,82.6,103.3,123.9,144.6,206.6,309.8,413.1,1,928.0
IDR,3,WANITA,Flexi Cermat,,15,30.3,45.5,60.6,75.0,85.2,99.4,142.0,213.0,284.0,1,325.5
IDR,3,WANITA,Flexi Cermat,35,5,46.9,70.3,87.9,109.9,131.9,153.8,219.8,329.6,439.5,2,051.0
IDR,3,WANITA,Flexi Cermat,,10,25.7,38.6,51.4,64.3,75.0,84.4,120.5,180.8,241.0,1,124.5
IDR,3,WANITA,Flexi Cermat,,15,18.4,24.6,32.8,41.0,49.2,57.4,76.9,115.3,153.7,717.0
USD,3,WANITA,Flexi Amanah,YRT,1,-,-,-,-,-,-,-,-,-,-
USD,3,WANITA,Flexi Amanah,5,5,-,-,-,-,-,-,-,-,-,-
USD,3,WANITA,Flexi Amanah,10,10,-,-,-,-,-,-,-,-,-,-
USD,3,WANITA,Flexi Berkah,107,5,6610,9296,12394,15493,18591,21690,30985,46478,61970,289200
USD,3,WANITA,Flexi Berkah,,10,3227,4841,6454,7565,9078,10591,15130,22695,30260,141200
USD,3,WANITA,Flexi Berkah,,15,2281,3422,4562,5703,6843,7500,10690,16035,21380,99800
USD,3,WANITA,Flexi Cermat,15,5,16640,24960,33280,41600,49920,58240,83200,124800,166400,832000
USD,3,WANITA,Flexi Cermat,,10,8569,12854,17138,21423,25707,29992,42845,64268,85690,428450
USD,3,WANITA,Flexi Cermat,25,5,11749,17624,23498,29373,35247,41122,58745,82245,109660,548300
USD,3,WANITA,Flexi Cermat,,10,6506,9150,12200,15250,18300,21350,30500,45750,61000,284650
USD,3,WANITA,Flexi Cermat,,15,4111,6167,7708,9635,11562,13489,19270,28905,38540,179850
USD,3,WANITA,Flexi Cermat,35,5,8287,12431,16574,20718,24861,29005,41435,62153,77340,386700
USD,3,WANITA,Flexi Cermat,,10,4230,6345,7930,9913,11895,13878,19825,29738,39650,185050
USD,3,WANITA,Flexi Cermat,,15,2863,4295,5726,7158,8052,9394,13420,20130,26840,125250
IDR,4,PRIA,Flexi Amanah,YRT,1,-,-,-,-,-,-,-,-,-,-
IDR,4,PRIA,Flexi Amanah,5,5,-,-,-,-,-,-,-,-,-,-
IDR,4,PRIA,Flexi Amanah,10,10,-,-,-,-,-,-,-,-,-,-
IDR,4,PRIA,Flexi Berkah,106,5,18.8,25.0,33.3,41.7,50.0,58.3,78.2,117.2,156.3,729.5
IDR,4,PRIA,Flexi Berkah,,10,9.8,13.2,17.6,19.6,23.5,27.4,39.1,58.7,75.0,366.5
IDR,4,PRIA,Flexi Berkah,,15,7.1,10.7,12.8,16.1,19.2,20.0,28.5,42.8,57.0,267.5
IDR,4,PRIA,Flexi Cermat,15,5,138.5,207.7,276.9,346.2,415.4,484.6,692.4,1,038.5,1,384.7,6,923.5
IDR,4,PRIA,Flexi Cermat,,10,71.8,107.7,143.6,179.5,215.4,251.3,359.0,538.5,718.0,3,590.0
IDR,4,PRIA,Flexi Cermat,25,5,81.0,121.5,162.0,202.5,243.0,283.5,405.0,607.4,755.9,3,779.5
IDR,4,PRIA,Flexi Cermat,,10,45.7,68.6,85.7,107.2,128.6,150.0,214.3,321.5,428.6,2,000.0
IDR,4,PRIA,Flexi Cermat,,15,31.1,46.6,62.1,75.0,87.4,101.9,145.6,218.4,291.2,1,359.0
IDR,4,PRIA,Flexi Cermat,35,5,47.4,71.0,88.8,111.0,133.2,155.4,222.0,333.0,444.0,2,072.0
IDR,4,PRIA,Flexi Cermat,,10,26.7,40.1,53.4,66.8,75.1,87.6,125.2,187.8,250.4,1,168.5
IDR,4,PRIA,Flexi Cermat,,15,19.2,28.9,38.5,48.1,57.7,67.3,90.2,135.3,180.4,842.0
USD,4,PRIA,Flexi Amanah,YRT,1,-,-,-,-,-,-,-,-,-,-
USD,4,PRIA,Flexi Amanah,5,5,-,-,-,-,-,-,-,-,-,-
USD,4,PRIA,Flexi Amanah,10,10,-,-,-,-,-,-,-,-,-,-
USD,4,PRIA,Flexi Berkah,106,5,7500,11114,14818,18523,22227,25932,37045,55568,70000,345750
USD,4,PRIA,Flexi Berkah,,10,3859,5789,7500,9045,10854,12663,18090,27135,36180,168850
USD,4,PRIA,Flexi Berkah,,15,2815,4223,5630,7038,7917,9237,13195,19793,26390,123150
USD,4,PRIA,Flexi Cermat,15,5,16742,25113,33484,41855,50226,58597,83710,125565,167420,837100
USD,4,PRIA,Flexi Cermat,,10,8665,12998,17330,21663,25995,30328,43325,64988,86650,433250
USD,4,PRIA,Flexi Cermat,25,5,12159,18239,24318,30398,36477,42557,60795,85110,113480,567400
USD,4,PRIA,Flexi Cermat,,10,6638,9335,12446,15558,18669,21781,31115,46673,62230,290400
USD,4,PRIA,Flexi Cermat,,15,4175,6263,7828,9785,11742,13699,19570,29355,39140,182650
USD,4,PRIA,Flexi Cermat,35,5,8542,12813,17084,21355,25626,29897,42710,64065,79720,398600
USD,4,PRIA,Flexi Cermat,,10,4383,6575,8218,10273,12327,14382,20545,30818,41090,191750
USD,4,PRIA,Flexi Cermat,,15,2952,4428,5904,7380,8304,9688,13840,20760,27680,129150
IDR,4,WANITA,Flexi Amanah,YRT,1,-,-,-,-,-,-,-,-,-,-
IDR,4,WANITA,Flexi Amanah,5,5,-,-,-,-,-,-,-,-,-,-
IDR,4,WANITA,Flexi Amanah,10,10,-,-,-,-,-,-,-,-,-,-
IDR,4,WANITA,Flexi Berkah,106,5,16.0,21.3,28.5,35.6,42.7,49.8,71.2,100.1,133.4,667.0
IDR,4,WANITA,Flexi Berkah,,10,8.3,11.3,15.0,18.8,20.0,23.3,33.4,50.0,66.7,313.0
IDR,4,WANITA,Flexi Berkah,,15,5.9,8.9,10.8,13.3,16.0,18.7,23.7,35.6,47.4,222.0
IDR,4,WANITA,Flexi Cermat,15,5,131.0,196.6,262.1,327.6,393.1,458.6,655.2,982.8,1,310.4,6,552.0
IDR,4,WANITA,Flexi Cermat,,10,69.7,104.6,139.4,174.3,209.1,244.0,348.6,522.8,697.1,3,485.5
IDR,4,WANITA,Flexi Cermat,25,5,80.6,120.9,161.2,201.5,241.8,282.1,403.1,604.6,752.4,3,762.0
IDR,4,WANITA,Flexi Cermat,,10,44.0,66.0,82.6,103.2,123.8,144.5,206.4,309.6,412.8,1,926.5
IDR,4,WANITA,Flexi Cermat,,15,30.3,45.4,60.5,75.0,85.1,99.3,141.9,212.8,283.7,1,324.0
IDR,4,WANITA,Flexi Cermat,35,5,46.8,70.3,87.8,109.8,131.7,153.7,219.6,329.3,439.1,2,049.5
IDR,4,WANITA,Flexi Cermat,,10,25.7,38.6,51.4,64.3,75.0,84.4,120.6,180.8,241.1,1,125.5
IDR,4,WANITA,Flexi Cermat,,15,18.4,24.6,32.8,41.0,49.1,57.3,76.8,115.1,153.5,716.5
USD,4,WANITA,Flexi Amanah,YRT,1,-,-,-,-,-,-,-,-,-,-
USD,4,WANITA,Flexi Amanah,5,5,-,-,-,-,-,-,-,-,-,-
USD,4,WANITA,Flexi Amanah,10,10,-,-,-,-,-,-,-,-,-,-
USD,4,WANITA,Flexi Berkah,106,5,6748,9489,12652,15815,18978,22141,31630,47445,63260,295250
USD,4,WANITA,Flexi Berkah,,10,3295,4943,6590,7723,9267,10812,15445,23168,30890,144150
USD,4,WANITA,Flexi Berkah,,15,2339,3509,4678,5848,7017,7676,10965,16448,21930,102350
USD,4,WANITA,Flexi Cermat,15,5,16651,24977,33302,41628,49953,58279,83255,124883,166510,832550
USD,4,WANITA,Flexi Cermat,,10,8575,12863,17150,21438,25725,30013,42875,64313,85750,428750
USD,4,WANITA,Flexi Cermat,25,5,11730,17595,23460,29325,35190,41055,58650,82110,109480,547400
USD,4,WANITA,Flexi Cermat,,10,6496,9135,12180,15225,18270,21315,30450,45675,60900,284200
USD,4,WANITA,Flexi Cermat,,15,4108,6162,7702,9628,11553,13479,19255,28883,38510,179750
USD,4,WANITA,Flexi Cermat,35,5,8272,12408,16544,20680,24816,28952,41360,62040,77200,386000
USD,4,WANITA,Flexi Cermat,,10,4218,6327,7908,9885,11862,13839,19770,29655,39540,184500
USD,4,WANITA,Flexi Cermat,,15,2858,4287,5716,7145,8040,9380,13400,20100,26800,125050
IDR,5,PRIA,Flexi Amanah,YRT,1,-,-,-,-,-,-,-,-,-,-
IDR,5,PRIA,Flexi Amanah,5,5,-,-,-,-,-,-,-,-,-,-
IDR,5,PRIA,Flexi Amanah,10,10,-,-,-,-,-,-,-,-,-,-
IDR,5,PRIA,Flexi Berkah,105,5,19.1,25.5,34.0,42.6,51.1,59.6,79.8,119.6,159.5,744.5
IDR,5,PRIA,Flexi Berkah,,10,10.0,13.5,17.9,20.0,23.9,27.9,39.9,59.9,75.0,374.0
IDR,5,PRIA,Flexi Berkah,,15,7.3,10.8,13.1,16.4,19.2,20.4,29.2,43.8,58.4,274.0
IDR,5,PRIA,Flexi Cermat,15,5,138.6,207.9,277.2,346.5,415.8,485.1,693.0,1,039.4,1,385.9,6,929.5
IDR,5,PRIA,Flexi Cermat,,10,71.9,107.9,143.9,179.9,215.8,251.8,359.7,539.6,719.4,3,597.0
IDR,5,PRIA,Flexi Cermat,25,5,80.9,121.3,161.8,202.2,242.7,283.1,404.5,606.7,755.0,3,775.0
IDR,5,PRIA,Flexi Cermat,,10,45.7,68.5,85.6,107.0,128.4,149.8,214.0,321.0,428.0,1,997.0
IDR,5,PRIA,Flexi Cermat,,15,31.0,46.5,62.0,75.0,87.2,101.7,145.3,218.0,290.6,1,356.0
IDR,5,PRIA,Flexi Cermat,35,5,47.3,71.0,88.7,110.9,133.1,155.2,221.8,332.6,443.5,2,069.5
IDR,5,PRIA,Flexi Cermat,,10,26.7,40.0,53.3,66.7,75.0,87.5,125.0,187.5,250.0,1,166.5
IDR,5,PRIA,Flexi Cermat,,15,19.2,25.6,34.1,42.7,51.2,59.7,80.0,120.0,160.0,746.5
USD,5,PRIA,Flexi Amanah,YRT,1,-,-,-,-,-,-,-,-,-,-
USD,5,PRIA,Flexi Amanah,5,5,-,-,-,-,-,-,-,-,-,-
USD,5,PRIA,Flexi Amanah,10,10,-,-,-,-,-,-,-,-,-,-
USD,5,PRIA,Flexi Berkah,105,5,7561,11342,15122,18903,22683,26464,37805,56708,70570,352850
USD,5,PRIA,Flexi Berkah,,10,3938,5907,7500,9230,11076,12922,18460,27690,36920,172250
USD,5,PRIA,Flexi Berkah,,15,2882,4323,5764,7205,8106,9457,13510,20265,27020,126050
USD,5,PRIA,Flexi Cermat,15,5,16743,25115,33486,41858,50229,58601,83715,125573,167430,837150
USD,5,PRIA,Flexi Cermat,,10,8672,13008,17344,21680,26016,30352,43360,65040,86720,433600
USD,5,PRIA,Flexi Cermat,25,5,12143,18215,24286,30358,36429,42501,60715,84998,113330,566650
USD,5,PRIA,Flexi Cermat,,10,6628,9321,12428,15535,18642,21749,31070,46605,62140,290000
USD,5,PRIA,Flexi Cermat,,15,4165,6248,7810,9763,11715,13668,19525,29288,39050,182200
USD,5,PRIA,Flexi Cermat,35,5,8522,12783,17044,21305,25566,29827,42610,63915,79530,397650
USD,5,PRIA,Flexi Cermat,,10,4373,6560,8200,10250,12300,14350,20500,30750,41000,191300
USD,5,PRIA,Flexi Cermat,,15,2946,4419,5892,7365,8286,9667,13810,20715,27620,128850
IDR,5,WANITA,Flexi Amanah,YRT,1,-,-,-,-,-,-,-,-,-,-
IDR,5,WANITA,Flexi Amanah,5,5,-,-,-,-,-,-,-,-,-,-
IDR,5,WANITA,Flexi Amanah,10,10,-,-,-,-,-,-,-,-,-,-
IDR,5,WANITA,Flexi Berkah,105,5,16.3,21.8,29.1,36.3,43.6,50.9,72.7,102.2,136.2,681.0
IDR,5,WANITA,Flexi Berkah,,10,8.5,11.5,15.3,19.2,20.4,23.8,34.1,51.1,68.1,319.0
IDR,5,WANITA,Flexi Berkah,,15,6.1,9.1,10.9,13.7,16.4,19.1,24.3,36.5,48.6,227.5
IDR,5,WANITA,Flexi Cermat,15,5,131.2,196.7,262.3,327.9,393.5,459.0,655.8,983.6,1,311.5,6,557.5
IDR,5,WANITA,Flexi Cermat,,10,69.9,104.8,139.7,174.6,209.6,244.5,349.3,523.9,698.5,3,492.5
IDR,5,WANITA,Flexi Cermat,25,5,80.6,120.8,161.1,201.4,241.7,282.0,402.8,604.2,751.9,3,759.5
IDR,5,WANITA,Flexi Cermat,,10,44.0,66.0,82.5,103.1,123.8,144.4,206.3,309.4,412.5,1,925.0
IDR,5,WANITA,Flexi Cermat,,15,30.2,45.4,60.5,75.0,85.1,99.2,141.8,212.6,283.5,1,323.0
IDR,5,WANITA,Flexi Cermat,35,5,46.8,70.2,87.8,109.7,131.6,153.6,219.4,329.1,438.8,2,047.5
IDR,5,WANITA,Flexi Cermat,,10,25.7,38.6,51.5,64.3,75.0,84.4,120.6,180.9,241.2,1,125.5
IDR,5,WANITA,Flexi Cermat,,15,18.4,24.5,32.7,40.9,49.1,57.2,76.7,115.0,153.3,715.5
USD,5,WANITA,Flexi Amanah,YRT,1,-,-,-,-,-,-,-,-,-,-
USD,5,WANITA,Flexi Amanah,5,5,-,-,-,-,-,-,-,-,-,-
USD,5,WANITA,Flexi Amanah,10,10,-,-,-,-,-,-,-,-,-,-
USD,5,WANITA,Flexi Berkah,105,5,6886,9683,12910,16138,19365,22593,32275,48413,64550,301250
USD,5,WANITA,Flexi Berkah,,10,3362,5043,6724,7880,9456,11032,15760,23640,31520,147100
USD,5,WANITA,Flexi Berkah,,15,2398,3597,4796,5995,7194,7868,11240,16860,22480,104900
USD,5,WANITA,Flexi Cermat,15,5,16662,24993,33324,41655,49986,58317,83310,124965,166620,833100
USD,5,WANITA,Flexi Cermat,,10,8581,12872,17162,21453,25743,30034,42905,64358,85810,429050
USD,5,WANITA,Flexi Cermat,25,5,11712,17568,23424,29280,35136,40992,58560,81983,109310,546550
USD,5,WANITA,Flexi Cermat,,10,6485,9120,12160,15200,18240,21280,30400,45600,60800,283700
USD,5,WANITA,Flexi Cermat,,15,4105,6158,7696,9620,11544,13468,19240,28860,38480,179600
USD,5,WANITA,Flexi Cermat,35,5,8256,12384,16512,20640,24768,28896,41280,61920,77060,385300
USD,5,WANITA,Flexi Cermat,,10,4206,6309,7886,9858,11829,13801,19715,29573,39430,184000
USD,5,WANITA,Flexi Cermat,,15,2854,4281,5708,7135,8025,9363,13375,20063,26750,124850
IDR,6,PRIA,Flexi Amanah,YRT,1,-,-,-,-,-,-,-,-,-,-
IDR,6,PRIA,Flexi Amanah,5,5,-,-,-,-,-,-,-,-,-,-
IDR,6,PRIA,Flexi Amanah,10,10,-,-,-,-,-,-,-,-,-,-
IDR,6,PRIA,Flexi Berkah,104,5,19.7,29.5,39.3,49.2,59.0,68.8,92.2,138.3,184.4,860.5
IDR,6,PRIA,Flexi Berkah,,10,10.2,13.8,18.4,20.5,24.6,28.7,41.0,61.4,76.8,384.0
IDR,6,PRIA,Flexi Berkah,,15,7.5,10.8,13.5,16.9,19.2,21.0,30.0,44.9,59.9,281.0
IDR,6,PRIA,Flexi Cermat,15,5,138.7,208.1,277.4,346.8,416.1,485.5,693.6,1,040.3,1,387.1,6,935.5
IDR,6,PRIA,Flexi Cermat,,10,72.1,108.1,144.2,180.2,216.3,252.3,360.5,540.7,720.9,3,604.5
IDR,6,PRIA,Flexi Cermat,25,5,80.9,121.4,161.9,202.3,242.8,283.3,404.7,607.0,755.4,3,777.0
IDR,6,PRIA,Flexi Cermat,,10,45.7,68.5,85.6,107.1,128.5,149.9,214.1,321.2,428.2,1,998.0
IDR,6,PRIA,Flexi Cermat,,15,31.0,46.5,62.0,75.0,87.2,101.8,145.4,218.1,290.8,1,357.0
IDR,6,PRIA,Flexi Cermat,35,5,47.3,71.0,88.8,111.0,133.2,155.4,222.0,332.9,443.9,2,071.5
IDR,6,PRIA,Flexi Cermat,,10,26.7,40.1,53.4,66.8,75.1,87.6,125.2,187.7,250.3,1,168.0
IDR,6,PRIA,Flexi Cermat,,15,19.2,28.8,38.4,48.0,57.6,67.2,90.1,135.1,180.1,840.5
USD,6,PRIA,Flexi Amanah,YRT,1,-,-,-,-,-,-,-,-,-,-
USD,6,PRIA,Flexi Amanah,5,5,-,-,-,-,-,-,-,-,-,-
USD,6,PRIA,Flexi Amanah,10,10,-,-,-,-,-,-,-,-,-,-
USD,6,PRIA,Flexi Berkah,104,5,7767,11651,15534,19418,23301,27185,38835,58253,72490,362450
USD,6,PRIA,Flexi Berkah,,10,4046,6069,7586,9483,11379,13276,18965,28448,37930,177000
USD,6,PRIA,Flexi Berkah,,15,2958,4437,5916,7395,8322,9709,13870,20805,27740,129450
USD,6,PRIA,Flexi Cermat,15,5,16752,25128,33504,41880,50256,58632,83760,125640,167520,837600
USD,6,PRIA,Flexi Cermat,,10,8678,13017,17356,21695,26034,30373,43390,65085,86780,433900
USD,6,PRIA,Flexi Cermat,25,5,12149,18224,24298,30373,36447,42522,60745,85043,113390,566950
USD,6,PRIA,Flexi Cermat,,10,6632,9327,12436,15545,18654,21763,31090,46635,62180,290150
USD,6,PRIA,Flexi Cermat,,15,4168,6252,7816,9770,11724,13678,19540,29310,39080,182350
USD,6,PRIA,Flexi Cermat,35,5,8534,12801,17068,21335,25602,29869,42670,64005,79650,398250
USD,6,PRIA,Flexi Cermat,,10,4380,6570,8212,10265,12318,14371,20530,30795,41060,191650
USD,6,PRIA,Flexi Cermat,,15,2949,4424,5898,7373,8295,9678,13825,20738,27650,129000
IDR,6,WANITA,Flexi Amanah,YRT,1,-,-,-,-,-,-,-,-,-,-
IDR,6,WANITA,Flexi Amanah,5,5,-,-,-,-,-,-,-,-,-,-
IDR,6,WANITA,Flexi Amanah,10,10,-,-,-,-,-,-,-,-,-,-
IDR,6,WANITA,Flexi Berkah,104,5,16.8,22.4,29.9,37.4,44.8,52.3,74.7,105.0,140.0,700.0
IDR,6,WANITA,Flexi Berkah,,10,8.8,11.8,15.8,19.2,21.0,24.5,35.0,52.5,70.0,328.0
IDR,6,WANITA,Flexi Berkah,,15,6.2,9.4,11.2,14.1,16.9,19.2,25.0,37.4,49.9,234.0
IDR,6,WANITA,Flexi Cermat,15,5,131.3,196.9,262.5,328.2,393.8,459.4,656.4,984.5,1,312.7,6,563.5
IDR,6,WANITA,Flexi Cermat,,10,70.0,105.0,140.0,175.0,210.0,245.0,350.0,524.9,699.9,3,499.5
IDR,6,WANITA,Flexi Cermat,25,5,80.6,120.9,161.1,201.4,241.7,282.0,402.9,604.3,751.9,3,759.5
IDR,6,WANITA,Flexi Cermat,,10,44.0,66.0,82.6,103.2,123.8,144.5,206.4,309.6,412.8,1,926.5
IDR,6,WANITA,Flexi Cermat,,15,30.3,45.4,60.5,75.0,85.1,99.3,141.8,212.7,283.6,1,323.5
IDR,6,WANITA,Flexi Cermat,35,5,46.8,70.2,87.8,109.8,131.7,153.7,219.5,329.3,439.0,2,048.5
IDR,6,WANITA,Flexi Cermat,,10,25.8,38.7,51.6,64.5,75.0,84.6,120.9,181.4,241.8,1,128.5
IDR,6,WANITA,Flexi Cermat,,15,18.4,24.6,32.8,41.0,49.1,57.3,76.8,115.1,153.5,716.5
USD,6,WANITA,Flexi Amanah,YRT,1,-,-,-,-,-,-,-,-,-,-
USD,6,WANITA,Flexi Amanah,5,5,-,-,-,-,-,-,-,-,-,-
USD,6,WANITA,Flexi Amanah,10,10,-,-,-,-,-,-,-,-,-,-
USD,6,WANITA,Flexi Berkah,104,5,7078,9953,13270,16588,19905,23223,33175,49763,66350,309650
USD,6,WANITA,Flexi Berkah,,10,3456,5184,6912,8100,9720,11340,16200,24300,32400,151200
USD,6,WANITA,Flexi Berkah,,15,2463,3695,4926,6158,7389,8082,11545,17318,23090,107750
USD,6,WANITA,Flexi Cermat,15,5,16673,25010,33346,41683,50019,58356,83365,125048,166730,833650
USD,6,WANITA,Flexi Cermat,,10,8588,12882,17176,21470,25764,30058,42940,64410,85880,429400
USD,6,WANITA,Flexi Cermat,25,5,11724,17586,23448,29310,35172,41034,58620,82065,109420,547100
USD,6,WANITA,Flexi Cermat,,10,6490,9126,12168,15210,18252,21294,30420,45630,60840,283900
USD,6,WANITA,Flexi Cermat,,15,4105,6158,7696,9620,11544,13468,19240,28860,38480,179600
USD,6,WANITA,Flexi Cermat,35,5,8270,12405,16540,20675,24810,28945,41350,62025,77190,385950
USD,6,WANITA,Flexi Cermat,,10,4221,6332,7914,9893,11871,13850,19785,29678,39570,184650
USD,6,WANITA,Flexi Cermat,,15,2863,4295,5726,7158,8052,9394,13420,20130,26840,125250
IDR,7,PRIA,Flexi Amanah,YRT,1,-,-,-,-,-,-,-,-,-,-
IDR,7,PRIA,Flexi Amanah,5,5,-,-,-,-,-,-,-,-,-,-
IDR,7,PRIA,Flexi Amanah,10,10,-,-,-,-,-,-,-,-,-,-
IDR,7,PRIA,Flexi Berkah,103,5,20.2,30.3,40.4,50.5,60.5,70.6,94.6,141.9,189.2,883.0
IDR,7,PRIA,Flexi Berkah,,10,10.5,14.2,18.9,21.0,25.2,29.4,42.1,63.1,78.8,394.0
IDR,7,PRIA,Flexi Berkah,,15,7.7,10.8,13.8,17.3,19.2,21.5,30.7,46.1,61.4,288.0
IDR,7,PRIA,Flexi Cermat,15,5,138.8,208.2,277.7,347.1,416.5,485.9,694.2,1,041.2,1,388.3,6,941.5
IDR,7,PRIA,Flexi Cermat,,10,72.2,108.3,144.5,180.6,216.7,252.8,361.2,541.7,722.3,3,611.5
IDR,7,PRIA,Flexi Cermat,25,5,81.0,121.5,161.9,202.4,242.9,283.4,404.9,607.3,755.7,3,778.5
IDR,7,PRIA,Flexi Cermat,,10,45.7,68.6,85.7,107.1,128.6,150.0,214.3,321.4,428.5,1,999.5
IDR,7,PRIA,Flexi Cermat,,15,31.0,46.6,62.1,75.0,87.3,101.9,145.5,218.3,291.0,1,358.0
IDR,7,PRIA,Flexi Cermat,35,5,47.4,71.1,88.8,111.1,133.3,155.5,222.1,333.2,444.2,2,073.0
IDR,7,PRIA,Flexi Cermat,,10,26.7,40.1,53.4,66.8,75.2,87.7,125.3,187.9,250.5,1,169.0
IDR,7,PRIA,Flexi Cermat,,15,19.2,28.8,38.4,48.0,57.6,67.2,90.1,135.1,180.1,840.5
USD,7,PRIA,Flexi Amanah,YRT,1,-,-,-,-,-,-,-,-,-,-
USD,7,PRIA,Flexi Amanah,5,5,-,-,-,-,-,-,-,-,-,-
USD,7,PRIA,Flexi Amanah,10,10,-,-,-,-,-,-,-,-,-,-
USD,7,PRIA,Flexi Berkah,103,5,7973,11960,15946,19933,23919,27906,39865,59798,74420,372100
USD,7,PRIA,Flexi Berkah,,10,4153,6230,7786,9733,11679,13626,19465,29198,38930,181700
USD,7,PRIA,Flexi Berkah,,15,3035,4553,6070,7500,8538,9961,14230,21345,28460,132800
USD,7,PRIA,Flexi Cermat,15,5,16761,25142,33522,41903,50283,58664,83805,125708,167610,838050
USD,7,PRIA,Flexi Cermat,,10,8684,13026,17368,21710,26052,30394,43420,65130,86840,434200
USD,7,PRIA,Flexi Cermat,25,5,12155,18233,24310,30388,36465,42543,60775,85088,113450,567250
USD,7,PRIA,Flexi Cermat,,10,6636,9332,12442,15553,18663,21774,31105,46658,62210,290350
USD,7,PRIA,Flexi Cermat,,15,4171,6257,7822,9778,11733,13689,19555,29333,39110,182500
USD,7,PRIA,Flexi Cermat,35,5,8547,12821,17094,21368,25641,29915,42735,64103,79770,398850
USD,7,PRIA,Flexi Cermat,,10,4386,6579,8224,10280,12336,14392,20560,30840,41120,191900
USD,7,PRIA,Flexi Cermat,,15,2953,4430,5906,7383,8304,9688,13840,20760,27680,129200
IDR,7,WANITA,Flexi Amanah,YRT,1,-,-,-,-,-,-,-,-,-,-
IDR,7,WANITA,Flexi Amanah,5,5,-,-,-,-,-,-,-,-,-,-
IDR,7,WANITA,Flexi Amanah,10,10,-,-,-,-,-,-,-,-,-,-
IDR,7,WANITA,Flexi Berkah,103,5,17.3,23.0,30.7,38.4,46.0,53.7,75.0,107.9,143.8,700.0
IDR,7,WANITA,Flexi Berkah,,10,9.0,12.1,16.2,19.2,21.6,25.2,36.0,53.9,71.9,337.0
IDR,7,WANITA,Flexi Berkah,,15,6.4,9.6,11.5,14.4,17.3,19.2,25.6,38.4,51.2,240.0
IDR,7,WANITA,Flexi Cermat,15,5,131.4,197.1,262.8,328.5,394.1,459.8,656.9,985.4,1,313.8,6,569.0
IDR,7,WANITA,Flexi Cermat,,10,70.1,105.2,140.3,175.3,210.4,245.5,350.7,526.0,701.3,3,506.5
IDR,7,WANITA,Flexi Cermat,25,5,80.6,120.9,161.2,201.5,241.7,282.0,402.9,604.4,752.1,3,760.5
IDR,7,WANITA,Flexi Cermat,,10,44.1,66.1,82.6,103.3,123.9,144.6,206.6,309.8,413.1,1,928.0
IDR,7,WANITA,Flexi Cermat,,15,30.3,45.4,60.5,75.0,85.1,99.3,141.8,212.7,283.6,1,323.5
IDR,7,WANITA,Flexi Cermat,35,5,46.8,70.3,87.8,109.8,131.7,153.7,219.6,329.3,439.1,2,049.5
IDR,7,WANITA,Flexi Cermat,,10,25.9,38.8,51.7,64.7,75.0,84.9,121.3,181.9,242.5,1,131.5
IDR,7,WANITA,Flexi Cermat,,15,18.4,24.6,32.8,41.0,49.2,57.4,76.9,115.3,153.7,717.0
USD,7,WANITA,Flexi Amanah,YRT,1,-,-,-,-,-,-,-,-,-,-
USD,7,WANITA,Flexi Amanah,5,5,-,-,-,-,-,-,-,-,-,-
USD,7,WANITA,Flexi Amanah,10,10,-,-,-,-,-,-,-,-,-,-
USD,7,WANITA,Flexi Berkah,103,5,7270,10224,13632,17040,20448,23856,34080,51120,68160,318100
USD,7,WANITA,Flexi Berkah,,10,3550,5325,7100,8323,9987,11652,16645,24968,33290,155350
USD,7,WANITA,Flexi Berkah,,15,2528,3792,5056,6320,7500,8295,11850,17775,23700,110600
USD,7,WANITA,Flexi Cermat,15,5,16683,25025,33366,41708,50049,58391,83415,125123,166830,834150
USD,7,WANITA,Flexi Cermat,,10,8594,12891,17188,21485,25782,30079,42970,64455,85940,429700
USD,7,WANITA,Flexi Cermat,25,5,11737,17606,23474,29343,35211,41080,58685,82155,109540,547700
USD,7,WANITA,Flexi Cermat,,10,6494,9134,12178,15223,18267,21312,30445,45668,60890,284150
USD,7,WANITA,Flexi Cermat,,15,4106,6159,7698,9623,11547,13472,19245,28868,38490,179600
USD,7,WANITA,Flexi Cermat,35,5,8284,12426,16568,20710,24852,28994,41420,62130,77320,386600
USD,7,WANITA,Flexi Cermat,,10,4236,6354,7942,9928,11913,13899,19855,29783,39710,185350
USD,7,WANITA,Flexi Cermat,,15,2873,4310,5746,7183,8079,9426,13465,20198,26930,125700
IDR,8,PRIA,Flexi Amanah,YRT,1,-,-,-,-,-,-,-,-,-,-
IDR,8,PRIA,Flexi Amanah,5,5,-,-,-,-,-,-,-,-,-,-
IDR,8,PRIA,Flexi Amanah,10,10,-,-,-,-,-,-,-,-,-,-
IDR,8,PRIA,Flexi Berkah,102,5,20.7,31.1,41.4,51.8,62.1,72.5,97.1,145.7,194.2,906.0
IDR,8,PRIA,Flexi Berkah,,10,10.8,14.6,19.2,21.6,25.9,30.2,43.2,64.7,80.9,404.5
IDR,8,PRIA,Flexi Berkah,,15,7.9,10.8,14.2,17.7,19.2,22.1,31.5,47.3,63.0,295.5
IDR,8,PRIA,Flexi Cermat,15,5,139.0,208.4,277.9,347.4,416.9,486.4,694.8,1,042.2,1,389.6,6,948.0
IDR,8,PRIA,Flexi Cermat,,10,72.4,108.6,144.7,180.9,217.1,253.3,361.9,542.8,723.7,3,618.5
IDR,8,PRIA,Flexi Cermat,25,5,81.0,121.5,162.0,202.6,243.1,283.6,405.1,607.7,756.1,3,780.5
IDR,8,PRIA,Flexi Cermat,,10,45.7,68.6,85.7,107.2,128.6,150.0,214.4,321.5,428.7,2,000.5
IDR,8,PRIA,Flexi Cermat,,15,31.1,46.6,62.1,75.0,87.4,101.9,145.6,218.4,291.2,1,359.0
IDR,8,PRIA,Flexi Cermat,35,5,47.4,71.1,88.9,111.2,133.4,155.6,222.3,333.5,444.6,2,075.0
IDR,8,PRIA,Flexi Cermat,,10,26.8,40.1,53.5,66.9,75.2,87.8,125.4,188.1,250.8,1,170.5
IDR,8,PRIA,Flexi Cermat,,15,19.2,28.8,38.4,48.1,57.7,67.3,90.1,135.2,180.2,840.5
USD,8,PRIA,Flexi Amanah,YRT,1,-,-,-,-,-,-,-,-,-,-
USD,8,PRIA,Flexi Amanah,5,5,-,-,-,-,-,-,-,-,-,-
USD,8,PRIA,Flexi Amanah,10,10,-,-,-,-,-,-,-,-,-,-
USD,8,PRIA,Flexi Berkah,102,5,8180,12270,16360,20450,24540,28630,40900,61350,76350,381750
USD,8,PRIA,Flexi Berkah,,10,4261,6392,7990,9988,11985,13983,19975,29963,39950,186400
USD,8,PRIA,Flexi Berkah,,15,3112,4668,6224,7500,8754,10213,14590,21885,29180,136150
USD,8,PRIA,Flexi Cermat,15,5,16770,25155,33540,41925,50310,58695,83850,125775,167700,838500
USD,8,PRIA,Flexi Cermat,,10,8691,13037,17382,21728,26073,30419,43455,65183,86910,434550
USD,8,PRIA,Flexi Cermat,25,5,12162,18243,24324,30405,36486,42567,60810,85133,113510,567550
USD,8,PRIA,Flexi Cermat,,10,6640,9338,12450,15563,18675,21788,31125,46688,62250,290500
USD,8,PRIA,Flexi Cermat,,15,4174,6261,7828,9785,11742,13699,19570,29355,39140,182650
USD,8,PRIA,Flexi Cermat,35,5,8560,12840,17120,21400,25680,29960,42800,64200,79890,399450
USD,8,PRIA,Flexi Cermat,,10,4394,6591,8238,10298,12357,14417,20595,30893,41190,192200
USD,8,PRIA,Flexi Cermat,,15,2957,4436,5914,7393,8316,9702,13860,20790,27720,129350
IDR,8,WANITA,Flexi Amanah,YRT,1,-,-,-,-,-,-,-,-,-,-
IDR,8,WANITA,Flexi Amanah,5,5,-,-,-,-,-,-,-,-,-,-
IDR,8,WANITA,Flexi Amanah,10,10,-,-,-,-,-,-,-,-,-,-
IDR,8,WANITA,Flexi Berkah,102,5,17.7,23.6,31.5,39.4,47.2,55.1,75.0,110.7,147.6,700.0
IDR,8,WANITA,Flexi Berkah,,10,9.2,12.5,16.6,19.2,22.1,25.8,36.9,55.4,73.8,346.0
IDR,8,WANITA,Flexi Berkah,,15,6.6,9.9,11.8,14.8,17.7,19.2,26.3,39.5,52.6,246.5
IDR,8,WANITA,Flexi Cermat,15,5,131.5,197.3,263.0,328.8,394.5,460.3,657.5,986.3,1,315.0,6,575.0
IDR,8,WANITA,Flexi Cermat,,10,70.3,105.4,140.5,175.7,210.8,245.9,351.3,527.0,702.6,3,513.0
IDR,8,WANITA,Flexi Cermat,25,5,80.6,120.9,161.2,201.5,241.8,282.1,403.0,604.4,752.2,3,761.0
IDR,8,WANITA,Flexi Cermat,,10,44.1,66.2,82.7,103.4,124.0,144.7,206.7,310.1,413.4,1,929.0
IDR,8,WANITA,Flexi Cermat,,15,30.3,45.4,60.5,75.0,85.1,99.3,141.9,212.8,283.7,1,323.5
IDR,8,WANITA,Flexi Cermat,35,5,46.9,70.3,87.9,109.9,131.8,153.8,219.7,329.6,439.4,2,050.5
IDR,8,WANITA,Flexi Cermat,,10,25.9,38.9,51.9,64.9,75.0,85.1,121.6,182.4,243.2,1,134.5
IDR,8,WANITA,Flexi Cermat,,15,18.5,24.6,32.8,41.0,49.2,57.4,76.9,115.4,153.8,718.0
USD,8,WANITA,Flexi Amanah,YRT,1,-,-,-,-,-,-,-,-,-,-
USD,8,WANITA,Flexi Amanah,5,5,-,-,-,-,-,-,-,-,-,-
USD,8,WANITA,Flexi Amanah,10,10,-,-,-,-,-,-,-,-,-,-
USD,8,WANITA,Flexi Berkah,102,5,7463,10496,13994,17493,20991,24490,34985,52478,69970,326500
USD,8,WANITA,Flexi Berkah,,10,3644,5466,7288,8540,10248,11956,17080,25620,34160,159450
USD,8,WANITA,Flexi Berkah,,15,2594,3891,5188,6485,7500,8512,12160,18240,24320,113450
USD,8,WANITA,Flexi Cermat,15,5,16694,25041,33388,41735,50082,58429,83470,125205,166940,834700
USD,8,WANITA,Flexi Cermat,,10,8600,12900,17200,21500,25800,30100,43000,64500,86000,430000
USD,8,WANITA,Flexi Cermat,25,5,11749,17624,23498,29373,35247,41122,58745,82245,109660,548300
USD,8,WANITA,Flexi Cermat,,10,6499,9140,12186,15233,18279,21326,30465,45698,60930,284350
USD,8,WANITA,Flexi Cermat,,15,4106,6159,7700,9625,11550,13475,19250,28875,38500,179650
USD,8,WANITA,Flexi Cermat,35,5,8298,12447,16596,20745,24894,29043,41490,62235,77450,387250
USD,8,WANITA,Flexi Cermat,,10,4251,6377,7972,9965,11958,13951,19930,29895,39860,186000
USD,8,WANITA,Flexi Cermat,,15,2882,4323,5764,7205,8106,9457,13510,20265,27020,126100
IDR,9,PRIA,Flexi Amanah,YRT,1,-,-,-,-,-,-,-,-,-,-
IDR,9,PRIA,Flexi Amanah,5,5,-,-,-,-,-,-,-,-,-,-
IDR,9,PRIA,Flexi Amanah,10,10,-,-,-,-,-,-,-,-,-,-
IDR,9,PRIA,Flexi Berkah,101,5,21.2,31.8,42.5,53.1,63.7,74.3,99.6,149.3,199.1,929.0
IDR,9,PRIA,Flexi Berkah,,10,11.1,16.6,19.7,24.6,29.5,34.4,49.2,73.7,92.2,461.0
IDR,9,PRIA,Flexi Berkah,,15,8.1,10.9,14.5,18.2,19.4,22.6,32.3,48.5,64.6,302.5
IDR,9,PRIA,Flexi Cermat,15,5,139.1,208.6,278.2,347.7,417.2,486.8,695.4,1,043.1,1,390.8,6,954.0
IDR,9,PRIA,Flexi Cermat,,10,72.5,108.8,145.0,181.3,217.5,253.8,362.6,543.8,725.1,3,625.5
IDR,9,PRIA,Flexi Cermat,25,5,81.1,121.6,162.1,202.7,243.2,283.7,405.3,608.0,756.6,3,783.0
IDR,9,PRIA,Flexi Cermat,,10,45.8,68.6,85.8,107.3,128.7,150.2,214.5,321.8,429.0,2,002.0
IDR,9,PRIA,Flexi Cermat,,15,31.1,46.6,62.2,75.0,87.5,102.0,145.8,218.6,291.5,1,360.0
IDR,9,PRIA,Flexi Cermat,35,5,47.5,71.2,89.0,111.3,133.5,155.8,222.5,333.8,445.0,2,076.5
IDR,9,PRIA,Flexi Cermat,,10,26.8,40.2,53.6,67.0,75.3,87.9,125.6,188.3,251.1,1,172.0
IDR,9,PRIA,Flexi Cermat,,15,19.2,28.8,38.4,48.1,57.7,67.3,90.1,135.2,180.2,840.5
USD,9,PRIA,Flexi Amanah,YRT,1,-,-,-,-,-,-,-,-,-,-
USD,9,PRIA,Flexi Amanah,5,5,-,-,-,-,-,-,-,-,-,-
USD,9,PRIA,Flexi Amanah,10,10,-,-,-,-,-,-,-,-,-,-
USD,9,PRIA,Flexi Berkah,101,5,8387,12581,16774,20968,25161,29355,41935,62903,78270,391350
USD,9,PRIA,Flexi Berkah,,10,4368,6552,8190,10238,12285,14333,20475,30713,40950,191100
USD,9,PRIA,Flexi Berkah,,15,3188,4782,6376,7500,8967,10462,14945,22418,29890,139500
USD,9,PRIA,Flexi Cermat,15,5,16779,25169,33558,41948,50337,58727,83895,125843,167790,838950
USD,9,PRIA,Flexi Cermat,,10,8697,13046,17394,21743,26091,30440,43485,65228,86970,434850
USD,9,PRIA,Flexi Cermat,25,5,12168,18252,24336,30420,36504,42588,60840,85178,113570,567850
USD,9,PRIA,Flexi Cermat,,10,6644,9344,12458,15573,18687,21802,31145,46718,62290,290700
USD,9,PRIA,Flexi Cermat,,15,4178,6267,7834,9793,11751,13710,19585,29378,39170,182750
USD,9,PRIA,Flexi Cermat,35,5,8573,12860,17146,21433,25719,30006,42865,64298,80010,400050
USD,9,PRIA,Flexi Cermat,,10,4401,6602,8252,10315,12378,14441,20630,30945,41260,192550
USD,9,PRIA,Flexi Cermat,,15,2960,4440,5920,7400,8325,9713,13875,20813,27750,129500
IDR,9,WANITA,Flexi Amanah,YRT,1,-,-,-,-,-,-,-,-,-,-
IDR,9,WANITA,Flexi Amanah,5,5,-,-,-,-,-,-,-,-,-,-
IDR,9,WANITA,Flexi Amanah,10,10,-,-,-,-,-,-,-,-,-,-
IDR,9,WANITA,Flexi Berkah,101,5,18.2,24.2,32.3,40.4,48.5,56.5,75.7,113.6,151.4,706.5
IDR,9,WANITA,Flexi Berkah,,10,9.5,12.8,17.0,19.2,22.7,26.5,37.9,56.8,75.0,355.0
IDR,9,WANITA,Flexi Berkah,,15,6.7,10.1,12.1,15.2,18.2,19.2,26.9,40.4,53.8,252.5
IDR,9,WANITA,Flexi Cermat,15,5,131.6,197.4,263.2,329.0,394.8,460.6,658.1,987.1,1,316.1,6,580.5
IDR,9,WANITA,Flexi Cermat,,10,70.4,105.6,140.8,176.0,211.2,246.4,352.0,528.0,704.0,3,520.0
IDR,9,WANITA,Flexi Cermat,25,5,80.6,120.9,161.2,201.5,241.8,282.1,403.0,604.5,752.2,3,761.0
IDR,9,WANITA,Flexi Cermat,,10,44.1,66.2,82.7,103.4,124.1,144.8,206.9,310.3,413.7,1,930.5
IDR,9,WANITA,Flexi Cermat,,15,30.3,45.4,60.5,75.0,85.1,99.3,141.9,212.8,283.7,1,323.5
IDR,9,WANITA,Flexi Cermat,35,5,46.9,70.3,87.9,109.9,131.9,153.8,219.8,329.6,439.5,2,051.0
IDR,9,WANITA,Flexi Cermat,,10,26.0,39.0,52.0,65.0,75.0,85.3,121.9,182.9,243.8,1,138.0
IDR,9,WANITA,Flexi Cermat,,15,18.5,24.6,32.8,41.1,49.3,57.5,77.0,115.5,154.0,718.5
USD,9,WANITA,Flexi Amanah,YRT,1,-,-,-,-,-,-,-,-,-,-
USD,9,WANITA,Flexi Amanah,5,5,-,-,-,-,-,-,-,-,-,-
USD,9,WANITA,Flexi Amanah,10,10,-,-,-,-,-,-,-,-,-,-
USD,9,WANITA,Flexi Berkah,101,5,7500,10766,14354,17943,21531,25120,35885,53828,70000,334900
USD,9,WANITA,Flexi Berkah,,10,3738,5607,7476,8760,10512,12264,17520,26280,35040,163500
USD,9,WANITA,Flexi Berkah,,15,2658,3987,5316,6645,7500,8722,12460,18690,24920,116300
USD,9,WANITA,Flexi Cermat,15,5,16705,25058,33410,41763,50115,58468,83525,125288,167050,835250
USD,9,WANITA,Flexi Cermat,,10,8606,12909,17212,21515,25818,30121,43030,64545,86060,430300
USD,9,WANITA,Flexi Cermat,25,5,11762,17643,23524,29405,35286,41167,58810,82328,109770,548850
USD,9,WANITA,Flexi Cermat,,10,6504,9147,12196,15245,18294,21343,30490,45735,60980,284550
USD,9,WANITA,Flexi Cermat,,15,4106,6159,7700,9625,11550,13475,19250,28875,38500,179650
USD,9,WANITA,Flexi Cermat,35,5,8312,12468,16624,20780,24936,29092,41560,62340,77570,387850
USD,9,WANITA,Flexi Cermat,,10,4266,6399,8000,10000,12000,14000,20000,30000,40000,186650
USD,9,WANITA,Flexi Cermat,,15,2892,4338,5784,7230,8133,9489,13555,20333,27110,126550
IDR,10,PRIA,Flexi Amanah,YRT,1,-,-,-,-,-,-,-,-,-,-
IDR,10,PRIA,Flexi Amanah,5,5,-,-,-,-,-,-,-,-,-,-
IDR,10,PRIA,Flexi Amanah,10,10,-,-,-,-,-,-,-,-,-,-
IDR,10,PRIA,Flexi Berkah,100,5,21.8,32.6,43.5,54.4,65.3,75.0,102.0,152.9,203.9,951.5
IDR,10,PRIA,Flexi Berkah,,10,11.3,17.0,20.1,25.2,30.2,35.2,50.4,75.0,94.4,472.0
IDR,10,PRIA,Flexi Berkah,,15,8.3,11.2,14.9,18.6,19.9,23.2,33.1,49.7,66.2,310.0
IDR,10,PRIA,Flexi Cermat,15,5,139.2,208.8,278.4,348.0,417.6,487.2,696.0,1,044.0,1,392.0,6,960.0
IDR,10,PRIA,Flexi Cermat,,10,72.7,109.0,145.3,181.7,218.0,254.3,363.3,545.0,726.6,3,633.0
IDR,10,PRIA,Flexi Cermat,25,5,81.1,121.7,162.2,202.8,243.3,283.9,405.5,608.3,756.9,3,784.5
IDR,10,PRIA,Flexi Cermat,,10,45.8,68.7,85.8,107.3,128.8,150.2,214.6,321.9,429.2,2,003.0
IDR,10,PRIA,Flexi Cermat,,15,31.1,46.7,62.2,75.0,87.5,102.1,145.9,218.8,291.7,1,361.0
IDR,10,PRIA,Flexi Cermat,35,5,47.5,71.3,89.1,111.4,133.6,155.9,222.7,334.1,445.4,2,078.5
IDR,10,PRIA,Flexi Cermat,,10,26.8,40.2,53.6,67.0,75.4,88.0,125.7,188.5,251.3,1,173.0
IDR,10,PRIA,Flexi Cermat,,15,19.2,28.8,38.4,48.1,57.7,67.3,90.1,135.2,180.2,841.0
USD,10,PRIA,Flexi Amanah,YRT,1,-,-,-,-,-,-,-,-,-,-
USD,10,PRIA,Flexi Amanah,5,5,-,-,-,-,-,-,-,-,-,-
USD,10,PRIA,Flexi Amanah,10,10,-,-,-,-,-,-,-,-,-,-
USD,10,PRIA,Flexi Berkah,100,5,8593,12890,17186,21483,25779,30076,42965,64448,80200,401000
USD,10,PRIA,Flexi Berkah,,10,4475,6713,8392,10490,12588,14686,20980,31470,41960,195800
USD,10,PRIA,Flexi Berkah,,15,3265,4898,6530,7653,9183,10714,15305,22958,30610,142850
USD,10,PRIA,Flexi Cermat,15,5,16789,25184,33578,41973,50367,58762,83945,125918,167890,839450
USD,10,PRIA,Flexi Cermat,,10,8703,13055,17406,21758,26109,30461,43515,65273,87030,435150
USD,10,PRIA,Flexi Cermat,25,5,12175,18263,24350,30438,36525,42613,60875,85223,113630,568150
USD,10,PRIA,Flexi Cermat,,10,6648,9350,12466,15583,18699,21816,31165,46748,62330,290850
USD,10,PRIA,Flexi Cermat,,15,4181,6272,7840,9800,11760,13720,19600,29400,39200,182900
USD,10,PRIA,Flexi Cermat,35,5,8585,12878,17170,21463,25755,30048,42925,64388,80130,400650
USD,10,PRIA,Flexi Cermat,,10,4408,6612,8266,10333,12399,14466,20665,30998,41330,192850
USD,10,PRIA,Flexi Cermat,,15,2964,4446,5928,7410,8337,9727,13895,20843,27790,129700
IDR,10,WANITA,Flexi Amanah,YRT,1,-,-,-,-,-,-,-,-,-,-
IDR,10,WANITA,Flexi Amanah,5,5,-,-,-,-,-,-,-,-,-,-
IDR,10,WANITA,Flexi Amanah,10,10,-,-,-,-,-,-,-,-,-,-
IDR,10,WANITA,Flexi Berkah,100,5,18.6,24.8,33.1,41.4,49.7,58.0,77.7,116.5,155.3,724.5
IDR,10,WANITA,Flexi Berkah,,10,9.7,13.1,17.5,19.4,23.3,27.2,38.8,58.2,75.0,364.0
IDR,10,WANITA,Flexi Berkah,,15,6.9,10.4,12.4,15.5,18.6,19.3,27.6,41.4,55.2,259.0
IDR,10,WANITA,Flexi Cermat,15,5,131.7,197.6,263.5,329.3,395.2,461.1,658.7,988.0,1,317.3,6,586.5
IDR,10,WANITA,Flexi Cermat,,10,70.5,105.8,141.1,176.4,211.6,246.9,352.7,529.1,705.4,3,527.0
IDR,10,WANITA,Flexi Cermat,25,5,80.6,120.9,161.2,201.5,241.8,282.1,403.1,604.6,752.4,3,762.0
IDR,10,WANITA,Flexi Cermat,,10,44.2,66.2,82.8,103.5,124.2,144.9,207.0,310.5,414.0,1,932.0
IDR,10,WANITA,Flexi Cermat,,15,30.3,45.4,60.5,75.0,85.1,99.3,141.9,212.8,283.7,1,324.0
IDR,10,WANITA,Flexi Cermat,35,5,46.9,70.4,87.9,109.9,131.9,153.9,219.9,329.8,439.7,2,052.0
IDR,10,WANITA,Flexi Cermat,,10,26.1,39.1,52.1,65.2,75.0,85.5,122.2,183.3,244.4,1,140.5
IDR,10,WANITA,Flexi Cermat,,15,18.5,24.7,32.9,41.1,49.4,57.6,77.1,115.7,154.2,719.5
USD,10,WANITA,Flexi Amanah,YRT,1,-,-,-,-,-,-,-,-,-,-
USD,10,WANITA,Flexi Amanah,5,5,-,-,-,-,-,-,-,-,-,-
USD,10,WANITA,Flexi Amanah,10,10,-,-,-,-,-,-,-,-,-,-
USD,10,WANITA,Flexi Berkah,100,5,7500,11037,14716,18395,22074,25753,36790,55185,70000,343350
USD,10,WANITA,Flexi Berkah,,10,3832,5748,7500,8983,10779,12576,17965,26948,35930,167650
USD,10,WANITA,Flexi Berkah,,15,2724,4086,5448,6810,7662,8939,12770,19155,25540,119200
USD,10,WANITA,Flexi Cermat,15,5,16715,25073,33430,41788,50145,58503,83575,125363,167150,835750
USD,10,WANITA,Flexi Cermat,,10,8613,12920,17226,21533,25839,30146,43065,64598,86130,430650
USD,10,WANITA,Flexi Cermat,25,5,11774,17661,23548,29435,35322,41209,58870,82418,109890,549450
USD,10,WANITA,Flexi Cermat,,10,6508,9152,12202,15253,18303,21354,30505,45758,61010,284750
USD,10,WANITA,Flexi Cermat,,15,4107,6161,7702,9628,11553,13479,19255,28883,38510,179700
USD,10,WANITA,Flexi Cermat,35,5,8325,12488,16650,20813,24975,29138,41625,62438,77700,388500
USD,10,WANITA,Flexi Cermat,,10,4282,6423,8028,10035,12042,14049,20070,30105,40140,187300
USD,10,WANITA,Flexi Cermat,,15,2902,4353,5804,7255,8163,9524,13605,20408,27210,127000
IDR,11,PRIA,Flexi Amanah,YRT,1,-,-,-,-,-,-,-,-,-,-
IDR,11,PRIA,Flexi Amanah,5,5,-,-,-,-,-,-,-,-,-,-
IDR,11,PRIA,Flexi Amanah,10,10,-,-,-,-,-,-,-,-,-,-
IDR,11,PRIA,Flexi Berkah,99,5,22.4,33.5,44.7,55.9,67.1,75.0,104.8,157.2,209.6,978.0
IDR,11,PRIA,Flexi Berkah,,10,11.6,17.5,20.7,25.9,31.0,36.2,51.7,75.0,97.0,485.0
IDR,11,PRIA,Flexi Berkah,,15,8.5,11.5,15.3,19.1,20.4,23.8,34.0,51.0,68.0,319.0
IDR,11,PRIA,Flexi Cermat,15,5,139.3,209.0,278.6,348.3,418.0,487.6,696.6,1,044.9,1,393.2,6,966.0
IDR,11,PRIA,Flexi Cermat,,10,72.8,109.2,145.6,182.0,218.4,254.8,364.0,546.0,728.0,3,640.0
IDR,11,PRIA,Flexi Cermat,25,5,81.2,121.8,162.3,202.9,243.5,284.1,405.9,608.8,757.6,3,788.0
IDR,11,PRIA,Flexi Cermat,,10,45.8,68.7,85.9,107.4,128.9,150.4,214.9,322.3,429.7,2,005.0
IDR,11,PRIA,Flexi Cermat,,15,31.2,46.7,62.3,75.0,87.6,102.2,146.1,219.1,292.1,1,363.0
IDR,11,PRIA,Flexi Cermat,35,5,47.6,71.4,89.3,111.6,133.9,156.2,223.2,334.7,446.3,2,082.5
IDR,11,PRIA,Flexi Cermat,,10,26.9,40.3,53.7,67.2,75.6,88.2,126.0,188.9,251.9,1,175.5
IDR,11,PRIA,Flexi Cermat,,15,19.3,28.9,38.5,48.2,57.8,67.4,90.3,135.4,180.5,842.5
USD,11,PRIA,Flexi Amanah,YRT,1,-,-,-,-,-,-,-,-,-,-
USD,11,PRIA,Flexi Amanah,5,5,-,-,-,-,-,-,-,-,-,-
USD,11,PRIA,Flexi Amanah,10,10,-,-,-,-,-,-,-,-,-,-
USD,11,PRIA,Flexi Berkah,99,5,8828,13242,17656,22070,26484,30898,44140,66210,82390,411950
USD,11,PRIA,Flexi Berkah,,10,4598,6897,8620,10775,12930,15085,21550,32325,43100,201150
USD,11,PRIA,Flexi Berkah,,15,3358,5037,6716,7873,9447,11022,15745,23618,31490,146950
USD,11,PRIA,Flexi Cermat,15,5,16798,25197,33596,41995,50394,58793,83990,125985,167980,839900
USD,11,PRIA,Flexi Cermat,,10,8710,13065,17420,21775,26130,30485,43550,65325,87100,435500
USD,11,PRIA,Flexi Cermat,25,5,12185,18278,24370,30463,36555,42648,60925,85298,113730,568650
USD,11,PRIA,Flexi Cermat,,10,6654,9359,12478,15598,18717,21837,31195,46793,62390,291150
USD,11,PRIA,Flexi Cermat,,15,4186,6279,7848,9810,11772,13734,19620,29430,39240,183100
USD,11,PRIA,Flexi Cermat,35,5,8606,12909,17212,21515,25818,30121,43030,64545,80330,401650
USD,11,PRIA,Flexi Cermat,,10,4420,6630,8288,10360,12432,14504,20720,31080,41440,193400
USD,11,PRIA,Flexi Cermat,,15,2971,4457,5942,7428,8358,9751,13930,20895,27860,130000
IDR,11,WANITA,Flexi Amanah,YRT,1,-,-,-,-,-,-,-,-,-,-
IDR,11,WANITA,Flexi Amanah,5,5,-,-,-,-,-,-,-,-,-,-
IDR,11,WANITA,Flexi Amanah,10,10,-,-,-,-,-,-,-,-,-,-
IDR,11,WANITA,Flexi Berkah,99,5,19.1,25.5,34.0,42.6,51.1,59.6,79.8,119.6,159.5,744.5
IDR,11,WANITA,Flexi Berkah,,10,10.0,13.5,17.9,20.0,23.9,27.9,39.9,59.9,75.0,374.0
IDR,11,WANITA,Flexi Berkah,,15,7.1,10.6,12.8,16.0,19.1,19.8,28.4,42.5,56.7,266.0
IDR,11,WANITA,Flexi Cermat,15,5,131.9,197.8,263.7,329.6,395.6,461.5,659.3,988.9,1,318.5,6,592.5
IDR,11,WANITA,Flexi Cermat,,10,70.7,106.0,141.4,176.7,212.0,247.4,353.4,530.1,706.8,3,534.0
IDR,11,WANITA,Flexi Cermat,25,5,80.7,121.0,161.3,201.6,242.0,282.3,403.3,604.9,752.7,3,763.5
IDR,11,WANITA,Flexi Cermat,,10,44.2,66.3,82.8,103.6,124.3,145.0,207.1,310.7,414.2,1,933.0
IDR,11,WANITA,Flexi Cermat,,15,30.3,45.4,60.6,75.0,85.2,99.4,142.0,212.9,283.9,1,325.0
IDR,11,WANITA,Flexi Cermat,35,5,46.9,70.4,88.0,110.0,132.0,154.0,220.1,330.1,440.1,2,054.0
IDR,11,WANITA,Flexi Cermat,,10,26.1,39.2,52.2,65.3,75.0,85.6,122.4,183.5,244.7,1,141.5
IDR,11,WANITA,Flexi Cermat,,15,18.5,24.7,32.9,41.2,49.4,57.6,77.2,115.8,154.4,720.5
USD,11,WANITA,Flexi Amanah,YRT,1,-,-,-,-,-,-,-,-,-,-
USD,11,WANITA,Flexi Amanah,5,5,-,-,-,-,-,-,-,-,-,-
USD,11,WANITA,Flexi Amanah,10,10,-,-,-,-,-,-,-,-,-,-
USD,11,WANITA,Flexi Berkah,99,5,7563,11345,15126,18908,22689,26471,37815,56723,70590,352950
USD,11,WANITA,Flexi Berkah,,10,3939,5909,7500,9233,11079,12926,18465,27698,36930,172350
USD,11,WANITA,Flexi Berkah,,15,2800,4200,5600,7000,7875,9188,13125,19688,26250,122500
USD,11,WANITA,Flexi Cermat,15,5,16726,25089,33452,41815,50178,58541,83630,125445,167260,836300
USD,11,WANITA,Flexi Cermat,,10,8619,12929,17238,21548,25857,30167,43095,64643,86190,430950
USD,11,WANITA,Flexi Cermat,25,5,11791,17687,23582,29478,35373,41269,58955,82538,110050,550250
USD,11,WANITA,Flexi Cermat,,10,6518,9167,12222,15278,18333,21389,30555,45833,61110,285200
USD,11,WANITA,Flexi Cermat,,15,4110,6165,7706,9633,11559,13486,19265,28898,38530,179800
USD,11,WANITA,Flexi Cermat,35,5,8336,12504,16672,20840,25008,29176,41680,62520,77800,389000
USD,11,WANITA,Flexi Cermat,,10,4286,6429,8036,10045,12054,14063,20090,30135,40180,187500
USD,11,WANITA,Flexi Cermat,,15,2906,4359,5812,7265,8172,9534,13620,20430,27240,127100
IDR,12,PRIA,Flexi Amanah,YRT,1,-,-,-,-,-,-,-,-,-,-
IDR,12,PRIA,Flexi Amanah,5,5,-,-,-,-,-,-,-,-,-,-
IDR,12,PRIA,Flexi Amanah,10,10,-,-,-,-,-,-,-,-,-,-
IDR,12,PRIA,Flexi Berkah,98,5,22.9,34.4,45.9,57.4,68.8,75.3,107.6,161.3,215.1,1,004.0
IDR,12,PRIA,Flexi Berkah,,10,12.0,17.9,21.2,26.6,31.9,37.2,53.1,75.0,99.6,498.0
IDR,12,PRIA,Flexi Berkah,,15,8.7,11.8,15.7,19.2,21.0,24.5,35.0,52.4,69.9,328.0
IDR,12,PRIA,Flexi Cermat,15,5,139.4,209.2,278.9,348.6,418.3,488.0,697.2,1,045.8,1,394.4,6,972.0
IDR,12,PRIA,Flexi Cermat,,10,72.9,109.4,145.9,182.4,218.8,255.3,364.7,547.1,729.4,3,647.0
IDR,12,PRIA,Flexi Cermat,25,5,81.2,121.9,162.5,203.1,243.7,284.3,406.2,609.3,758.2,3,791.0
IDR,12,PRIA,Flexi Cermat,,10,45.9,68.8,86.0,107.5,129.0,150.5,215.1,322.6,430.1,2,007.5
IDR,12,PRIA,Flexi Cermat,,15,31.2,46.8,62.4,75.0,87.7,102.3,146.2,219.3,292.4,1,364.5
IDR,12,PRIA,Flexi Cermat,35,5,47.7,71.6,89.4,111.8,134.2,156.5,223.6,335.4,447.2,2,087.0
IDR,12,PRIA,Flexi Cermat,,10,26.9,40.4,53.8,67.3,75.7,88.3,126.2,189.2,252.3,1,177.5
IDR,12,PRIA,Flexi Cermat,,15,19.3,29.0,38.6,48.3,57.9,67.6,90.5,135.7,180.9,844.0
USD,12,PRIA,Flexi Amanah,YRT,1,-,-,-,-,-,-,-,-,-,-
USD,12,PRIA,Flexi Amanah,5,5,-,-,-,-,-,-,-,-,-,-
USD,12,PRIA,Flexi Amanah,10,10,-,-,-,-,-,-,-,-,-,-
USD,12,PRIA,Flexi Berkah,98,5,9062,13593,18124,22655,27186,31717,45310,67965,84580,422900
USD,12,PRIA,Flexi Berkah,,10,4720,7080,8850,11063,13275,15488,22125,33188,44250,206500
USD,12,PRIA,Flexi Berkah,,15,3451,5177,6902,8090,9708,11326,16180,24270,32360,151000
USD,12,PRIA,Flexi Cermat,15,5,16807,25211,33614,42018,50421,58825,84035,126053,168070,840350
USD,12,PRIA,Flexi Cermat,,10,8716,13074,17432,21790,26148,30506,43580,65370,87160,435800
USD,12,PRIA,Flexi Cermat,25,5,12196,18294,24392,30490,36588,42686,60980,85373,113830,569150
USD,12,PRIA,Flexi Cermat,,10,6662,9368,12490,15613,18735,21858,31225,46838,62450,291450
USD,12,PRIA,Flexi Cermat,,15,4191,6287,7858,9823,11787,13752,19645,29468,39290,183350
USD,12,PRIA,Flexi Cermat,35,5,8627,12941,17254,21568,25881,30195,43135,64703,80520,402600
USD,12,PRIA,Flexi Cermat,,10,4432,6648,8310,10388,12465,14543,20775,31163,41550,193900
USD,12,PRIA,Flexi Cermat,,15,2979,4469,5958,7448,8379,9776,13965,20948,27930,130350
IDR,12,WANITA,Flexi Amanah,YRT,1,-,-,-,-,-,-,-,-,-,-
IDR,12,WANITA,Flexi Amanah,5,5,-,-,-,-,-,-,-,-,-,-
IDR,12,WANITA,Flexi Amanah,10,10,-,-,-,-,-,-,-,-,-,-
IDR,12,WANITA,Flexi Berkah,98,5,19.7,29.5,39.3,49.2,59.0,68.8,92.2,138.3,184.4,860.5
IDR,12,WANITA,Flexi Berkah,,10,10.2,13.8,18.4,20.5,24.6,28.7,41.0,61.4,76.8,384.0
IDR,12,WANITA,Flexi Berkah,,15,7.3,10.8,13.1,16.4,19.2,20.4,29.1,43.7,58.2,273.0
IDR,12,WANITA,Flexi Cermat,15,5,132.0,197.9,263.9,329.9,395.9,461.9,659.8,989.7,1,319.6,6,598.0
IDR,12,WANITA,Flexi Cermat,,10,70.8,106.2,141.6,177.1,212.5,247.9,354.1,531.2,708.2,3,541.0
IDR,12,WANITA,Flexi Cermat,25,5,80.7,121.0,161.4,201.7,242.1,282.4,403.5,605.2,753.1,3,765.5
IDR,12,WANITA,Flexi Cermat,,10,44.2,66.3,82.9,103.6,124.4,145.1,207.3,310.9,414.5,1,934.0
IDR,12,WANITA,Flexi Cermat,,15,30.3,45.5,60.6,75.0,85.2,99.4,142.0,213.0,284.0,1,325.5
IDR,12,WANITA,Flexi Cermat,35,5,47.0,70.5,88.1,110.1,132.2,154.2,220.3,330.4,440.5,2,055.5
IDR,12,WANITA,Flexi Cermat,,10,26.1,39.2,52.2,65.3,75.0,85.7,122.5,183.7,244.9,1,143.0
IDR,12,WANITA,Flexi Cermat,,15,18.5,24.7,33.0,41.2,49.4,57.7,77.3,115.9,154.5,721.0
USD,12,WANITA,Flexi Amanah,YRT,1,-,-,-,-,-,-,-,-,-,-
USD,12,WANITA,Flexi Amanah,5,5,-,-,-,-,-,-,-,-,-,-
USD,12,WANITA,Flexi Amanah,10,10,-,-,-,-,-,-,-,-,-,-
USD,12,WANITA,Flexi Berkah,98,5,7769,11654,15538,19423,23307,27192,38845,58268,72510,362550
USD,12,WANITA,Flexi Berkah,,10,4046,6069,7588,9485,11382,13279,18970,28455,37940,177050
USD,12,WANITA,Flexi Berkah,,15,2877,4316,5754,7193,8091,9440,13485,20228,26970,125850
USD,12,WANITA,Flexi Cermat,15,5,16737,25106,33474,41843,50211,58580,83685,125528,167370,836850
USD,12,WANITA,Flexi Cermat,,10,8625,12938,17250,21563,25875,30188,43125,64688,86250,431250
USD,12,WANITA,Flexi Cermat,25,5,11807,17711,23614,29518,35421,41325,59035,82650,110200,551000
USD,12,WANITA,Flexi Cermat,,10,6528,9180,12240,15300,18360,21420,30600,45900,61200,285600
USD,12,WANITA,Flexi Cermat,,15,4112,6168,7710,9638,11565,13493,19275,28913,38550,179900
USD,12,WANITA,Flexi Cermat,35,5,8346,12519,16692,20865,25038,29211,41730,62595,77900,389500
USD,12,WANITA,Flexi Cermat,,10,4290,6435,8044,10055,12066,14077,20110,30165,40220,187650
USD,12,WANITA,Flexi Cermat,,15,2909,4364,5818,7273,8181,9545,13635,20453,27270,127250
IDR,13,PRIA,Flexi Amanah,YRT,1,-,-,-,-,-,-,-,-,-,-
IDR,13,PRIA,Flexi Amanah,5,5,-,-,-,-,-,-,-,-,-,-
IDR,13,PRIA,Flexi Amanah,10,10,-,-,-,-,-,-,-,-,-,-
IDR,13,PRIA,Flexi Berkah,97,5,23.5,35.3,47.1,58.9,70.6,77.2,110.4,165.5,220.7,1,029.5
IDR,13,PRIA,Flexi Berkah,,10,12.3,18.4,21.8,27.3,32.7,38.2,54.5,76.7,102.2,511.0
IDR,13,PRIA,Flexi Berkah,,15,9.0,12.1,16.1,19.2,21.5,25.1,35.9,53.9,71.8,336.5
IDR,13,PRIA,Flexi Cermat,15,5,139.6,209.4,279.1,348.9,418.7,488.5,697.9,1,046.8,1,395.7,6,978.5
IDR,13,PRIA,Flexi Cermat,,10,73.1,109.6,146.2,182.7,219.2,255.8,365.4,548.1,730.8,3,654.0
IDR,13,PRIA,Flexi Cermat,25,5,81.3,122.0,162.6,203.3,244.0,284.6,406.6,609.9,758.9,3,794.5
IDR,13,PRIA,Flexi Cermat,,10,45.9,68.9,86.1,107.7,129.2,150.7,215.3,323.0,430.6,2,009.5
IDR,13,PRIA,Flexi Cermat,,15,31.2,46.8,62.5,75.0,87.8,102.5,146.4,219.6,292.8,1,366.5
IDR,13,PRIA,Flexi Cermat,35,5,47.8,71.7,89.6,112.0,134.4,156.8,224.1,336.1,448.1,2,091.5
IDR,13,PRIA,Flexi Cermat,,10,27.0,40.5,53.9,67.4,75.8,88.5,126.4,189.6,252.8,1,180.0
IDR,13,PRIA,Flexi Cermat,,15,19.3,29.0,38.7,48.3,58.0,67.7,90.6,135.9,181.2,845.5
USD,13,PRIA,Flexi Amanah,YRT,1,-,-,-,-,-,-,-,-,-,-
USD,13,PRIA,Flexi Amanah,5,5,-,-,-,-,-,-,-,-,-,-
USD,13,PRIA,Flexi Amanah,10,10,-,-,-,-,-,-,-,-,-,-
USD,13,PRIA,Flexi Berkah,97,5,9297,13946,18594,23243,27891,32540,46485,69728,86770,433850
USD,13,PRIA,Flexi Berkah,,10,4842,7263,9080,11350,13620,15890,22700,34050,45400,211850
USD,13,PRIA,Flexi Berkah,,15,3545,5318,7090,8308,9969,11631,16615,24923,33230,155100
USD,13,PRIA,Flexi Cermat,15,5,16816,25224,33632,42040,50448,58856,84080,126120,168160,840800
USD,13,PRIA,Flexi Cermat,,10,8722,13083,17444,21805,26166,30527,43610,65415,87220,436100
USD,13,PRIA,Flexi Cermat,25,5,12206,18309,24412,30515,36618,42721,61030,85448,113930,569650
USD,13,PRIA,Flexi Cermat,,10,6669,9378,12504,15630,18756,21882,31260,46890,62520,291750
USD,13,PRIA,Flexi Cermat,,15,4197,6296,7870,9838,11805,13773,19675,29513,39350,183600
USD,13,PRIA,Flexi Cermat,35,5,8648,12972,17296,21620,25944,30268,43240,64860,80710,403550
USD,13,PRIA,Flexi Cermat,,10,4443,6665,8332,10415,12498,14581,20830,31245,41660,194400
USD,13,PRIA,Flexi Cermat,,15,2986,4479,5972,7465,8400,9800,14000,21000,28000,130650
IDR,13,WANITA,Flexi Amanah,YRT,1,-,-,-,-,-,-,-,-,-,-
IDR,13,WANITA,Flexi Amanah,5,5,-,-,-,-,-,-,-,-,-,-
IDR,13,WANITA,Flexi Amanah,10,10,-,-,-,-,-,-,-,-,-,-
IDR,13,WANITA,Flexi Berkah,97,5,20.2,30.3,40.4,50.5,60.5,70.6,94.6,141.9,189.2,883.0
IDR,13,WANITA,Flexi Berkah,,10,10.5,14.2,18.9,21.0,25.2,29.4,42.1,63.1,78.8,394.0
IDR,13,WANITA,Flexi Berkah,,15,7.5,10.8,13.5,16.8,19.2,20.9,29.9,44.9,59.8,280.5
IDR,13,WANITA,Flexi Cermat,15,5,132.1,198.1,264.2,330.2,396.2,462.3,660.4,990.6,1,320.8,6,604.0
IDR,13,WANITA,Flexi Cermat,,10,71.0,106.4,141.9,177.4,212.9,248.3,354.8,532.1,709.5,3,547.5
IDR,13,WANITA,Flexi Cermat,25,5,80.7,121.1,161.4,201.8,242.2,282.5,403.6,605.4,753.4,3,767.0
IDR,13,WANITA,Flexi Cermat,,10,44.2,66.3,82.9,103.7,124.4,145.1,207.4,311.0,414.7,1,935.0
IDR,13,WANITA,Flexi Cermat,,15,30.3,45.5,60.6,75.0,85.3,99.5,142.1,213.2,284.2,1,326.0
IDR,13,WANITA,Flexi Cermat,35,5,47.0,70.5,88.2,110.2,132.3,154.3,220.5,330.7,440.9,2,057.5
IDR,13,WANITA,Flexi Cermat,,10,26.1,39.2,52.3,65.4,75.0,85.8,122.6,183.8,245.1,1,144.0
IDR,13,WANITA,Flexi Cermat,,15,18.6,24.8,33.0,41.3,49.5,57.8,77.4,116.0,154.7,721.5
USD,13,WANITA,Flexi Amanah,YRT,1,-,-,-,-,-,-,-,-,-,-
USD,13,WANITA,Flexi Amanah,5,5,-,-,-,-,-,-,-,-,-,-
USD,13,WANITA,Flexi Amanah,10,10,-,-,-,-,-,-,-,-,-,-
USD,13,WANITA,Flexi Berkah,97,5,7974,11961,15948,19935,23922,27909,39870,59805,74420,372100
USD,13,WANITA,Flexi Berkah,,10,4154,6231,7788,9735,11682,13629,19470,29205,38940,181700
USD,13,WANITA,Flexi Berkah,,15,2953,4430,5906,7383,8304,9688,13840,20760,27680,129200
USD,13,WANITA,Flexi Cermat,15,5,16748,25122,33496,41870,50244,58618,83740,125610,167480,837400
USD,13,WANITA,Flexi Cermat,,10,8631,12947,17262,21578,25893,30209,43155,64733,86310,431550
USD,13,WANITA,Flexi Cermat,25,5,11824,17736,23648,29560,35472,41384,59120,82770,110360,551800
USD,13,WANITA,Flexi Cermat,,10,6538,9194,12258,15323,18387,21452,30645,45968,61290,286000
USD,13,WANITA,Flexi Cermat,,15,4114,6171,7714,9643,11571,13500,19285,28928,38570,180000
USD,13,WANITA,Flexi Cermat,35,5,8356,12534,16712,20890,25068,29246,41780,62670,77990,389950
USD,13,WANITA,Flexi Cermat,,10,4294,6441,8050,10063,12075,14088,20125,30188,40250,187850
USD,13,WANITA,Flexi Cermat,,15,2912,4368,5824,7280,8190,9555,13650,20475,27300,127400
IDR,14,PRIA,Flexi Amanah,YRT,1,-,-,-,-,-,-,-,-,-,-
IDR,14,PRIA,Flexi Amanah,5,5,-,-,-,-,-,-,-,-,-,-
IDR,14,PRIA,Flexi Amanah,10,10,-,-,-,-,-,-,-,-,-,-
IDR,14,PRIA,Flexi Berkah,96,5,24.1,36.2,48.3,60.3,72.4,79.2,113.1,169.7,226.2,1,055.5
IDR,14,PRIA,Flexi Berkah,,10,12.6,18.9,22.4,28.0,33.5,39.1,55.9,78.6,104.8,524.0
IDR,14,PRIA,Flexi Berkah,,15,9.2,12.4,16.6,19.2,22.1,25.8,36.9,55.3,73.7,345.5
IDR,14,PRIA,Flexi Cermat,15,5,139.7,209.5,279.4,349.2,419.1,488.9,698.5,1,047.7,1,396.9,6,984.5
IDR,14,PRIA,Flexi Cermat,,10,73.2,109.8,146.4,183.1,219.7,256.3,366.1,549.2,732.2,3,661.0
IDR,14,PRIA,Flexi Cermat,25,5,81.4,122.1,162.8,203.5,244.1,284.8,406.9,610.4,759.6,3,798.0
IDR,14,PRIA,Flexi Cermat,,10,46.0,69.0,86.2,107.8,129.3,150.9,215.5,323.3,431.0,2,011.5
IDR,14,PRIA,Flexi Cermat,,15,31.3,46.9,62.5,75.0,88.0,102.6,146.6,219.9,293.2,1,368.0
IDR,14,PRIA,Flexi Cermat,35,5,47.9,71.9,89.8,112.3,134.7,157.2,224.6,336.8,449.1,2,096.0
IDR,14,PRIA,Flexi Cermat,,10,27.0,40.5,54.0,67.6,76.0,88.7,126.7,190.0,253.3,1,182.0
IDR,14,PRIA,Flexi Cermat,,15,19.4,29.1,38.7,48.4,58.1,67.8,90.8,136.2,181.6,847.5
USD,14,PRIA,Flexi Amanah,YRT,1,-,-,-,-,-,-,-,-,-,-
USD,14,PRIA,Flexi Amanah,5,5,-,-,-,-,-,-,-,-,-,-
USD,14,PRIA,Flexi Amanah,10,10,-,-,-,-,-,-,-,-,-,-
USD,14,PRIA,Flexi Berkah,96,5,9532,14298,19064,23830,28596,33362,47660,70000,88960,444800
USD,14,PRIA,Flexi Berkah,,10,4965,7448,9310,11638,13965,16293,23275,34913,46550,217200
USD,14,PRIA,Flexi Berkah,,15,3638,5457,7276,8525,10230,11935,17050,25575,34100,159150
USD,14,PRIA,Flexi Cermat,15,5,16825,25238,33650,42063,50475,58888,84125,126188,168250,841250
USD,14,PRIA,Flexi Cermat,,10,8729,13094,17458,21823,26187,30552,43645,65468,87290,436450
USD,14,PRIA,Flexi Cermat,25,5,12217,18326,24434,30543,36651,42760,61085,85515,114020,570100
USD,14,PRIA,Flexi Cermat,,10,6675,9387,12516,15645,18774,21903,31290,46935,62580,292050
USD,14,PRIA,Flexi Cermat,,15,4202,6303,7880,9850,11820,13790,19700,29550,39400,183850
USD,14,PRIA,Flexi Cermat,35,5,8669,13004,17338,21673,26007,30342,43345,65018,80910,404550
USD,14,PRIA,Flexi Cermat,,10,4455,6683,8354,10443,12531,14620,20885,31328,41770,194900
USD,14,PRIA,Flexi Cermat,,15,2994,4491,5988,7485,8421,9825,14035,21053,28070,131000
IDR,14,WANITA,Flexi Amanah,YRT,1,-,-,-,-,-,-,-,-,-,-
IDR,14,WANITA,Flexi Amanah,5,5,-,-,-,-,-,-,-,-,-,-
IDR,14,WANITA,Flexi Amanah,10,10,-,-,-,-,-,-,-,-,-,-
IDR,14,WANITA,Flexi Berkah,96,5,20.7,31.1,41.4,51.8,62.1,72.5,97.1,145.7,194.2,906.0
IDR,14,WANITA,Flexi Berkah,,10,10.8,14.6,19.2,21.6,25.9,30.2,43.2,64.7,80.9,404.5
IDR,14,WANITA,Flexi Berkah,,15,7.7,10.8,13.8,17.3,19.2,21.5,30.7,46.1,61.4,287.5
IDR,14,WANITA,Flexi Cermat,15,5,132.2,198.3,264.4,330.5,396.6,462.7,661.0,991.4,1,321.9,6,609.5
IDR,14,WANITA,Flexi Cermat,,10,71.1,106.6,142.2,177.7,213.3,248.8,355.5,533.2,710.9,3,554.5
IDR,14,WANITA,Flexi Cermat,25,5,80.8,121.1,161.5,201.9,242.3,282.7,403.8,605.7,753.8,3,769.0
IDR,14,WANITA,Flexi Cermat,,10,44.3,66.4,83.0,103.7,124.4,145.2,207.4,311.1,414.8,1,936.0
IDR,14,WANITA,Flexi Cermat,,15,30.3,45.5,60.7,75.0,85.3,99.5,142.2,213.2,284.3,1,327.0
IDR,14,WANITA,Flexi Cermat,35,5,47.1,70.6,88.2,110.3,132.4,154.4,220.6,330.9,441.2,2,059.0
IDR,14,WANITA,Flexi Cermat,,10,26.2,39.3,52.3,65.4,75.0,85.9,122.7,184.0,245.3,1,145.0
IDR,14,WANITA,Flexi Cermat,,15,18.6,24.8,33.0,41.3,49.5,57.8,77.4,116.1,154.8,722.5
USD,14,WANITA,Flexi Amanah,YRT,1,-,-,-,-,-,-,-,-,-,-
USD,14,WANITA,Flexi Amanah,5,5,-,-,-,-,-,-,-,-,-,-
USD,14,WANITA,Flexi Amanah,10,10,-,-,-,-,-,-,-,-,-,-
USD,14,WANITA,Flexi Berkah,96,5,8180,12270,16360,20450,24540,28630,40900,61350,76350,381750
USD,14,WANITA,Flexi Berkah,,10,4260,6390,7988,9985,11982,13979,19970,29955,39940,186400
USD,14,WANITA,Flexi Berkah,,15,3029,4544,6058,7500,8520,9940,14200,21300,28400,132500
USD,14,WANITA,Flexi Cermat,15,5,16758,25137,33516,41895,50274,58653,83790,125685,167580,837900
USD,14,WANITA,Flexi Cermat,,10,8638,12957,17276,21595,25914,30233,43190,64785,86380,431900
USD,14,WANITA,Flexi Cermat,25,5,11840,17760,23680,29600,35520,41440,59200,82883,110510,552550
USD,14,WANITA,Flexi Cermat,,10,6547,9207,12276,15345,18414,21483,30690,46035,61380,286450
USD,14,WANITA,Flexi Cermat,,15,4116,6174,7718,9648,11577,13507,19295,28943,38590,180100
USD,14,WANITA,Flexi Cermat,35,5,8366,12549,16732,20915,25098,29281,41830,62745,78090,390450
USD,14,WANITA,Flexi Cermat,,10,4298,6447,8058,10073,12087,14102,20145,30218,40290,188000
USD,14,WANITA,Flexi Cermat,,15,2915,4373,5830,7288,8199,9566,13665,20498,27330,127550
IDR,15,PRIA,Flexi Amanah,YRT,1,-,-,-,-,-,-,-,-,-,-
IDR,15,PRIA,Flexi Amanah,5,5,-,-,-,-,-,-,-,-,-,-
IDR,15,PRIA,Flexi Amanah,10,10,-,-,-,-,-,-,-,-,-,-
IDR,15,PRIA,Flexi Berkah,95,5,24.7,37.1,49.5,61.8,74.2,81.1,115.9,173.9,231.8,1,082.0
IDR,15,PRIA,Flexi Berkah,,10,12.9,19.2,22.9,28.6,34.4,40.1,57.3,80.5,107.3,536.5
IDR,15,PRIA,Flexi Berkah,,15,9.5,12.8,17.0,19.2,22.7,26.5,37.8,56.7,75.0,354.5
IDR,15,PRIA,Flexi Cermat,15,5,139.8,209.7,279.6,349.5,419.4,489.3,699.1,1,048.6,1,398.1,6,990.5
IDR,15,PRIA,Flexi Cermat,,10,73.4,110.1,146.7,183.4,220.1,256.8,366.9,550.3,733.7,3,668.5
IDR,15,PRIA,Flexi Cermat,25,5,81.5,122.2,162.9,203.6,244.4,285.1,407.3,610.9,760.2,3,801.0
IDR,15,PRIA,Flexi Cermat,,10,46.0,69.0,86.3,107.9,129.5,151.0,215.8,323.6,431.5,2,013.5
IDR,15,PRIA,Flexi Cermat,,15,31.3,47.0,62.6,75.0,88.1,102.8,146.8,220.2,293.6,1,370.0
IDR,15,PRIA,Flexi Cermat,35,5,48.0,72.0,90.0,112.5,135.0,157.5,225.0,337.5,450.0,2,100.0
IDR,15,PRIA,Flexi Cermat,,10,27.1,40.6,54.1,67.7,76.1,88.8,126.9,190.4,253.8,1,184.5
IDR,15,PRIA,Flexi Cermat,,15,19.4,29.1,38.8,48.5,58.2,67.9,91.0,136.4,181.9,849.0
USD,15,PRIA,Flexi Amanah,YRT,1,-,-,-,-,-,-,-,-,-,-
USD,15,PRIA,Flexi Amanah,5,5,-,-,-,-,-,-,-,-,-,-
USD,15,PRIA,Flexi Amanah,10,10,-,-,-,-,-,-,-,-,-,-
USD,15,PRIA,Flexi Berkah,95,5,9767,14651,19534,24418,29301,34185,48835,70000,91150,455750
USD,15,PRIA,Flexi Berkah,,10,5426,7631,10174,12718,15261,17805,25435,38153,50870,237350
USD,15,PRIA,Flexi Berkah,,15,3731,5597,7462,8745,10494,12243,17490,26235,34980,163250
USD,15,PRIA,Flexi Cermat,15,5,16834,25251,33668,42085,50502,58919,84170,126255,168340,841700
USD,15,PRIA,Flexi Cermat,,10,8735,13103,17470,21838,26205,30573,43675,65513,87350,436750
USD,15,PRIA,Flexi Cermat,25,5,12227,18341,24454,30568,36681,42795,61135,85590,114120,570600
USD,15,PRIA,Flexi Cermat,,10,6682,9398,12530,15663,18795,21928,31325,46988,62650,292350
USD,15,PRIA,Flexi Cermat,,15,4208,6312,7890,9863,11835,13808,19725,29588,39450,184100
USD,15,PRIA,Flexi Cermat,35,5,8690,13035,17380,21725,26070,30415,43450,65175,81100,405500
USD,15,PRIA,Flexi Cermat,,10,4467,6701,8376,10470,12564,14658,20940,31410,41880,195450
USD,15,PRIA,Flexi Cermat,,15,3002,4503,6004,7500,8445,9853,14075,21113,28150,131350
IDR,15,WANITA,Flexi Amanah,YRT,1,-,-,-,-,-,-,-,-,-,-
IDR,15,WANITA,Flexi Amanah,5,5,-,-,-,-,-,-,-,-,-,-
IDR,15,WANITA,Flexi Amanah,10,10,-,-,-,-,-,-,-,-,-,-
IDR,15,WANITA,Flexi Berkah,95,5,21.2,31.8,42.5,53.1,63.7,74.3,99.6,149.3,199.1,929.0
IDR,15,WANITA,Flexi Berkah,,10,11.1,16.6,19.7,24.6,29.5,34.4,49.2,73.7,92.2,461.0
IDR,15,WANITA,Flexi Berkah,,15,7.9,10.8,14.1,17.7,19.2,22.0,31.5,47.2,62.9,295.0
IDR,15,WANITA,Flexi Cermat,15,5,132.3,198.5,264.6,330.8,396.9,463.1,661.6,992.3,1,323.1,6,615.5
IDR,15,WANITA,Flexi Cermat,,10,71.2,106.8,142.5,178.1,213.7,249.3,356.2,534.2,712.3,3,561.5
IDR,15,WANITA,Flexi Cermat,25,5,80.8,121.2,161.6,202.0,242.4,282.8,404.1,606.1,754.2,3,771.0
IDR,15,WANITA,Flexi Cermat,,10,44.3,66.4,83.0,103.8,124.5,145.3,207.6,311.3,415.1,1,937.0
IDR,15,WANITA,Flexi Cermat,,15,30.3,45.5,60.7,75.0,85.4,99.6,142.3,213.4,284.5,1,327.5
IDR,15,WANITA,Flexi Cermat,35,5,47.1,70.7,88.3,110.4,132.5,154.6,220.8,331.2,441.6,2,061.0
IDR,15,WANITA,Flexi Cermat,,10,26.2,39.3,52.4,65.5,75.0,86.0,122.8,184.2,245.6,1,146.0
IDR,15,WANITA,Flexi Cermat,,15,18.6,24.8,33.1,41.4,49.6,57.9,77.5,116.3,155.0,723.5
USD,15,WANITA,Flexi Amanah,YRT,1,-,-,-,-,-,-,-,-,-,-
USD,15,WANITA,Flexi Amanah,5,5,-,-,-,-,-,-,-,-,-,-
USD,15,WANITA,Flexi Amanah,10,10,-,-,-,-,-,-,-,-,-,-
USD,15,WANITA,Flexi Berkah,95,5,8386,12579,16772,20965,25158,29351,41930,62895,78270,391350
USD,15,WANITA,Flexi Berkah,,10,4367,6551,8188,10235,12282,14329,20470,30705,40940,191050
USD,15,WANITA,Flexi Berkah,,15,3106,4659,6212,7500,8736,10192,14560,21840,29120,135850
USD,15,WANITA,Flexi Cermat,15,5,16769,25154,33538,41923,50307,58692,83845,125768,167690,838450
USD,15,WANITA,Flexi Cermat,,10,8644,12966,17288,21610,25932,30254,43220,64830,86440,432200
USD,15,WANITA,Flexi Cermat,25,5,11857,17786,23714,29643,35571,41500,59285,82995,110660,553300
USD,15,WANITA,Flexi Cermat,,10,6557,9221,12294,15368,18441,21515,30735,46103,61470,286850
USD,15,WANITA,Flexi Cermat,,15,4118,6177,7722,9653,11583,13514,19305,28958,38610,180200
USD,15,WANITA,Flexi Cermat,35,5,8377,12566,16754,20943,25131,29320,41885,62828,78180,390900
USD,15,WANITA,Flexi Cermat,,10,4302,6453,8066,10083,12099,14116,20165,30248,40330,188200
USD,15,WANITA,Flexi Cermat,,15,2918,4377,5836,7295,8208,9576,13680,20520,27360,127700
IDR,16,PRIA,Flexi Amanah,YRT,1,-,-,-,-,-,-,-,-,-,-
IDR,16,PRIA,Flexi Amanah,5,5,-,-,-,-,-,-,-,-,-,-
IDR,16,PRIA,Flexi Amanah,10,10,-,-,-,-,-,-,-,-,-,-
IDR,16,PRIA,Flexi Berkah,94,5,25.4,38.1,50.8,63.5,75.0,83.3,119.1,178.6,238.1,1,111.5
IDR,16,PRIA,Flexi Berkah,,10,13.2,19.2,23.5,29.4,35.3,41.2,58.8,82.7,110.3,551.5
IDR,16,PRIA,Flexi Berkah,,15,9.7,13.1,17.5,19.4,23.3,27.2,38.9,58.3,75.0,364.0
IDR,16,PRIA,Flexi Cermat,15,5,139.9,209.9,279.9,349.8,419.8,489.8,699.7,1,049.5,1,399.3,6,996.5
IDR,16,PRIA,Flexi Cermat,,10,73.5,110.3,147.0,183.8,220.5,257.3,367.6,551.3,735.1,3,675.5
IDR,16,PRIA,Flexi Cermat,25,5,81.5,122.3,163.1,203.8,244.6,285.4,407.7,611.5,761.0,3,805.0
IDR,16,PRIA,Flexi Cermat,,10,46.1,69.1,86.4,108.0,129.6,151.2,216.0,323.9,431.9,2,015.5
IDR,16,PRIA,Flexi Cermat,,15,31.4,47.0,62.7,75.0,88.2,102.9,147.0,220.4,293.9,1,371.5
IDR,16,PRIA,Flexi Cermat,35,5,48.1,72.2,90.2,112.7,135.3,157.8,225.5,338.2,450.9,2,104.0
IDR,16,PRIA,Flexi Cermat,,10,27.1,40.6,54.2,67.7,76.2,88.9,127.0,190.5,254.0,1,185.0
IDR,16,PRIA,Flexi Cermat,,15,19.4,29.2,38.9,48.6,58.3,68.0,91.2,136.7,182.3,850.5
USD,16,PRIA,Flexi Amanah,YRT,1,-,-,-,-,-,-,-,-,-,-
USD,16,PRIA,Flexi Amanah,5,5,-,-,-,-,-,-,-,-,-,-
USD,16,PRIA,Flexi Amanah,10,10,-,-,-,-,-,-,-,-,-,-
USD,16,PRIA,Flexi Berkah,94,5,10034,15051,20068,25085,30102,35119,50170,70238,93650,468250
USD,16,PRIA,Flexi Berkah,,10,5574,7839,10452,13065,15678,18291,26130,39195,52260,243900
USD,16,PRIA,Flexi Berkah,,15,3823,5735,7500,8960,10752,12544,17920,26880,35840,167250
USD,16,PRIA,Flexi Cermat,15,5,16838,25257,33676,42095,50514,58933,84190,126285,168380,841900
USD,16,PRIA,Flexi Cermat,,10,8741,13112,17482,21853,26223,30594,43705,65558,87410,437050
USD,16,PRIA,Flexi Cermat,25,5,12239,18359,24478,30598,36717,42837,61195,85673,114230,571150
USD,16,PRIA,Flexi Cermat,,10,6689,9407,12542,15678,18813,21949,31355,47033,62710,292650
USD,16,PRIA,Flexi Cermat,,15,4214,6321,7900,9875,11850,13825,19750,29625,39500,184350
USD,16,PRIA,Flexi Cermat,35,5,8708,13062,17416,21770,26124,30478,43540,65310,81280,406400
USD,16,PRIA,Flexi Cermat,,10,4475,6713,8392,10490,12588,14686,20980,31470,41960,195800
USD,16,PRIA,Flexi Cermat,,15,3007,4511,6014,7500,8457,9867,14095,21143,28190,131550
IDR,16,WANITA,Flexi Amanah,YRT,1,-,-,-,-,-,-,-,-,-,-
IDR,16,WANITA,Flexi Amanah,5,5,-,-,-,-,-,-,-,-,-,-
IDR,16,WANITA,Flexi Amanah,10,10,-,-,-,-,-,-,-,-,-,-
IDR,16,WANITA,Flexi Berkah,94,5,21.8,32.7,43.6,54.6,65.5,75.0,102.3,153.5,204.6,955.0
IDR,16,WANITA,Flexi Berkah,,10,11.4,17.1,20.2,25.3,30.3,35.4,50.5,75.0,94.7,473.5
IDR,16,WANITA,Flexi Berkah,,15,8.1,10.9,14.6,18.2,19.4,22.6,32.4,48.5,64.7,303.5
IDR,16,WANITA,Flexi Cermat,15,5,132.4,198.6,264.8,331.1,397.3,463.5,662.1,993.2,1,324.2,6,621.0
IDR,16,WANITA,Flexi Cermat,,10,71.4,107.1,142.7,178.4,214.1,249.8,356.9,535.3,713.7,3,568.5
IDR,16,WANITA,Flexi Cermat,25,5,80.9,121.3,161.7,202.2,242.6,283.0,404.4,606.5,754.7,3,773.5
IDR,16,WANITA,Flexi Cermat,,10,44.3,66.4,83.0,103.8,124.5,145.3,207.6,311.3,415.1,1,937.5
IDR,16,WANITA,Flexi Cermat,,15,30.4,45.6,60.8,75.0,85.4,99.7,142.4,213.6,284.8,1,329.0
IDR,16,WANITA,Flexi Cermat,35,5,47.2,70.8,88.5,110.6,132.7,154.8,221.2,331.8,442.4,2,064.5
IDR,16,WANITA,Flexi Cermat,,10,26.2,39.4,52.5,65.6,75.0,86.1,123.0,184.5,246.0,1,148.0
IDR,16,WANITA,Flexi Cermat,,15,18.6,24.8,33.1,41.4,49.7,57.9,77.6,116.4,155.2,724.0
USD,16,WANITA,Flexi Amanah,YRT,1,-,-,-,-,-,-,-,-,-,-
USD,16,WANITA,Flexi Amanah,5,5,-,-,-,-,-,-,-,-,-,-
USD,16,WANITA,Flexi Amanah,10,10,-,-,-,-,-,-,-,-,-,-
USD,16,WANITA,Flexi Berkah,94,5,8620,12930,17240,21550,25860,30170,43100,64650,80450,402250
USD,16,WANITA,Flexi Berkah,,10,4490,6735,8418,10523,12627,14732,21045,31568,42090,196400
USD,16,WANITA,Flexi Berkah,,15,3195,4793,6390,7500,8988,10486,14980,22470,29960,139800
USD,16,WANITA,Flexi Cermat,15,5,16780,25170,33560,41950,50340,58730,83900,125850,167800,839000
USD,16,WANITA,Flexi Cermat,,10,8650,12975,17300,21625,25950,30275,43250,64875,86500,432500
USD,16,WANITA,Flexi Cermat,25,5,11866,17799,23732,29665,35598,41531,59330,83063,110750,553750
USD,16,WANITA,Flexi Cermat,,10,6558,9222,12296,15370,18444,21518,30740,46110,61480,286900
USD,16,WANITA,Flexi Cermat,,15,4122,6183,7730,9663,11595,13528,19325,28988,38650,180350
USD,16,WANITA,Flexi Cermat,35,5,8396,12594,16792,20990,25188,29386,41980,62970,78360,391800
USD,16,WANITA,Flexi Cermat,,10,4308,6462,8078,10098,12117,14137,20195,30293,40390,188500
USD,16,WANITA,Flexi Cermat,,15,2922,4383,5844,7305,8220,9590,13700,20550,27400,127850
IDR,17,PRIA,Flexi Amanah,YRT,1,-,-,-,-,-,-,-,-,-,-
IDR,17,PRIA,Flexi Amanah,5,5,-,-,-,-,-,-,-,-,-,-
IDR,17,PRIA,Flexi Amanah,10,10,-,-,-,-,-,-,-,-,-,-
IDR,17,PRIA,Flexi Berkah,93,5,26.1,39.1,52.2,65.2,75.0,85.6,122.3,183.4,244.5,1,141.0
IDR,17,PRIA,Flexi Berkah,,10,13.6,19.2,24.1,30.2,36.2,42.2,60.4,84.9,113.2,566.0
IDR,17,PRIA,Flexi Berkah,,15,10.0,13.5,17.9,20.0,23.9,27.9,39.9,59.9,75.0,374.0
IDR,17,PRIA,Flexi Cermat,15,5,140.1,210.1,280.1,350.1,420.2,490.2,700.3,1,050.4,1,400.5,7,002.5
IDR,17,PRIA,Flexi Cermat,,10,73.7,110.5,147.3,184.1,221.0,257.8,368.3,552.4,736.5,3,682.5
IDR,17,PRIA,Flexi Cermat,25,5,81.6,122.4,163.2,204.0,244.8,285.6,408.1,612.1,761.7,3,808.5
IDR,17,PRIA,Flexi Cermat,,10,46.1,69.2,86.5,108.1,129.7,151.3,216.2,324.2,432.3,2,017.5
IDR,17,PRIA,Flexi Cermat,,15,31.4,47.1,62.8,75.0,88.3,103.0,147.2,220.7,294.3,1,373.5
IDR,17,PRIA,Flexi Cermat,35,5,48.2,72.3,90.4,113.0,135.5,158.1,225.9,338.9,451.8,2,108.5
IDR,17,PRIA,Flexi Cermat,,10,27.1,40.7,54.2,67.8,76.3,89.0,127.1,190.7,254.2,1,186.0
IDR,17,PRIA,Flexi Cermat,,15,19.5,29.2,39.0,48.7,58.4,68.2,91.3,137.0,182.6,852.5
USD,17,PRIA,Flexi Amanah,YRT,1,-,-,-,-,-,-,-,-,-,-
USD,17,PRIA,Flexi Amanah,5,5,-,-,-,-,-,-,-,-,-,-
USD,17,PRIA,Flexi Amanah,10,10,-,-,-,-,-,-,-,-,-,-
USD,17,PRIA,Flexi Berkah,93,5,10301,15452,20602,25753,30903,36054,51505,72105,96140,480700
USD,17,PRIA,Flexi Berkah,,10,5722,8048,10730,13413,16095,18778,26825,40238,53650,250350
USD,17,PRIA,Flexi Berkah,,15,3914,5871,7500,9175,11010,12845,18350,27525,36700,171250
USD,17,PRIA,Flexi Cermat,15,5,16842,25263,33684,42105,50526,58947,84210,126315,168420,842100
USD,17,PRIA,Flexi Cermat,,10,8748,13122,17496,21870,26244,30618,43740,65610,87480,437400
USD,17,PRIA,Flexi Cermat,25,5,12251,18377,24502,30628,36753,42879,61255,85755,114340,571700
USD,17,PRIA,Flexi Cermat,,10,6696,9417,12556,15695,18834,21973,31390,47085,62780,292950
USD,17,PRIA,Flexi Cermat,,15,4219,6329,7912,9890,11868,13846,19780,29670,39560,184600
USD,17,PRIA,Flexi Cermat,35,5,8728,13092,17456,21820,26184,30548,43640,65460,81460,407300
USD,17,PRIA,Flexi Cermat,,10,4482,6723,8404,10505,12606,14707,21010,31515,42020,196100
USD,17,PRIA,Flexi Cermat,,15,3012,4518,6024,7500,8472,9884,14120,21180,28240,131800
IDR,17,WANITA,Flexi Amanah,YRT,1,-,-,-,-,-,-,-,-,-,-
IDR,17,WANITA,Flexi Amanah,5,5,-,-,-,-,-,-,-,-,-,-
IDR,17,WANITA,Flexi Amanah,10,10,-,-,-,-,-,-,-,-,-,-
IDR,17,WANITA,Flexi Berkah,93,5,22.4,33.6,44.8,56.1,67.3,75.0,105.1,157.7,210.2,980.5
IDR,17,WANITA,Flexi Berkah,,10,11.7,17.5,20.8,26.0,31.1,36.3,51.9,75.0,97.3,486.5
IDR,17,WANITA,Flexi Berkah,,15,8.3,11.2,15.0,18.7,20.0,23.3,33.3,50.0,66.6,312.0
IDR,17,WANITA,Flexi Cermat,15,5,132.5,198.8,265.1,331.4,397.6,463.9,662.7,994.1,1,325.4,6,627.0
IDR,17,WANITA,Flexi Cermat,,10,71.5,107.3,143.0,178.8,214.5,250.3,357.6,536.3,715.1,3,575.5
IDR,17,WANITA,Flexi Cermat,25,5,80.9,121.4,161.9,202.3,242.8,283.3,404.7,607.0,755.3,3,776.5
IDR,17,WANITA,Flexi Cermat,,10,44.3,66.4,83.0,103.8,124.6,145.3,207.6,311.4,415.2,1,937.5
IDR,17,WANITA,Flexi Cermat,,15,30.4,45.6,60.8,75.0,85.5,99.8,142.6,213.8,285.1,1,330.5
IDR,17,WANITA,Flexi Cermat,35,5,47.3,70.9,88.6,110.8,132.9,155.1,221.6,332.3,443.1,2,068.0
IDR,17,WANITA,Flexi Cermat,,10,26.3,39.4,52.6,65.7,75.0,86.3,123.3,184.9,246.5,1,150.0
IDR,17,WANITA,Flexi Cermat,,15,18.6,24.9,33.1,41.4,49.7,58.0,77.7,116.5,155.3,725.0
USD,17,WANITA,Flexi Amanah,YRT,1,-,-,-,-,-,-,-,-,-,-
USD,17,WANITA,Flexi Amanah,5,5,-,-,-,-,-,-,-,-,-,-
USD,17,WANITA,Flexi Amanah,10,10,-,-,-,-,-,-,-,-,-,-
USD,17,WANITA,Flexi Berkah,93,5,8855,13283,17710,22138,26565,30993,44275,66413,82640,413200
USD,17,WANITA,Flexi Berkah,,10,4612,6918,8648,10810,12972,15134,21620,32430,43240,201800
USD,17,WANITA,Flexi Berkah,,15,3285,4928,6570,7700,9240,10780,15400,23100,30800,143700
USD,17,WANITA,Flexi Cermat,15,5,16791,25187,33582,41978,50373,58769,83955,125933,167910,839550
USD,17,WANITA,Flexi Cermat,,10,8656,12984,17312,21640,25968,30296,43280,64920,86560,432800
USD,17,WANITA,Flexi Cermat,25,5,11874,17811,23748,29685,35622,41559,59370,83115,110820,554100
USD,17,WANITA,Flexi Cermat,,10,6559,9224,12298,15373,18447,21522,30745,46118,61490,286950
USD,17,WANITA,Flexi Cermat,,15,4126,6189,7738,9673,11607,13542,19345,29018,38690,180550
USD,17,WANITA,Flexi Cermat,35,5,8414,12621,16828,21035,25242,29449,42070,63105,78530,392650
USD,17,WANITA,Flexi Cermat,,10,4314,6471,8088,10110,12132,14154,20220,30330,40440,188700
USD,17,WANITA,Flexi Cermat,,15,2927,4391,5854,7318,8232,9604,13720,20580,27440,128050
IDR,18,PRIA,Flexi Amanah,YRT,1,-,-,-,4.9,5.9,6.8,9.8,14.6,19.5,97.5
IDR,18,PRIA,Flexi Amanah,5,5,-,-,-,4.9,5.9,6.8,9.8,14.6,19.5,97.5
IDR,18,PRIA,Flexi Amanah,10,10,-,-,-,4.9,5.9,6.9,9.8,14.7,19.6,98.0
IDR,18,PRIA,Flexi Berkah,92,5,26.8,40.1,53.5,66.9,75.2,87.8,125.4,188.1,250.8,1,170.5
IDR,18,PRIA,Flexi Berkah,,10,13.9,19.2,24.8,31.0,37.1,43.3,61.9,87.1,116.1,580.5
IDR,18,PRIA,Flexi Berkah,,15,10.2,13.8,18.4,20.5,24.5,28.6,40.9,61.4,76.7,383.5
IDR,18,PRIA,Flexi Cermat,15,5,140.2,210.3,280.4,350.5,420.5,490.6,700.9,1,051.4,1,401.8,7,009.0
IDR,18,PRIA,Flexi Cermat,,10,73.8,110.7,147.6,184.5,221.4,258.3,369.0,553.4,737.9,3,689.5
IDR,18,PRIA,Flexi Cermat,25,5,81.7,122.5,163.4,204.2,245.0,285.9,408.4,612.6,762.4,3,812.0
IDR,18,PRIA,Flexi Cermat,,10,46.2,69.2,86.6,108.2,129.8,151.5,216.4,324.6,432.8,2,019.5
IDR,18,PRIA,Flexi Cermat,,15,31.4,47.2,62.9,75.0,88.4,103.2,147.4,221.1,294.8,1,375.5
IDR,18,PRIA,Flexi Cermat,35,5,48.3,72.4,90.5,113.2,135.8,158.4,226.4,339.5,452.7,2,112.5
IDR,18,PRIA,Flexi Cermat,,10,27.1,40.7,54.3,67.8,76.3,89.0,127.2,190.7,254.3,1,187.0
IDR,18,PRIA,Flexi Cermat,,15,19.5,29.3,39.0,48.8,58.6,68.3,91.5,137.3,183.0,854.0
USD,18,PRIA,Flexi Amanah,YRT,1,-,-,-,488,585,683,975,1463,1950,9750
USD,18,PRIA,Flexi Amanah,5,5,-,-,-,488,585,683,975,1463,1950,9750
USD,18,PRIA,Flexi Amanah,10,10,-,-,-,490,588,686,980,1470,1960,9800
USD,18,PRIA,Flexi Berkah,92,5,10567,15851,21134,26418,31701,36985,52835,73965,98620,493100
USD,18,PRIA,Flexi Berkah,,10,5870,8256,11008,13760,16512,19264,27520,41280,55040,256850
USD,18,PRIA,Flexi Berkah,,15,4006,6009,7512,9390,11268,13146,18780,28170,37560,175300
USD,18,PRIA,Flexi Cermat,15,5,16846,25269,33692,42115,50538,58961,84230,126345,168460,842300
USD,18,PRIA,Flexi Cermat,,10,8754,13131,17508,21885,26262,30639,43770,65655,87540,437700
USD,18,PRIA,Flexi Cermat,25,5,12263,18395,24526,30658,36789,42921,61315,85838,114450,572250
USD,18,PRIA,Flexi Cermat,,10,6702,9426,12568,15710,18852,21994,31420,47130,62840,293250
USD,18,PRIA,Flexi Cermat,,15,4225,6338,7922,9903,11883,13864,19805,29708,39610,184850
USD,18,PRIA,Flexi Cermat,35,5,8747,13121,17494,21868,26241,30615,43735,65603,81630,408150
USD,18,PRIA,Flexi Cermat,,10,4490,6735,8418,10523,12627,14732,21045,31568,42090,196400
USD,18,PRIA,Flexi Cermat,,15,3017,4526,6034,7500,8484,9898,14140,21210,28280,132000
IDR,18,WANITA,Flexi Amanah,YRT,1,-,-,-,-,4.5,5.3,7.6,11.3,15.1,75.5
IDR,18,WANITA,Flexi Amanah,5,5,-,-,-,-,4.5,5.3,7.6,11.3,15.1,75.5
IDR,18,WANITA,Flexi Amanah,10,10,-,-,-,-,4.6,5.3,7.6,11.4,15.2,76.0
IDR,18,WANITA,Flexi Berkah,92,5,23.0,34.5,46.0,57.5,69.0,75.5,107.9,161.8,215.7,1,006.5
IDR,18,WANITA,Flexi Berkah,,10,12.0,18.0,21.3,26.7,32.0,37.3,53.3,75.0,99.9,499.5
IDR,18,WANITA,Flexi Berkah,,15,8.5,11.5,15.4,19.2,20.5,23.9,34.2,51.2,68.3,320.5
IDR,18,WANITA,Flexi Cermat,15,5,132.7,199.0,265.3,331.6,398.0,464.3,663.3,994.9,1,326.5,6,632.5
IDR,18,WANITA,Flexi Cermat,,10,71.6,107.5,143.3,179.1,214.9,250.7,358.2,537.3,716.4,3,582.0
IDR,18,WANITA,Flexi Cermat,25,5,81.0,121.5,162.0,202.5,243.0,283.5,405.0,607.4,755.9,3,779.5
IDR,18,WANITA,Flexi Cermat,,10,44.3,66.5,83.1,103.8,124.6,145.4,207.7,311.5,415.3,1,938.0
IDR,18,WANITA,Flexi Cermat,,15,30.4,45.6,60.9,75.0,85.6,99.9,142.7,214.0,285.3,1,331.5
IDR,18,WANITA,Flexi Cermat,35,5,47.3,71.0,88.8,111.0,133.2,155.4,222.0,332.9,443.9,2,071.5
IDR,18,WANITA,Flexi Cermat,,10,26.3,39.5,52.7,65.9,75.0,86.4,123.5,185.2,246.9,1,152.0
IDR,18,WANITA,Flexi Cermat,,15,18.7,24.9,33.2,41.5,49.7,58.0,77.8,116.6,155.5,725.5
USD,18,WANITA,Flexi Amanah,YRT,1,-,-,-,-,453,529,755,1133,1510,7550
USD,18,WANITA,Flexi Amanah,5,5,-,-,-,-,453,529,755,1133,1510,7550
USD,18,WANITA,Flexi Amanah,10,10,-,-,-,-,456,532,760,1140,1520,7600
USD,18,WANITA,Flexi Berkah,92,5,9089,13634,18178,22723,27267,31812,45445,68168,84830,424150
USD,18,WANITA,Flexi Berkah,,10,4734,7101,8876,11095,13314,15533,22190,33285,44380,207100
USD,18,WANITA,Flexi Berkah,,15,3375,5063,6750,7910,9492,11074,15820,23730,31640,147650
USD,18,WANITA,Flexi Cermat,15,5,16801,25202,33602,42003,50403,58804,84005,126008,168010,840050
USD,18,WANITA,Flexi Cermat,,10,8663,12995,17326,21658,25989,30321,43315,64973,86630,433150
USD,18,WANITA,Flexi Cermat,25,5,11883,17825,23766,29708,35649,41591,59415,83183,110910,554550
USD,18,WANITA,Flexi Cermat,,10,6560,9225,12300,15375,18450,21525,30750,46125,61500,287000
USD,18,WANITA,Flexi Cermat,,15,4130,6195,7744,9680,11616,13552,19360,29040,38720,180700
USD,18,WANITA,Flexi Cermat,35,5,8432,12648,16864,21080,25296,29512,42160,63240,78700,393500
USD,18,WANITA,Flexi Cermat,,10,4320,6480,8100,10125,12150,14175,20250,30375,40500,189000
USD,18,WANITA,Flexi Cermat,,15,2932,4398,5864,7330,8247,9622,13745,20618,27490,128300
IDR,19,PRIA,Flexi Amanah,YRT,1,-,-,-,4.9,5.9,6.8,9.8,14.6,19.5,97.5
IDR,19,PRIA,Flexi Amanah,5,5,-,-,-,4.9,5.9,6.8,9.8,14.6,19.5,97.5
IDR,19,PRIA,Flexi Amanah,10,10,-,-,-,4.9,5.9,6.9,9.8,14.7,19.6,98.0
IDR,19,PRIA,Flexi Berkah,91,5,27.4,41.1,54.8,68.6,77.1,90.0,128.6,192.8,257.1,1,200.0
IDR,19,PRIA,Flexi Berkah,,10,14.3,19.2,25.4,31.8,38.1,44.5,63.5,89.3,119.0,595.0
IDR,19,PRIA,Flexi Berkah,,15,10.5,14.2,18.9,21.0,25.2,29.4,42.0,62.9,78.7,393.5
IDR,19,PRIA,Flexi Cermat,15,5,140.3,210.5,280.6,350.8,420.9,491.1,701.5,1,052.3,1,403.0,7,015.0
IDR,19,PRIA,Flexi Cermat,,10,73.9,110.9,147.9,184.9,221.8,258.8,369.7,554.6,739.4,3,697.0
IDR,19,PRIA,Flexi Cermat,25,5,81.8,122.6,163.5,204.4,245.3,286.2,408.8,613.2,763.1,3,815.5
IDR,19,PRIA,Flexi Cermat,,10,46.2,69.3,86.6,108.3,130.0,151.6,216.6,324.9,433.2,2,021.5
IDR,19,PRIA,Flexi Cermat,,15,31.5,47.2,63.0,75.0,88.5,103.3,147.6,221.3,295.1,1,377.5
IDR,19,PRIA,Flexi Cermat,35,5,48.4,72.6,90.7,113.4,136.1,158.8,226.8,340.2,453.6,2,117.0
IDR,19,PRIA,Flexi Cermat,,10,27.2,40.7,54.3,67.9,76.4,89.1,127.3,191.0,254.6,1,188.0
IDR,19,PRIA,Flexi Cermat,,15,19.6,29.3,39.1,48.9,58.7,68.5,91.7,137.6,183.4,856.0
USD,19,PRIA,Flexi Amanah,YRT,1,-,-,-,488,585,683,975,1463,1950,9750
USD,19,PRIA,Flexi Amanah,5,5,-,-,-,488,585,683,975,1463,1950,9750
USD,19,PRIA,Flexi Amanah,10,10,-,-,-,490,588,686,980,1470,1960,9800
USD,19,PRIA,Flexi Berkah,91,5,10834,16251,21668,27085,32502,37919,54170,75840,101120,505600
USD,19,PRIA,Flexi Berkah,,10,6019,8465,11286,14108,16929,19751,28215,42323,56430,263350
USD,19,PRIA,Flexi Berkah,,15,4098,6147,7684,9605,11526,13447,19210,28815,38420,179250
USD,19,PRIA,Flexi Cermat,15,5,16850,25275,33700,42125,50550,58975,84250,126375,168500,842500
USD,19,PRIA,Flexi Cermat,,10,8760,13140,17520,21900,26280,30660,43800,65700,87600,438000
USD,19,PRIA,Flexi Cermat,25,5,12274,18411,24548,30685,36822,42959,61370,85920,114560,572800
USD,19,PRIA,Flexi Cermat,,10,6709,9435,12580,15725,18870,22015,31450,47175,62900,293500
USD,19,PRIA,Flexi Cermat,,15,4230,6345,7932,9915,11898,13881,19830,29745,39660,185100
USD,19,PRIA,Flexi Cermat,35,5,8766,13149,17532,21915,26298,30681,43830,65745,81820,409100
USD,19,PRIA,Flexi Cermat,,10,4498,6747,8434,10543,12651,14760,21085,31628,42170,196750
USD,19,PRIA,Flexi Cermat,,15,3022,4533,6044,7500,8502,9919,14170,21255,28340,132250
IDR,19,WANITA,Flexi Amanah,YRT,1,-,-,-,-,4.5,5.3,7.6,11.3,15.1,75.5
IDR,19,WANITA,Flexi Amanah,5,5,-,-,-,-,4.5,5.3,7.6,11.3,15.1,75.5
IDR,19,WANITA,Flexi Amanah,10,10,-,-,-,-,4.6,5.3,7.6,11.4,15.2,76.0
IDR,19,WANITA,Flexi Berkah,91,5,23.6,35.4,47.2,59.0,70.8,77.5,110.7,166.0,221.3,1,032.5
IDR,19,WANITA,Flexi Berkah,,10,12.3,18.4,21.9,27.3,32.8,38.3,54.7,76.9,102.5,512.5
IDR,19,WANITA,Flexi Berkah,,15,8.8,11.8,15.8,19.2,21.1,24.6,35.1,52.7,70.2,329.0
IDR,19,WANITA,Flexi Cermat,15,5,132.8,199.2,265.5,331.9,398.3,464.7,663.9,995.8,1,327.7,6,638.5
IDR,19,WANITA,Flexi Cermat,,10,71.8,107.7,143.6,179.5,215.3,251.2,358.9,538.4,717.8,3,589.0
IDR,19,WANITA,Flexi Cermat,25,5,81.0,121.6,162.1,202.6,243.1,283.6,405.2,607.8,756.4,3,782.0
IDR,19,WANITA,Flexi Cermat,,10,44.3,66.5,83.1,103.8,124.6,145.4,207.7,311.5,415.3,1,938.0
IDR,19,WANITA,Flexi Cermat,,15,30.5,45.7,60.9,75.0,85.7,100.0,142.8,214.2,285.6,1,333.0
IDR,19,WANITA,Flexi Cermat,35,5,47.4,71.1,88.9,111.2,133.4,155.6,222.3,333.5,444.6,2,075.0
IDR,19,WANITA,Flexi Cermat,,10,26.4,39.6,52.8,66.0,75.0,86.6,123.7,185.6,247.4,1,154.5
IDR,19,WANITA,Flexi Cermat,,15,18.7,24.9,33.2,41.5,49.8,58.1,77.9,116.8,155.7,726.5
USD,19,WANITA,Flexi Amanah,YRT,1,-,-,-,-,453,529,755,1133,1510,7550
USD,19,WANITA,Flexi Amanah,5,5,-,-,-,-,453,529,755,1133,1510,7550
USD,19,WANITA,Flexi Amanah,10,10,-,-,-,-,456,532,760,1140,1520,7600
USD,19,WANITA,Flexi Berkah,91,5,9323,13985,18646,23308,27969,32631,46615,69923,87020,435100
USD,19,WANITA,Flexi Berkah,,10,4856,7284,9106,11383,13659,15936,22765,34148,45530,212450
USD,19,WANITA,Flexi Berkah,,15,3465,5198,6930,8120,9744,11368,16240,24360,32480,151600
USD,19,WANITA,Flexi Cermat,15,5,16812,25218,33624,42030,50436,58842,84060,126090,168120,840600
USD,19,WANITA,Flexi Cermat,,10,8669,13004,17338,21673,26007,30342,43345,65018,86690,433450
USD,19,WANITA,Flexi Cermat,25,5,11892,17838,23784,29730,35676,41622,59460,83243,110990,554950
USD,19,WANITA,Flexi Cermat,,10,6561,9227,12302,15378,18453,21529,30755,46133,61510,287050
USD,19,WANITA,Flexi Cermat,,15,4134,6201,7752,9690,11628,13566,19380,29070,38760,180900
USD,19,WANITA,Flexi Cermat,35,5,8451,12677,16902,21128,25353,29579,42255,63383,78880,394400
USD,19,WANITA,Flexi Cermat,,10,4326,6489,8112,10140,12168,14196,20280,30420,40560,189300
USD,19,WANITA,Flexi Cermat,,15,2936,4404,5872,7340,8259,9636,13765,20648,27530,128450
IDR,20,PRIA,Flexi Amanah,YRT,1,-,-,-,4.9,5.9,6.8,9.8,14.6,19.5,97.5
IDR,20,PRIA,Flexi Amanah,5,5,-,-,-,4.9,5.9,6.8,9.8,14.6,19.5,97.5
IDR,20,PRIA,Flexi Amanah,10,10,-,-,-,4.9,5.9,6.9,9.8,14.7,19.6,98.0
IDR,20,PRIA,Flexi Berkah,90,5,28.1,42.2,56.2,70.3,79.1,92.2,131.8,197.6,263.5,1,229.5
IDR,20,PRIA,Flexi Berkah,,10,14.6,19.5,26.0,32.5,39.0,45.5,65.1,91.5,122.0,610.0
IDR,20,PRIA,Flexi Berkah,,15,10.8,14.5,19.2,21.5,25.8,30.1,43.0,64.5,80.6,403.0
IDR,20,PRIA,Flexi Cermat,15,5,140.4,210.6,280.8,351.1,421.3,491.5,702.1,1,053.2,1,404.2,7,021.0
IDR,20,PRIA,Flexi Cermat,,10,74.1,111.1,148.2,185.2,222.2,259.3,370.4,555.6,740.8,3,704.0
IDR,20,PRIA,Flexi Cermat,25,5,81.8,122.8,163.7,204.6,245.5,286.4,409.2,613.8,763.8,3,819.0
IDR,20,PRIA,Flexi Cermat,,10,46.3,69.4,86.7,108.4,130.1,151.8,216.9,325.3,433.7,2,023.5
IDR,20,PRIA,Flexi Cermat,,15,31.5,47.3,63.0,75.0,88.7,103.4,147.8,221.6,295.5,1,379.0
IDR,20,PRIA,Flexi Cermat,35,5,48.5,72.7,90.9,113.6,136.4,159.1,227.3,340.9,454.5,2,121.0
IDR,20,PRIA,Flexi Cermat,,10,27.2,40.8,54.3,67.9,76.4,89.1,127.4,191.0,254.7,1,188.5
IDR,20,PRIA,Flexi Cermat,,15,19.6,29.4,39.2,49.0,58.8,68.6,91.9,137.9,183.8,857.5
USD,20,PRIA,Flexi Amanah,YRT,1,-,-,-,488,585,683,975,1463,1950,9750
USD,20,PRIA,Flexi Amanah,5,5,-,-,-,488,585,683,975,1463,1950,9750
USD,20,PRIA,Flexi Amanah,10,10,-,-,-,490,588,686,980,1470,1960,9800
USD,20,PRIA,Flexi Berkah,90,5,11101,16652,22202,27753,33303,38854,55505,77708,103610,518050
USD,20,PRIA,Flexi Berkah,,10,6167,8673,11564,14455,17346,20237,28910,43365,57820,269800
USD,20,PRIA,Flexi Berkah,,15,4190,6285,7856,9820,11784,13748,19640,29460,39280,183300
USD,20,PRIA,Flexi Cermat,15,5,16854,25281,33708,42135,50562,58989,84270,126405,168540,842700
USD,20,PRIA,Flexi Cermat,,10,8767,13151,17534,21918,26301,30685,43835,65753,87670,438350
USD,20,PRIA,Flexi Cermat,25,5,12286,18429,24572,30715,36858,43001,61430,86003,114670,573350
USD,20,PRIA,Flexi Cermat,,10,6716,9444,12592,15740,18888,22036,31480,47220,62960,293850
USD,20,PRIA,Flexi Cermat,,15,4235,6353,7942,9928,11913,13899,19855,29783,39710,185300
USD,20,PRIA,Flexi Cermat,35,5,8785,13178,17570,21963,26355,30748,43925,65888,81990,409950
USD,20,PRIA,Flexi Cermat,,10,4505,6758,8446,10558,12669,14781,21115,31673,42230,197100
USD,20,PRIA,Flexi Cermat,,15,3027,4541,6054,7500,8514,9933,14190,21285,28380,132450
IDR,20,WANITA,Flexi Amanah,YRT,1,-,-,-,-,4.5,5.3,7.6,11.3,15.1,75.5
IDR,20,WANITA,Flexi Amanah,5,5,-,-,-,-,4.5,5.3,7.6,11.3,15.1,75.5
IDR,20,WANITA,Flexi Amanah,10,10,-,-,-,-,4.6,5.3,7.6,11.4,15.2,76.0
IDR,20,WANITA,Flexi Berkah,90,5,24.2,36.3,48.4,60.5,72.6,79.4,113.5,170.2,226.9,1,059.0
IDR,20,WANITA,Flexi Berkah,,10,12.6,18.9,22.4,28.0,33.6,39.2,56.0,78.8,105.0,525.0
IDR,20,WANITA,Flexi Berkah,,15,9.0,12.2,16.2,19.2,21.6,25.2,36.0,54.0,72.0,337.5
IDR,20,WANITA,Flexi Cermat,15,5,132.9,199.3,265.8,332.2,398.6,465.1,664.4,996.6,1,328.8,6,644.0
IDR,20,WANITA,Flexi Cermat,,10,71.9,107.9,143.8,179.8,215.8,251.7,359.6,539.4,719.2,3,596.0
IDR,20,WANITA,Flexi Cermat,25,5,81.1,121.7,162.2,202.8,243.3,283.9,405.5,608.3,756.9,3,784.5
IDR,20,WANITA,Flexi Cermat,,10,44.3,66.5,83.1,103.9,124.6,145.4,207.7,311.6,415.4,1,938.5
IDR,20,WANITA,Flexi Cermat,,15,30.5,45.8,61.0,75.0,85.8,100.1,143.0,214.4,285.9,1,334.0
IDR,20,WANITA,Flexi Cermat,35,5,47.5,71.3,89.1,111.4,133.6,155.9,222.7,334.1,445.4,2,078.5
IDR,20,WANITA,Flexi Cermat,,10,26.4,39.6,52.9,66.1,75.0,86.7,123.9,185.9,247.8,1,156.5
IDR,20,WANITA,Flexi Cermat,,15,18.7,24.9,33.2,41.6,49.9,58.2,78.0,116.9,155.9,727.5
USD,20,WANITA,Flexi Amanah,YRT,1,-,-,-,-,453,529,755,1133,1510,7550
USD,20,WANITA,Flexi Amanah,5,5,-,-,-,-,453,529,755,1133,1510,7550
USD,20,WANITA,Flexi Amanah,10,10,-,-,-,-,456,532,760,1140,1520,7600
USD,20,WANITA,Flexi Berkah,90,5,9557,14336,19114,23893,28671,33450,47785,70000,89200,446000
USD,20,WANITA,Flexi Berkah,,10,4978,7467,9334,11668,14001,16335,23335,35003,46670,217750
USD,20,WANITA,Flexi Berkah,,15,3555,5333,7110,8333,9999,11666,16665,24998,33330,155550
USD,20,WANITA,Flexi Cermat,15,5,16823,25235,33646,42058,50469,58881,84115,126173,168230,841150
USD,20,WANITA,Flexi Cermat,,10,8675,13013,17350,21688,26025,30363,43375,65063,86750,433750
USD,20,WANITA,Flexi Cermat,25,5,11900,17850,23800,29750,35700,41650,59500,83303,111070,555350
USD,20,WANITA,Flexi Cermat,,10,6562,9228,12304,15380,18456,21532,30760,46140,61520,287050
USD,20,WANITA,Flexi Cermat,,15,4138,6207,7760,9700,11640,13580,19400,29100,38800,181050
USD,20,WANITA,Flexi Cermat,35,5,8470,12705,16940,21175,25410,29645,42350,63525,79050,395250
USD,20,WANITA,Flexi Cermat,,10,4333,6500,8124,10155,12186,14217,20310,30465,40620,189550
USD,20,WANITA,Flexi Cermat,,15,2941,4412,5882,7353,8271,9650,13785,20678,27570,128650
IDR,21,PRIA,Flexi Amanah,YRT,1,-,-,-,4.9,5.9,6.9,9.8,14.7,19.6,98.0
IDR,21,PRIA,Flexi Amanah,5,5,-,-,-,4.9,5.9,6.9,9.8,14.7,19.6,98.0
IDR,21,PRIA,Flexi Amanah,10,10,-,-,-,5.0,5.9,6.9,9.9,14.9,19.8,99.0
IDR,21,PRIA,Flexi Berkah,89,5,28.9,43.3,57.7,72.2,81.2,94.7,135.4,203.0,270.7,1,263.0
IDR,21,PRIA,Flexi Berkah,,10,15.0,20.1,26.7,33.4,40.1,46.8,66.9,94.0,125.3,626.5
IDR,21,PRIA,Flexi Berkah,,15,11.1,16.6,19.7,24.6,29.5,34.4,49.2,73.7,92.2,461.0
IDR,21,PRIA,Flexi Cermat,15,5,140.5,210.8,281.1,351.4,421.6,491.9,702.7,1,054.1,1,405.4,7,027.0
IDR,21,PRIA,Flexi Cermat,,10,74.2,111.3,148.4,185.6,222.7,259.8,371.1,556.7,742.2,3,711.0
IDR,21,PRIA,Flexi Cermat,25,5,82.1,123.1,164.1,205.1,246.2,287.2,410.3,615.4,765.8,3,829.0
IDR,21,PRIA,Flexi Cermat,,10,46.3,69.5,86.8,108.5,130.2,151.9,217.0,325.5,434.0,2,025.5
IDR,21,PRIA,Flexi Cermat,,15,31.6,47.4,63.2,75.0,88.8,103.6,148.0,222.0,296.0,1,381.5
IDR,21,PRIA,Flexi Cermat,35,5,48.7,73.0,91.3,114.1,137.0,159.8,228.3,342.4,456.5,2,130.0
IDR,21,PRIA,Flexi Cermat,,10,27.2,40.8,54.4,68.0,76.5,89.3,127.6,191.3,255.1,1,190.5
IDR,21,PRIA,Flexi Cermat,,15,19.6,29.5,39.3,49.1,58.9,68.7,92.1,138.1,184.1,859.5
USD,21,PRIA,Flexi Amanah,YRT,1,-,-,-,490,588,686,980,1470,1960,9800
USD,21,PRIA,Flexi Amanah,5,5,-,-,-,490,588,686,980,1470,1960,9800
USD,21,PRIA,Flexi Amanah,10,10,-,-,-,495,594,693,990,1485,1980,9900
USD,21,PRIA,Flexi Berkah,89,5,11404,17106,22808,28510,34212,39914,57020,79830,106440,532200
USD,21,PRIA,Flexi Berkah,,10,6335,8909,11878,14848,17817,20787,29695,44543,59390,277150
USD,21,PRIA,Flexi Berkah,,15,4297,6446,8056,10070,12084,14098,20140,30210,40280,188000
USD,21,PRIA,Flexi Cermat,15,5,16865,25298,33730,42163,50595,59028,84325,126488,168650,843250
USD,21,PRIA,Flexi Cermat,,10,8773,13160,17546,21933,26319,30706,43865,65798,87730,438650
USD,21,PRIA,Flexi Cermat,25,5,12295,18443,24590,30738,36885,43033,61475,86063,114750,573750
USD,21,PRIA,Flexi Cermat,,10,6722,9453,12604,15755,18906,22057,31510,47265,63020,294100
USD,21,PRIA,Flexi Cermat,,15,4243,6365,7956,9945,11934,13923,19890,29835,39780,185650
USD,21,PRIA,Flexi Cermat,35,5,8819,13229,17638,22048,26457,30867,44095,66143,82310,411550
USD,21,PRIA,Flexi Cermat,,10,4521,6782,8476,10595,12714,14833,21190,31785,42380,197800
USD,21,PRIA,Flexi Cermat,,15,3036,4554,6072,7500,8538,9961,14230,21345,28460,132850
IDR,21,WANITA,Flexi Amanah,YRT,1,-,-,-,-,4.5,5.3,7.6,11.3,15.1,75.5
IDR,21,WANITA,Flexi Amanah,5,5,-,-,-,-,4.6,5.3,7.6,11.4,15.2,76.0
IDR,21,WANITA,Flexi Amanah,10,10,-,-,-,-,4.6,5.4,7.7,11.6,15.4,77.0
IDR,21,WANITA,Flexi Berkah,89,5,24.9,37.3,49.7,62.2,74.6,81.6,116.6,174.9,233.2,1,088.0
IDR,21,WANITA,Flexi Berkah,,10,13.0,19.2,23.0,28.8,34.5,40.3,57.6,80.9,107.9,539.5
IDR,21,WANITA,Flexi Berkah,,15,9.3,12.5,16.7,19.2,22.3,26.0,37.1,55.7,74.2,347.5
IDR,21,WANITA,Flexi Cermat,15,5,133.0,199.5,266.0,332.5,399.0,465.5,665.0,997.5,1,330.0,6,650.0
IDR,21,WANITA,Flexi Cermat,,10,72.1,108.1,144.1,180.2,216.2,252.2,360.3,540.5,720.6,3,603.0
IDR,21,WANITA,Flexi Cermat,25,5,81.1,121.7,162.3,202.9,243.4,284.0,405.7,608.6,757.3,3,786.5
IDR,21,WANITA,Flexi Cermat,,10,44.4,66.5,83.2,104.0,124.7,145.5,207.9,311.9,415.8,1,940.5
IDR,21,WANITA,Flexi Cermat,,15,30.6,45.9,61.1,75.0,86.0,100.3,143.3,215.0,286.6,1,337.5
IDR,21,WANITA,Flexi Cermat,35,5,47.8,71.7,89.6,112.0,134.4,156.8,224.0,336.0,448.0,2,090.5
IDR,21,WANITA,Flexi Cermat,,10,26.5,39.8,53.1,66.4,75.0,87.1,124.4,186.6,248.8,1,161.0
IDR,21,WANITA,Flexi Cermat,,15,18.8,25.0,33.3,41.7,50.0,58.3,78.2,117.2,156.3,729.5
USD,21,WANITA,Flexi Amanah,YRT,1,-,-,-,-,453,529,755,1133,1510,7550
USD,21,WANITA,Flexi Amanah,5,5,-,-,-,-,456,532,760,1140,1520,7600
USD,21,WANITA,Flexi Amanah,10,10,-,-,-,-,462,539,770,1155,1540,7700
USD,21,WANITA,Flexi Berkah,89,5,9824,14736,19648,24560,29472,34384,49120,70000,91690,458450
USD,21,WANITA,Flexi Berkah,,10,5458,7676,10234,12793,15351,17910,25585,38378,51170,238800
USD,21,WANITA,Flexi Berkah,,15,3660,5490,7320,8578,10293,12009,17155,25733,34310,160150
USD,21,WANITA,Flexi Cermat,15,5,16834,25251,33668,42085,50502,58919,84170,126255,168340,841700
USD,21,WANITA,Flexi Cermat,,10,8681,13022,17362,21703,26043,30384,43405,65108,86810,434050
USD,21,WANITA,Flexi Cermat,25,5,11907,17861,23814,29768,35721,41675,59535,83348,111130,555650
USD,21,WANITA,Flexi Cermat,,10,6569,9237,12316,15395,18474,21553,30790,46185,61580,287400
USD,21,WANITA,Flexi Cermat,,15,4149,6224,7780,9725,11670,13615,19450,29175,38900,181500
USD,21,WANITA,Flexi Cermat,35,5,8514,12771,17028,21285,25542,29799,42570,63855,79460,397300
USD,21,WANITA,Flexi Cermat,,10,4352,6528,8160,10200,12240,14280,20400,30600,40800,190400
USD,21,WANITA,Flexi Cermat,,15,2953,4430,5906,7383,8304,9688,13840,20760,27680,129200
IDR,22,PRIA,Flexi Amanah,YRT,1,-,-,-,4.9,5.9,6.9,9.8,14.7,19.6,98.0
IDR,22,PRIA,Flexi Amanah,5,5,-,-,-,4.9,5.9,6.9,9.8,14.7,19.6,98.0
IDR,22,PRIA,Flexi Amanah,10,10,-,-,-,5.0,6.0,7.0,10.0,15.0,20.0,100.0
IDR,22,PRIA,Flexi Berkah,88,5,29.6,44.5,59.3,74.1,83.4,97.3,139.0,208.4,277.9,1,297.0
IDR,22,PRIA,Flexi Berkah,,10,15.4,20.6,27.4,34.3,41.2,48.0,68.6,96.5,128.6,643.0
IDR,22,PRIA,Flexi Berkah,,15,11.4,17.0,20.2,25.3,30.3,35.4,50.5,75.0,94.7,473.5
IDR,22,PRIA,Flexi Cermat,15,5,140.7,211.0,281.3,351.7,422.0,492.3,703.3,1,055.0,1,406.6,7,033.0
IDR,22,PRIA,Flexi Cermat,,10,74.4,111.5,148.7,185.9,223.1,260.3,371.8,557.7,743.6,3,718.0
IDR,22,PRIA,Flexi Cermat,25,5,82.3,123.4,164.5,205.7,246.8,287.9,411.3,617.0,767.8,3,839.0
IDR,22,PRIA,Flexi Cermat,,10,46.3,69.5,86.9,108.6,130.4,152.1,217.3,325.9,434.5,2,027.5
IDR,22,PRIA,Flexi Cermat,,15,31.6,47.4,63.3,75.0,89.0,103.8,148.3,222.5,296.6,1,384.0
IDR,22,PRIA,Flexi Cermat,35,5,48.9,73.3,91.7,114.6,137.5,160.4,229.2,343.7,458.3,2,139.0
IDR,22,PRIA,Flexi Cermat,,10,27.3,40.9,54.5,68.1,76.7,89.4,127.8,191.6,255.5,1,192.0
IDR,22,PRIA,Flexi Cermat,,15,19.7,29.5,39.4,49.2,59.0,68.9,92.3,138.4,184.5,861.0
USD,22,PRIA,Flexi Amanah,YRT,1,-,-,-,490,588,686,980,1470,1960,9800
USD,22,PRIA,Flexi Amanah,5,5,-,-,-,490,588,686,980,1470,1960,9800
USD,22,PRIA,Flexi Amanah,10,10,-,-,-,500,600,700,1000,1500,2000,10000
USD,22,PRIA,Flexi Berkah,88,5,11708,17562,23416,29270,35124,40978,58540,81953,109270,546350
USD,22,PRIA,Flexi Berkah,,10,6504,9147,12196,15245,18294,21343,30490,45735,60980,284550
USD,22,PRIA,Flexi Berkah,,15,4403,6605,8256,10320,12384,14448,20640,30960,41280,192650
USD,22,PRIA,Flexi Cermat,15,5,16876,25314,33752,42190,50628,59066,84380,126570,168760,843800
USD,22,PRIA,Flexi Cermat,,10,8779,13169,17558,21948,26337,30727,43895,65843,87790,438950
USD,22,PRIA,Flexi Cermat,25,5,12305,18458,24610,30763,36915,43068,61525,86130,114840,574200
USD,22,PRIA,Flexi Cermat,,10,6730,9464,12618,15773,18927,22082,31545,47318,63090,294400
USD,22,PRIA,Flexi Cermat,,15,4251,6377,7972,9965,11958,13951,19930,29895,39860,186000
USD,22,PRIA,Flexi Cermat,35,5,8852,13278,17704,22130,26556,30982,44260,66390,82620,413100
USD,22,PRIA,Flexi Cermat,,10,4536,6804,8506,10633,12759,14886,21265,31898,42530,198450
USD,22,PRIA,Flexi Cermat,,15,3045,4568,6090,7500,8565,9993,14275,21413,28550,133200
IDR,22,WANITA,Flexi Amanah,YRT,1,-,-,-,-,4.5,5.3,7.6,11.3,15.1,75.5
IDR,22,WANITA,Flexi Amanah,5,5,-,-,-,-,4.6,5.3,7.6,11.4,15.2,76.0
IDR,22,WANITA,Flexi Amanah,10,10,-,-,-,-,4.7,5.5,7.8,11.7,15.6,78.0
IDR,22,WANITA,Flexi Berkah,88,5,25.6,38.3,51.1,63.9,75.0,83.9,119.8,179.7,239.6,1,118.0
IDR,22,WANITA,Flexi Berkah,,10,13.3,19.2,23.7,29.6,35.5,41.4,59.2,83.2,110.9,554.5
IDR,22,WANITA,Flexi Berkah,,15,9.5,12.9,17.2,19.2,22.9,26.7,38.1,57.2,75.0,357.5
IDR,22,WANITA,Flexi Cermat,15,5,133.1,199.7,266.2,332.8,399.4,465.9,665.6,998.4,1,331.2,6,656.0
IDR,22,WANITA,Flexi Cermat,,10,72.2,108.3,144.4,180.5,216.6,252.7,361.0,541.5,722.0,3,610.0
IDR,22,WANITA,Flexi Cermat,25,5,81.2,121.8,162.4,203.0,243.6,284.2,406.0,608.9,757.8,3,789.0
IDR,22,WANITA,Flexi Cermat,,10,44.4,66.6,83.3,104.1,124.9,145.7,208.2,312.2,416.3,1,942.5
IDR,22,WANITA,Flexi Cermat,,15,30.6,46.0,61.3,75.0,86.2,100.6,143.7,215.5,287.3,1,340.5
IDR,22,WANITA,Flexi Cermat,35,5,48.1,72.1,90.1,112.7,135.2,157.7,225.3,338.0,450.6,2,103.0
IDR,22,WANITA,Flexi Cermat,,10,26.6,40.0,53.3,66.6,75.0,87.4,124.9,187.4,249.8,1,165.5
IDR,22,WANITA,Flexi Cermat,,15,18.8,25.1,33.5,41.8,50.2,58.6,78.4,117.6,156.8,732.0
USD,22,WANITA,Flexi Amanah,YRT,1,-,-,-,-,453,529,755,1133,1510,7550
USD,22,WANITA,Flexi Amanah,5,5,-,-,-,-,456,532,760,1140,1520,7600
USD,22,WANITA,Flexi Amanah,10,10,-,-,-,-,468,546,780,1170,1560,7800
USD,22,WANITA,Flexi Berkah,88,5,10092,15138,20184,25230,30276,35322,50460,70643,94190,470950
USD,22,WANITA,Flexi Berkah,,10,5606,7884,10512,13140,15768,18396,26280,39420,52560,245300
USD,22,WANITA,Flexi Berkah,,15,3766,5649,7500,8825,10590,12355,17650,26475,35300,164750
USD,22,WANITA,Flexi Cermat,15,5,16844,25266,33688,42110,50532,58954,84220,126330,168440,842200
USD,22,WANITA,Flexi Cermat,,10,8688,13032,17376,21720,26064,30408,43440,65160,86880,434400
USD,22,WANITA,Flexi Cermat,25,5,11913,17870,23826,29783,35739,41696,59565,83393,111190,555950
USD,22,WANITA,Flexi Cermat,,10,6575,9246,12328,15410,18492,21574,30820,46230,61640,287650
USD,22,WANITA,Flexi Cermat,,15,4158,6237,7798,9748,11697,13647,19495,29243,38990,181950
USD,22,WANITA,Flexi Cermat,35,5,8558,12837,17116,21395,25674,29953,42790,64185,79870,399350
USD,22,WANITA,Flexi Cermat,,10,4371,6557,8196,10245,12294,14343,20490,30735,40980,191250
USD,22,WANITA,Flexi Cermat,,15,2965,4448,5930,7413,8340,9730,13900,20850,27800,129700
IDR,23,PRIA,Flexi Amanah,YRT,1,-,-,-,4.9,5.9,6.9,9.8,14.7,19.6,98.0
IDR,23,PRIA,Flexi Amanah,5,5,-,-,-,4.9,5.9,6.9,9.8,14.7,19.6,98.0
IDR,23,PRIA,Flexi Amanah,10,10,-,-,4.0,5.1,6.1,7.1,10.1,15.2,20.2,101.0
IDR,23,PRIA,Flexi Berkah,87,5,30.4,45.6,60.8,75.0,85.5,99.8,142.6,213.8,285.1,1,330.5
IDR,23,PRIA,Flexi Berkah,,10,15.8,21.1,28.2,35.2,42.2,49.3,70.4,99.0,132.0,660.0
IDR,23,PRIA,Flexi Berkah,,15,11.7,17.5,20.7,25.9,31.1,36.3,51.9,75.0,97.2,486.0
IDR,23,PRIA,Flexi Cermat,15,5,140.8,211.2,281.6,352.0,422.4,492.8,704.0,1,055.9,1,407.9,7,039.5
IDR,23,PRIA,Flexi Cermat,,10,74.5,111.8,149.0,186.3,223.5,260.8,372.5,558.8,745.0,3,725.0
IDR,23,PRIA,Flexi Cermat,25,5,82.5,123.7,165.0,206.2,247.4,288.7,412.4,618.6,769.8,3,849.0
IDR,23,PRIA,Flexi Cermat,,10,46.4,69.6,87.0,108.7,130.5,152.2,217.5,326.2,434.9,2,029.5
IDR,23,PRIA,Flexi Cermat,,15,31.7,47.5,63.4,75.0,89.1,104.0,148.6,222.8,297.1,1,386.5
IDR,23,PRIA,Flexi Cermat,35,5,49.1,73.7,92.1,115.1,138.1,161.1,230.2,345.2,460.3,2,148.0
IDR,23,PRIA,Flexi Cermat,,10,27.3,40.9,54.6,68.2,76.7,89.5,127.9,191.9,255.8,1,194.0
IDR,23,PRIA,Flexi Cermat,,15,19.7,29.6,39.4,49.3,59.2,69.0,92.5,138.7,184.9,863.0
USD,23,PRIA,Flexi Amanah,YRT,1,-,-,-,490,588,686,980,1470,1960,9800
USD,23,PRIA,Flexi Amanah,5,5,-,-,-,490,588,686,980,1470,1960,9800
USD,23,PRIA,Flexi Amanah,10,10,-,-,404,505,606,707,1010,1515,2020,10100
USD,23,PRIA,Flexi Berkah,87,5,12011,18017,24022,30028,36033,42039,60055,84075,112100,560500
USD,23,PRIA,Flexi Berkah,,10,6673,9384,12512,15640,18768,21896,31280,46920,62560,291950
USD,23,PRIA,Flexi Berkah,,15,4510,6765,8458,10573,12687,14802,21145,31718,42290,197350
USD,23,PRIA,Flexi Cermat,15,5,16887,25331,33774,42218,50661,59105,84435,126653,168870,844350
USD,23,PRIA,Flexi Cermat,,10,8786,13179,17572,21965,26358,30751,43930,65895,87860,439300
USD,23,PRIA,Flexi Cermat,25,5,12314,18471,24628,30785,36942,43099,61570,86198,114930,574650
USD,23,PRIA,Flexi Cermat,,10,6736,9473,12630,15788,18945,22103,31575,47363,63150,294700
USD,23,PRIA,Flexi Cermat,,15,4258,6387,7984,9980,11976,13972,19960,29940,39920,186300
USD,23,PRIA,Flexi Cermat,35,5,8886,13329,17772,22215,26658,31101,44430,66645,82940,414700
USD,23,PRIA,Flexi Cermat,,10,4552,6828,8536,10670,12804,14938,21340,32010,42680,199150
USD,23,PRIA,Flexi Cermat,,15,3054,4581,6108,7500,8589,10021,14315,21473,28630,133600
IDR,23,WANITA,Flexi Amanah,YRT,1,-,-,-,-,4.6,5.3,7.6,11.4,15.2,76.0
IDR,23,WANITA,Flexi Amanah,5,5,-,-,-,-,4.6,5.3,7.6,11.4,15.2,76.0
IDR,23,WANITA,Flexi Amanah,10,10,-,-,-,-,4.7,5.5,7.9,11.9,15.8,79.0
IDR,23,WANITA,Flexi Berkah,87,5,26.2,39.3,52.4,65.6,75.0,86.1,123.0,184.4,245.9,1,147.5
IDR,23,WANITA,Flexi Berkah,,10,13.7,19.2,24.3,30.4,36.4,42.5,60.7,85.4,113.9,569.5
IDR,23,WANITA,Flexi Berkah,,15,9.8,13.2,17.6,19.6,23.5,27.4,39.2,58.8,75.0,367.5
IDR,23,WANITA,Flexi Cermat,15,5,133.2,199.8,266.5,333.1,399.7,466.3,666.2,999.2,1,332.3,6,661.5
IDR,23,WANITA,Flexi Cermat,,10,72.3,108.5,144.7,180.8,217.0,253.2,361.7,542.5,723.3,3,616.5
IDR,23,WANITA,Flexi Cermat,25,5,81.2,121.8,162.5,203.1,243.7,284.3,406.2,609.2,758.1,3,790.5
IDR,23,WANITA,Flexi Cermat,,10,44.4,66.7,83.3,104.2,125.0,145.8,208.3,312.5,416.6,1,944.5
IDR,23,WANITA,Flexi Cermat,,15,30.7,46.1,61.4,75.0,86.4,100.8,144.0,215.9,287.9,1,343.5
IDR,23,WANITA,Flexi Cermat,35,5,48.3,72.5,90.6,113.3,136.0,158.6,226.6,339.9,453.2,2,115.0
IDR,23,WANITA,Flexi Cermat,,10,26.7,40.1,53.5,66.9,75.2,87.7,125.4,188.0,250.7,1,170.0
IDR,23,WANITA,Flexi Cermat,,15,18.9,25.2,33.6,42.0,50.3,58.7,78.7,118.1,157.4,734.5
USD,23,WANITA,Flexi Amanah,YRT,1,-,-,-,-,456,532,760,1140,1520,7600
USD,23,WANITA,Flexi Amanah,5,5,-,-,-,-,456,532,760,1140,1520,7600
USD,23,WANITA,Flexi Amanah,10,10,-,-,-,-,474,553,790,1185,1580,7900
USD,23,WANITA,Flexi Berkah,87,5,10359,15539,20718,25898,31077,36257,51795,72510,96680,483400
USD,23,WANITA,Flexi Berkah,,10,5755,8094,10792,13490,16188,18886,26980,40470,53960,251800
USD,23,WANITA,Flexi Berkah,,15,3871,5807,7500,9073,10887,12702,18145,27218,36290,169350
USD,23,WANITA,Flexi Cermat,15,5,16855,25283,33710,42138,50565,58993,84275,126413,168550,842750
USD,23,WANITA,Flexi Cermat,,10,8694,13041,17388,21735,26082,30429,43470,65205,86940,434700
USD,23,WANITA,Flexi Cermat,25,5,11919,17879,23838,29798,35757,41717,59595,83430,111240,556200
USD,23,WANITA,Flexi Cermat,,10,6582,9255,12340,15425,18510,21595,30850,46275,61700,287950
USD,23,WANITA,Flexi Cermat,,15,4169,6254,7816,9770,11724,13678,19540,29310,39080,182400
USD,23,WANITA,Flexi Cermat,35,5,8602,12903,17204,21505,25806,30107,43010,64515,80280,401400
USD,23,WANITA,Flexi Cermat,,10,4390,6585,8232,10290,12348,14406,20580,30870,41160,192100
USD,23,WANITA,Flexi Cermat,,15,2977,4466,5954,7443,8373,9769,13955,20933,27910,130250
IDR,24,PRIA,Flexi Amanah,YRT,1,-,-,-,4.9,5.9,6.9,9.8,14.7,19.6,98.0
IDR,24,PRIA,Flexi Amanah,5,5,-,-,-,4.9,5.9,6.9,9.8,14.7,19.6,98.0
IDR,24,PRIA,Flexi Amanah,10,10,-,-,4.1,5.1,6.1,7.1,10.2,15.3,20.4,102.0
IDR,24,PRIA,Flexi Berkah,86,5,31.2,46.8,62.4,75.0,87.7,102.3,146.2,219.2,292.3,1,364.0
IDR,24,PRIA,Flexi Berkah,,10,16.2,21.6,28.9,36.1,43.3,50.5,72.2,101.5,135.3,676.5
IDR,24,PRIA,Flexi Berkah,,15,12.0,18.0,21.3,26.6,31.9,37.2,53.2,75.0,99.8,499.0
IDR,24,PRIA,Flexi Cermat,15,5,140.9,211.4,281.8,352.3,422.7,493.2,704.6,1,056.8,1,409.1,7,045.5
IDR,24,PRIA,Flexi Cermat,,10,74.7,112.0,149.3,186.6,224.0,261.3,373.3,559.9,746.5,3,732.5
IDR,24,PRIA,Flexi Cermat,25,5,82.7,124.0,165.4,206.7,248.1,289.4,413.5,620.2,771.8,3,859.0
IDR,24,PRIA,Flexi Cermat,,10,46.4,69.7,87.1,108.9,130.6,152.4,217.7,326.6,435.4,2,032.0
IDR,24,PRIA,Flexi Cermat,,15,31.7,47.6,63.5,75.0,89.3,104.2,148.8,223.2,297.6,1,389.0
IDR,24,PRIA,Flexi Cermat,35,5,49.3,74.0,92.4,115.6,138.7,161.8,231.1,346.7,462.2,2,156.5
IDR,24,PRIA,Flexi Cermat,,10,27.3,41.0,54.7,68.3,76.9,89.7,128.1,192.2,256.2,1,195.5
IDR,24,PRIA,Flexi Cermat,,15,19.8,29.6,39.5,49.4,59.3,69.2,92.7,139.0,185.3,864.5
USD,24,PRIA,Flexi Amanah,YRT,1,-,-,-,490,588,686,980,1470,1960,9800
USD,24,PRIA,Flexi Amanah,5,5,-,-,-,490,588,686,980,1470,1960,9800
USD,24,PRIA,Flexi Amanah,10,10,-,-,408,510,612,714,1020,1530,2040,10200
USD,24,PRIA,Flexi Berkah,86,5,12314,18471,24628,30785,36942,43099,61570,86198,114930,574650
USD,24,PRIA,Flexi Berkah,,10,6841,9620,12826,16033,19239,22446,32065,48098,64130,299300
USD,24,PRIA,Flexi Berkah,,15,4618,6927,8658,10823,12987,15152,21645,32468,43290,202000
USD,24,PRIA,Flexi Cermat,15,5,16897,25346,33794,42243,50691,59140,84485,126728,168970,844850
USD,24,PRIA,Flexi Cermat,,10,8792,13188,17584,21980,26376,30772,43960,65940,87920,439600
USD,24,PRIA,Flexi Cermat,25,5,12323,18485,24646,30808,36969,43131,61615,86265,115020,575100
USD,24,PRIA,Flexi Cermat,,10,6742,9482,12642,15803,18963,22124,31605,47408,63210,295000
USD,24,PRIA,Flexi Cermat,,15,4266,6399,8000,10000,12000,14000,20000,30000,40000,186650
USD,24,PRIA,Flexi Cermat,35,5,8920,13380,17840,22300,26760,31220,44600,66900,83250,416250
USD,24,PRIA,Flexi Cermat,,10,4568,6852,8566,10708,12849,14991,21415,32123,42830,199850
USD,24,PRIA,Flexi Cermat,,15,3062,4593,6124,7500,8613,10049,14355,21533,28710,134000
IDR,24,WANITA,Flexi Amanah,YRT,1,-,-,-,-,4.6,5.3,7.6,11.4,15.2,76.0
IDR,24,WANITA,Flexi Amanah,5,5,-,-,-,-,4.6,5.3,7.6,11.4,15.2,76.0
IDR,24,WANITA,Flexi Amanah,10,10,-,-,-,-,4.8,5.6,8.0,12.0,16.0,80.0
IDR,24,WANITA,Flexi Berkah,86,5,26.9,40.4,53.8,67.3,75.7,88.3,126.1,189.2,252.2,1,177.0
IDR,24,WANITA,Flexi Berkah,,10,14.0,19.2,24.9,31.2,37.4,43.6,62.3,87.6,116.8,584.0
IDR,24,WANITA,Flexi Berkah,,15,10.1,13.6,18.1,20.2,24.2,28.2,40.3,60.5,75.5,377.5
IDR,24,WANITA,Flexi Cermat,15,5,133.4,200.0,266.7,333.4,400.1,466.7,666.8,1,000.1,1,333.5,6,667.5
IDR,24,WANITA,Flexi Cermat,,10,72.5,108.7,144.9,181.2,217.4,253.6,362.4,543.5,724.7,3,623.5
IDR,24,WANITA,Flexi Cermat,25,5,81.3,121.9,162.5,203.2,243.8,284.4,406.4,609.5,758.5,3,792.5
IDR,24,WANITA,Flexi Cermat,,10,44.5,66.7,83.4,104.3,125.1,146.0,208.6,312.8,417.1,1,946.5
IDR,24,WANITA,Flexi Cermat,,15,30.8,46.2,61.6,75.0,86.6,101.0,144.3,216.5,288.6,1,347.0
IDR,24,WANITA,Flexi Cermat,35,5,48.6,72.9,91.2,114.0,136.8,159.6,228.0,341.9,455.9,2,127.5
IDR,24,WANITA,Flexi Cermat,,10,26.9,40.3,53.7,67.1,75.5,88.1,125.9,188.8,251.7,1,174.5
IDR,24,WANITA,Flexi Cermat,,15,18.9,25.2,33.7,42.1,50.5,58.9,78.9,118.4,157.8,736.5
USD,24,WANITA,Flexi Amanah,YRT,1,-,-,-,-,456,532,760,1140,1520,7600
USD,24,WANITA,Flexi Amanah,5,5,-,-,-,-,456,532,760,1140,1520,7600
USD,24,WANITA,Flexi Amanah,10,10,-,-,-,-,480,560,800,1200,1600,8000
USD,24,WANITA,Flexi Berkah,86,5,10626,15939,21252,26565,31878,37191,53130,74385,99180,495900
USD,24,WANITA,Flexi Berkah,,10,5903,8301,11068,13835,16602,19369,27670,41505,55340,258250
USD,24,WANITA,Flexi Berkah,,15,3976,5964,7500,9320,11184,13048,18640,27960,37280,173950
USD,24,WANITA,Flexi Cermat,15,5,16866,25299,33732,42165,50598,59031,84330,126495,168660,843300
USD,24,WANITA,Flexi Cermat,,10,8700,13050,17400,21750,26100,30450,43500,65250,87000,435000
USD,24,WANITA,Flexi Cermat,25,5,11925,17888,23850,29813,35775,41738,59625,83475,111300,556500
USD,24,WANITA,Flexi Cermat,,10,6589,9266,12354,15443,18531,21620,30885,46328,61770,288250
USD,24,WANITA,Flexi Cermat,,15,4178,6267,7834,9793,11751,13710,19585,29378,39170,182800
USD,24,WANITA,Flexi Cermat,35,5,8646,12969,17292,21615,25938,30261,43230,64845,80700,403500
USD,24,WANITA,Flexi Cermat,,10,4410,6615,8268,10335,12402,14469,20670,31005,41340,192900
USD,24,WANITA,Flexi Cermat,,15,2989,4484,5978,7473,8406,9807,14010,21015,28020,130750
IDR,25,PRIA,Flexi Amanah,YRT,1,-,-,-,4.9,5.9,6.9,9.8,14.7,19.6,98.0
IDR,25,PRIA,Flexi Amanah,5,5,-,-,-,4.9,5.9,6.9,9.8,14.7,19.6,98.0
IDR,25,PRIA,Flexi Amanah,10,10,-,-,4.1,5.2,6.2,7.2,10.3,15.5,20.6,103.0
IDR,25,PRIA,Flexi Berkah,85,5,31.9,47.9,63.9,75.0,89.9,104.8,149.8,224.6,299.5,1,397.5
IDR,25,PRIA,Flexi Berkah,,10,16.6,22.2,29.6,37.0,44.3,51.7,73.9,104.0,138.6,693.0
IDR,25,PRIA,Flexi Berkah,,15,12.3,18.4,21.8,27.3,32.7,38.2,54.6,76.7,102.3,511.5
IDR,25,PRIA,Flexi Cermat,15,5,141.0,211.5,282.1,352.6,423.1,493.6,705.2,1,057.7,1,410.3,7,051.5
IDR,25,PRIA,Flexi Cermat,,10,74.8,112.2,149.6,187.0,224.4,261.8,374.0,560.9,747.9,3,739.5
IDR,25,PRIA,Flexi Cermat,25,5,82.9,124.4,165.8,207.3,248.7,290.2,414.6,621.8,773.8,3,869.0
IDR,25,PRIA,Flexi Cermat,,10,46.5,69.7,87.2,109.0,130.7,152.5,217.9,326.9,435.8,2,034.0
IDR,25,PRIA,Flexi Cermat,,15,31.8,47.7,63.6,75.0,89.4,104.3,149.1,223.6,298.1,1,391.5
IDR,25,PRIA,Flexi Cermat,35,5,49.5,74.3,92.8,116.0,139.2,162.4,232.1,348.1,464.1,2,166.0
IDR,25,PRIA,Flexi Cermat,,10,27.4,41.1,54.7,68.4,77.0,89.8,128.3,192.5,256.6,1,197.5
IDR,25,PRIA,Flexi Cermat,,15,19.8,29.7,39.6,49.5,59.4,69.3,92.8,139.2,185.6,866.5
USD,25,PRIA,Flexi Amanah,YRT,1,-,-,-,490,588,686,980,1470,1960,9800
USD,25,PRIA,Flexi Amanah,5,5,-,-,-,490,588,686,980,1470,1960,9800
USD,25,PRIA,Flexi Amanah,10,10,-,-,412,515,618,721,1030,1545,2060,10300
USD,25,PRIA,Flexi Berkah,85,5,12617,18926,25234,31543,37851,44160,63085,88320,117760,588800
USD,25,PRIA,Flexi Berkah,,10,7010,9858,13144,16430,19716,23002,32860,49290,65720,306650
USD,25,PRIA,Flexi Berkah,,15,4725,7088,8860,11075,13290,15505,22150,33225,44300,206700
USD,25,PRIA,Flexi Cermat,15,5,16908,25362,33816,42270,50724,59178,84540,126810,169080,845400
USD,25,PRIA,Flexi Cermat,,10,8798,13197,17596,21995,26394,30793,43990,65985,87980,439900
USD,25,PRIA,Flexi Cermat,25,5,12333,18500,24666,30833,36999,43166,61665,86333,115110,575550
USD,25,PRIA,Flexi Cermat,,10,6750,9492,12656,15820,18984,22148,31640,47460,63280,295300
USD,25,PRIA,Flexi Cermat,,15,4274,6411,8014,10018,12021,14025,20035,30053,40070,186950
USD,25,PRIA,Flexi Cermat,35,5,8954,13431,17908,22385,26862,31339,44770,67155,83570,417850
USD,25,PRIA,Flexi Cermat,,10,4583,6875,8594,10743,12891,15040,21485,32228,42970,200500
USD,25,PRIA,Flexi Cermat,,15,3071,4607,6142,7500,8637,10077,14395,21593,28790,134350
IDR,25,WANITA,Flexi Amanah,YRT,1,-,-,-,-,4.6,5.4,7.7,11.5,15.3,76.5
IDR,25,WANITA,Flexi Amanah,5,5,-,-,-,-,4.6,5.4,7.7,11.5,15.3,76.5
IDR,25,WANITA,Flexi Amanah,10,10,-,-,-,4.1,4.9,5.7,8.1,12.2,16.2,81.0
IDR,25,WANITA,Flexi Berkah,85,5,27.6,41.4,55.2,69.0,77.6,90.5,129.3,193.9,258.5,1,206.5
IDR,25,WANITA,Flexi Berkah,,10,14.4,19.2,25.5,31.9,38.3,44.7,63.9,89.8,119.7,598.5
IDR,25,WANITA,Flexi Berkah,,15,10.3,14.0,18.6,20.7,24.8,28.9,41.3,62.0,77.5,387.5
IDR,25,WANITA,Flexi Cermat,15,5,133.5,200.2,266.9,333.7,400.4,467.1,667.3,1,001.0,1,334.6,6,673.0
IDR,25,WANITA,Flexi Cermat,,10,72.6,108.9,145.2,181.5,217.8,254.1,363.1,544.6,726.1,3,630.5
IDR,25,WANITA,Flexi Cermat,25,5,81.3,122.0,162.6,203.3,243.9,284.6,406.6,609.8,758.9,3,794.5
IDR,25,WANITA,Flexi Cermat,,10,44.5,66.8,83.5,104.4,125.3,146.1,208.8,313.1,417.5,1,948.0
IDR,25,WANITA,Flexi Cermat,,15,30.9,46.3,61.7,75.0,86.8,101.3,144.7,217.0,289.3,1,350.0
IDR,25,WANITA,Flexi Cermat,35,5,48.9,73.4,91.7,114.6,137.6,160.5,229.3,343.9,458.5,2,139.5
IDR,25,WANITA,Flexi Cermat,,10,27.0,40.4,53.9,67.4,75.8,88.4,126.4,189.5,252.7,1,179.0
IDR,25,WANITA,Flexi Cermat,,15,19.0,25.3,33.8,42.2,50.7,59.1,79.2,118.7,158.3,739.0
USD,25,WANITA,Flexi Amanah,YRT,1,-,-,-,-,459,536,765,1148,1530,7650
USD,25,WANITA,Flexi Amanah,5,5,-,-,-,-,459,536,765,1148,1530,7650
USD,25,WANITA,Flexi Amanah,10,10,-,-,-,405,486,567,810,1215,1620,8100
USD,25,WANITA,Flexi Berkah,85,5,10893,16340,21786,27233,32679,38126,54465,76253,101670,508350
USD,25,WANITA,Flexi Berkah,,10,6052,8511,11348,14185,17022,19859,28370,42555,56740,264800
USD,25,WANITA,Flexi Berkah,,15,4082,6123,7654,9568,11481,13395,19135,28703,38270,178550
USD,25,WANITA,Flexi Cermat,15,5,16876,25314,33752,42190,50628,59066,84380,126570,168760,843800
USD,25,WANITA,Flexi Cermat,,10,8707,13061,17414,21768,26121,30475,43535,65303,87070,435350
USD,25,WANITA,Flexi Cermat,25,5,11931,17897,23862,29828,35793,41759,59655,83520,111360,556800
USD,25,WANITA,Flexi Cermat,,10,6595,9275,12366,15458,18549,21641,30915,46373,61830,288550
USD,25,WANITA,Flexi Cermat,,15,4188,6282,7852,9815,11778,13741,19630,29445,39260,183250
USD,25,WANITA,Flexi Cermat,35,5,8690,13035,17380,21725,26070,30415,43450,65175,81110,405550
USD,25,WANITA,Flexi Cermat,,10,4429,6644,8304,10380,12456,14532,20760,31140,41520,193750
USD,25,WANITA,Flexi Cermat,,15,3001,4502,6002,7500,8439,9846,14065,21098,28130,131300
IDR,26,PRIA,Flexi Amanah,YRT,1,-,-,-,5.0,6.0,7.0,10.0,15.0,20.0,100.0
IDR,26,PRIA,Flexi Amanah,5,5,-,-,4.0,5.1,6.1,7.1,10.1,15.2,20.2,101.0
IDR,26,PRIA,Flexi Amanah,10,10,-,-,4.3,5.4,6.5,7.5,10.8,16.1,21.5,107.5
IDR,26,PRIA,Flexi Berkah,84,5,32.9,49.4,65.8,77.1,92.6,108.0,154.3,231.4,308.5,1,439.5
IDR,26,PRIA,Flexi Berkah,,10,17.1,22.8,30.5,38.1,45.7,53.3,75.0,107.1,142.8,700.0
IDR,26,PRIA,Flexi Berkah,,15,12.7,19.0,22.5,28.1,33.8,39.4,56.3,79.1,105.5,527.5
IDR,26,PRIA,Flexi Cermat,15,5,141.2,211.7,282.3,352.9,423.5,494.0,705.8,1,058.6,1,411.5,7,057.5
IDR,26,PRIA,Flexi Cermat,,10,74.9,112.4,149.9,187.3,224.8,262.3,374.7,562.0,749.3,3,746.5
IDR,26,PRIA,Flexi Cermat,25,5,83.2,124.7,166.3,207.9,249.5,291.0,415.8,623.6,776.1,3,880.5
IDR,26,PRIA,Flexi Cermat,,10,46.6,69.8,87.3,109.1,130.9,152.7,218.2,327.3,436.4,2,036.5
IDR,26,PRIA,Flexi Cermat,,15,31.9,47.8,63.8,75.0,89.7,104.6,149.5,224.2,298.9,1,395.0
IDR,26,PRIA,Flexi Cermat,35,5,49.8,74.6,93.3,116.6,140.0,163.3,233.3,349.9,466.5,2,177.0
IDR,26,PRIA,Flexi Cermat,,10,27.4,41.1,54.8,68.5,77.1,90.0,128.5,192.8,257.0,1,199.0
IDR,26,PRIA,Flexi Cermat,,15,19.9,29.8,39.7,49.7,59.6,69.5,93.1,139.7,186.2,869.0
USD,26,PRIA,Flexi Amanah,YRT,1,-,-,-,500,600,700,1000,1500,2000,10000
USD,26,PRIA,Flexi Amanah,5,5,-,-,404,505,606,707,1010,1515,2020,10100
USD,26,PRIA,Flexi Amanah,10,10,-,-,430,538,645,753,1075,1613,2150,10750
USD,26,PRIA,Flexi Berkah,84,5,12768,19152,25536,31920,38304,44688,63840,89378,119170,595850
USD,26,PRIA,Flexi Berkah,,10,7094,9975,13300,16625,19950,23275,33250,49875,66500,310350
USD,26,PRIA,Flexi Berkah,,15,4775,7163,8954,11193,13431,15670,22385,33578,44770,208900
USD,26,PRIA,Flexi Cermat,15,5,16916,25374,33832,42290,50748,59206,84580,126870,169160,845800
USD,26,PRIA,Flexi Cermat,,10,8805,13208,17610,22013,26415,30818,44025,66038,88050,440250
USD,26,PRIA,Flexi Cermat,25,5,12359,18539,24718,30898,37077,43257,61795,86513,115350,576750
USD,26,PRIA,Flexi Cermat,,10,6760,9507,12676,15845,19014,22183,31690,47535,63380,295750
USD,26,PRIA,Flexi Cermat,,15,4276,6414,8018,10023,12027,14032,20045,30068,40090,187100
USD,26,PRIA,Flexi Cermat,35,5,8987,13481,17974,22468,26961,31455,44935,67403,83880,419400
USD,26,PRIA,Flexi Cermat,,10,4604,6906,8632,10790,12948,15106,21580,32370,43160,201450
USD,26,PRIA,Flexi Cermat,,15,3088,4632,6176,7500,8685,10133,14475,21713,28950,135100
IDR,26,WANITA,Flexi Amanah,YRT,1,-,-,-,-,4.7,5.5,7.9,11.8,15.7,78.5
IDR,26,WANITA,Flexi Amanah,5,5,-,-,-,-,4.7,5.5,7.9,11.8,15.7,78.5
IDR,26,WANITA,Flexi Amanah,10,10,-,-,-,4.2,5.0,5.8,8.4,12.5,16.7,83.5
IDR,26,WANITA,Flexi Berkah,84,5,28.3,42.5,56.7,70.8,79.7,93.0,132.8,199.2,265.6,1,239.5
IDR,26,WANITA,Flexi Berkah,,10,14.8,19.7,26.2,32.8,39.4,45.9,65.6,92.3,123.0,615.0
IDR,26,WANITA,Flexi Berkah,,15,10.6,14.3,19.1,21.3,25.5,29.8,42.5,63.8,79.7,398.5
IDR,26,WANITA,Flexi Cermat,15,5,133.6,200.4,267.2,334.0,400.7,467.5,667.9,1,001.9,1,335.8,6,679.0
IDR,26,WANITA,Flexi Cermat,,10,72.8,109.1,145.5,181.9,218.3,254.6,363.8,545.6,727.5,3,637.5
IDR,26,WANITA,Flexi Cermat,25,5,81.4,122.1,162.8,203.5,244.1,284.8,406.9,610.4,759.5,3,797.5
IDR,26,WANITA,Flexi Cermat,,10,44.6,66.9,83.6,104.5,125.4,146.3,209.1,313.6,418.1,1,951.0
IDR,26,WANITA,Flexi Cermat,,15,30.9,46.4,61.8,75.0,87.0,101.5,145.0,217.4,289.9,1,353.0
IDR,26,WANITA,Flexi Cermat,35,5,49.1,73.7,92.1,115.1,138.2,161.2,230.3,345.4,460.5,2,149.0
IDR,26,WANITA,Flexi Cermat,,10,27.0,40.5,54.0,67.5,75.9,88.6,126.5,189.8,253.0,1,180.5
IDR,26,WANITA,Flexi Cermat,,15,19.0,25.4,33.9,42.3,50.8,59.3,79.4,119.0,158.7,740.5
USD,26,WANITA,Flexi Amanah,YRT,1,-,-,-,-,471,550,785,1178,1570,7850
USD,26,WANITA,Flexi Amanah,5,5,-,-,-,-,471,550,785,1178,1570,7850
USD,26,WANITA,Flexi Amanah,10,10,-,-,-,418,501,585,835,1253,1670,8350
USD,26,WANITA,Flexi Berkah,84,5,11061,16592,22122,27653,33183,38714,55305,77430,103240,516200
USD,26,WANITA,Flexi Berkah,,10,6145,8642,11522,14403,17283,20164,28805,43208,57610,268850
USD,26,WANITA,Flexi Berkah,,15,4145,6218,7772,9715,11658,13601,19430,29145,38860,181350
USD,26,WANITA,Flexi Cermat,15,5,16887,25331,33774,42218,50661,59105,84435,126653,168870,844350
USD,26,WANITA,Flexi Cermat,,10,8713,13070,17426,21783,26139,30496,43565,65348,87130,435650
USD,26,WANITA,Flexi Cermat,25,5,11951,17927,23902,29878,35853,41829,59755,83663,111550,557750
USD,26,WANITA,Flexi Cermat,,10,6604,9287,12382,15478,18573,21669,30955,46433,61910,288950
USD,26,WANITA,Flexi Cermat,,15,4197,6296,7870,9838,11805,13773,19675,29513,39350,183600
USD,26,WANITA,Flexi Cermat,35,5,8728,13092,17456,21820,26184,30548,43640,65460,81460,407300
USD,26,WANITA,Flexi Cermat,,10,4450,6675,8344,10430,12516,14602,20860,31290,41720,194700
USD,26,WANITA,Flexi Cermat,,15,3016,4524,6032,7500,8484,9898,14140,21210,28280,131950
IDR,27,PRIA,Flexi Amanah,YRT,1,-,-,4.1,5.1,6.1,7.1,10.2,15.2,20.3,101.5
IDR,27,PRIA,Flexi Amanah,5,5,-,-,4.2,5.2,6.3,7.3,10.5,15.7,20.9,104.5
IDR,27,PRIA,Flexi Amanah,10,10,-,-,4.5,5.6,6.7,7.8,11.2,16.8,22.4,112.0
IDR,27,PRIA,Flexi Berkah,83,5,33.9,50.8,67.7,79.4,95.3,111.2,158.8,238.2,317.6,1,482.0
IDR,27,PRIA,Flexi Berkah,,10,17.6,23.5,31.4,39.2,47.0,54.9,75.0,110.3,147.0,700.0
IDR,27,PRIA,Flexi Berkah,,15,13.0,19.2,23.2,29.0,34.8,40.6,58.0,81.5,108.7,543.5
IDR,27,PRIA,Flexi Cermat,15,5,141.3,211.9,282.5,353.2,423.8,494.4,706.4,1,059.5,1,412.7,7,063.5
IDR,27,PRIA,Flexi Cermat,,10,75.1,112.6,150.1,187.7,225.2,262.7,375.4,563.0,750.7,3,753.5
IDR,27,PRIA,Flexi Cermat,25,5,83.4,125.1,166.8,208.5,250.2,291.9,417.0,625.5,778.4,3,892.0
IDR,27,PRIA,Flexi Cermat,,10,46.6,69.9,87.4,109.3,131.1,153.0,218.6,327.8,437.1,2,040.0
IDR,27,PRIA,Flexi Cermat,,15,32.0,48.0,63.9,75.0,89.9,104.9,149.9,224.8,299.7,1,398.5
IDR,27,PRIA,Flexi Cermat,35,5,50.0,75.0,93.8,117.3,140.7,164.2,234.5,351.8,469.0,2,188.5
IDR,27,PRIA,Flexi Cermat,,10,27.5,41.2,54.9,68.6,77.2,90.1,128.7,193.0,257.3,1,201.0
IDR,27,PRIA,Flexi Cermat,,15,19.9,29.9,39.8,49.8,59.8,69.7,93.4,140.1,186.8,871.5
USD,27,PRIA,Flexi Amanah,YRT,1,-,-,406,508,609,711,1015,1523,2030,10150
USD,27,PRIA,Flexi Amanah,5,5,-,-,418,523,627,732,1045,1568,2090,10450
USD,27,PRIA,Flexi Amanah,10,10,-,-,448,560,672,784,1120,1680,2240,11200
USD,27,PRIA,Flexi Berkah,83,5,12920,19380,25840,32300,38760,45220,64600,90435,120580,602900
USD,27,PRIA,Flexi Berkah,,10,7178,10094,13458,16823,20187,23552,33645,50468,67290,314000
USD,27,PRIA,Flexi Berkah,,15,4825,7238,9046,11308,13569,15831,22615,33923,45230,211100
USD,27,PRIA,Flexi Cermat,15,5,16923,25385,33846,42308,50769,59231,84615,126923,169230,846150
USD,27,PRIA,Flexi Cermat,,10,8811,13217,17622,22028,26433,30839,44055,66083,88110,440550
USD,27,PRIA,Flexi Cermat,25,5,12384,18576,24768,30960,37152,43344,61920,86685,115580,577900
USD,27,PRIA,Flexi Cermat,,10,6770,9521,12694,15868,19041,22215,31735,47603,63470,296200
USD,27,PRIA,Flexi Cermat,,15,4278,6417,8022,10028,12033,14039,20055,30083,40110,187200
USD,27,PRIA,Flexi Cermat,35,5,9021,13532,18042,22553,27063,31574,45105,67658,84200,421000
USD,27,PRIA,Flexi Cermat,,10,4625,6938,8672,10840,13008,15176,21680,32520,43360,202350
USD,27,PRIA,Flexi Cermat,,15,3105,4658,6210,7500,8733,10189,14555,21833,29110,135850
IDR,27,WANITA,Flexi Amanah,YRT,1,-,-,-,4.0,4.8,5.6,8.1,12.1,16.1,80.5
IDR,27,WANITA,Flexi Amanah,5,5,-,-,-,4.1,4.9,5.7,8.1,12.2,16.2,81.0
IDR,27,WANITA,Flexi Amanah,10,10,-,-,-,4.3,5.2,6.0,8.6,12.9,17.2,86.0
IDR,27,WANITA,Flexi Berkah,83,5,29.1,43.6,58.2,72.7,81.8,95.4,136.4,204.5,272.7,1,272.5
IDR,27,WANITA,Flexi Berkah,,10,15.2,20.2,26.9,33.7,40.4,47.1,67.3,94.7,126.2,631.0
IDR,27,WANITA,Flexi Berkah,,15,10.9,16.4,19.4,24.3,29.1,34.0,48.5,72.8,90.9,454.5
IDR,27,WANITA,Flexi Cermat,15,5,133.7,200.5,267.4,334.2,401.1,467.9,668.5,1,002.7,1,336.9,6,684.5
IDR,27,WANITA,Flexi Cermat,,10,72.9,109.3,145.8,182.2,218.7,255.1,364.5,546.7,728.9,3,644.5
IDR,27,WANITA,Flexi Cermat,25,5,81.4,122.2,162.9,203.6,244.3,285.0,407.2,610.8,760.1,3,800.5
IDR,27,WANITA,Flexi Cermat,,10,44.7,67.0,83.7,104.7,125.6,146.5,209.4,314.0,418.7,1,953.5
IDR,27,WANITA,Flexi Cermat,,15,31.0,46.5,62.0,75.0,87.1,101.6,145.2,217.8,290.4,1,355.0
IDR,27,WANITA,Flexi Cermat,35,5,49.3,74.0,92.5,115.7,138.8,161.9,231.3,347.0,462.6,2,159.0
IDR,27,WANITA,Flexi Cermat,,10,27.0,40.5,54.0,67.6,76.0,88.7,126.7,190.1,253.4,1,182.5
IDR,27,WANITA,Flexi Cermat,,15,19.1,25.4,33.9,42.4,50.9,59.4,79.5,119.3,159.0,742.0
USD,27,WANITA,Flexi Amanah,YRT,1,-,-,-,403,483,564,805,1208,1610,8050
USD,27,WANITA,Flexi Amanah,5,5,-,-,-,405,486,567,810,1215,1620,8100
USD,27,WANITA,Flexi Amanah,10,10,-,-,-,430,516,602,860,1290,1720,8600
USD,27,WANITA,Flexi Berkah,83,5,11228,16842,22456,28070,33684,39298,56140,78600,104800,524000
USD,27,WANITA,Flexi Berkah,,10,6238,8774,11698,14623,17547,20472,29245,43868,58490,272950
USD,27,WANITA,Flexi Berkah,,15,4207,6311,7888,9860,11832,13804,19720,29580,39440,184050
USD,27,WANITA,Flexi Cermat,15,5,16898,25347,33796,42245,50694,59143,84490,126735,168980,844900
USD,27,WANITA,Flexi Cermat,,10,8719,13079,17438,21798,26157,30517,43595,65393,87190,435950
USD,27,WANITA,Flexi Cermat,25,5,11972,17958,23944,29930,35916,41902,59860,83805,111740,558700
USD,27,WANITA,Flexi Cermat,,10,6613,9300,12400,15500,18600,21700,31000,46500,62000,289300
USD,27,WANITA,Flexi Cermat,,15,4205,6308,7884,9855,11826,13797,19710,29565,39420,183950
USD,27,WANITA,Flexi Cermat,35,5,8765,13148,17530,21913,26295,30678,43825,65738,81800,409000
USD,27,WANITA,Flexi Cermat,,10,4472,6708,8386,10483,12579,14676,20965,31448,41930,195650
USD,27,WANITA,Flexi Cermat,,15,3032,4548,6064,7500,8529,9951,14215,21323,28430,132650
IDR,28,PRIA,Flexi Amanah,YRT,1,-,-,4.1,5.2,6.2,7.2,10.4,15.5,20.7,103.5
IDR,28,PRIA,Flexi Amanah,5,5,-,-,4.3,5.4,6.5,7.5,10.8,16.1,21.5,107.5
IDR,28,PRIA,Flexi Amanah,10,10,-,-,4.7,5.9,7.0,8.2,11.7,17.6,23.4,117.0
IDR,28,PRIA,Flexi Berkah,82,5,34.8,52.2,69.7,81.7,98.0,114.3,163.3,245.0,326.6,1,524.0
IDR,28,PRIA,Flexi Berkah,,10,18.1,24.2,32.3,40.3,48.4,56.5,75.6,113.4,151.2,705.5
IDR,28,PRIA,Flexi Berkah,,15,13.4,19.2,23.9,29.9,35.8,41.8,59.7,83.9,111.9,559.5
IDR,28,PRIA,Flexi Cermat,15,5,141.4,212.1,282.8,353.5,424.2,494.9,707.0,1,060.5,1,414.0,7,070.0
IDR,28,PRIA,Flexi Cermat,,10,75.2,112.8,150.4,188.0,225.6,263.2,376.1,564.1,752.1,3,760.5
IDR,28,PRIA,Flexi Cermat,25,5,83.7,125.5,167.3,209.1,251.0,292.8,418.3,627.4,780.7,3,903.5
IDR,28,PRIA,Flexi Cermat,,10,46.7,70.1,87.6,109.5,131.3,153.2,218.9,328.4,437.8,2,043.0
IDR,28,PRIA,Flexi Cermat,,15,32.1,48.1,64.1,75.1,90.2,105.2,150.3,225.4,300.5,1,402.0
IDR,28,PRIA,Flexi Cermat,35,5,50.3,75.0,94.3,117.9,141.4,165.0,235.7,353.6,471.4,2,200.0
IDR,28,PRIA,Flexi Cermat,,10,27.5,41.2,55.0,68.7,77.3,90.2,128.9,193.3,257.7,1,202.5
IDR,28,PRIA,Flexi Cermat,,15,20.0,30.0,40.0,50.0,59.9,69.9,93.7,140.6,187.4,874.5
USD,28,PRIA,Flexi Amanah,YRT,1,-,-,414,518,621,725,1035,1553,2070,10350
USD,28,PRIA,Flexi Amanah,5,5,-,-,430,538,645,753,1075,1613,2150,10750
USD,28,PRIA,Flexi Amanah,10,10,-,-,468,585,702,819,1170,1755,2340,11700
USD,28,PRIA,Flexi Berkah,82,5,13071,19607,26142,32678,39213,45749,65355,91500,122000,610000
USD,28,PRIA,Flexi Berkah,,10,7262,10212,13616,17020,20424,23828,34040,51060,68080,317700
USD,28,PRIA,Flexi Berkah,,15,4875,7313,9142,11428,13713,15999,22855,34283,45710,213300
USD,28,PRIA,Flexi Cermat,15,5,16930,25395,33860,42325,50790,59255,84650,126975,169300,846500
USD,28,PRIA,Flexi Cermat,,10,8817,13226,17634,22043,26451,30860,44085,66128,88170,440850
USD,28,PRIA,Flexi Cermat,25,5,12410,18615,24820,31025,37230,43435,62050,86865,115820,579100
USD,28,PRIA,Flexi Cermat,,10,6781,9536,12714,15893,19071,22250,31785,47678,63570,296650
USD,28,PRIA,Flexi Cermat,,15,4281,6422,8026,10033,12039,14046,20065,30098,40130,187300
USD,28,PRIA,Flexi Cermat,35,5,9056,13584,18112,22640,27168,31696,45280,67920,84520,422600
USD,28,PRIA,Flexi Cermat,,10,4646,6969,8710,10888,13065,15243,21775,32663,43550,203250
USD,28,PRIA,Flexi Cermat,,15,3121,4682,6242,7500,8778,10241,14630,21945,29260,136550
IDR,28,WANITA,Flexi Amanah,YRT,1,-,-,-,4.1,5.0,5.8,8.3,12.4,16.5,82.5
IDR,28,WANITA,Flexi Amanah,5,5,-,-,-,4.2,5.0,5.8,8.4,12.5,16.7,83.5
IDR,28,WANITA,Flexi Amanah,10,10,-,-,-,4.5,5.3,6.2,8.9,13.4,17.8,89.0
IDR,28,WANITA,Flexi Berkah,82,5,29.8,44.8,59.7,74.6,83.9,97.9,139.9,209.9,279.8,1,305.5
IDR,28,WANITA,Flexi Berkah,,10,15.5,20.7,27.6,34.6,41.5,48.4,69.1,97.1,129.5,647.5
IDR,28,WANITA,Flexi Berkah,,15,11.2,16.8,19.9,24.9,29.9,34.9,49.8,74.7,93.4,467.0
IDR,28,WANITA,Flexi Cermat,15,5,133.8,200.7,267.6,334.5,401.4,468.3,669.1,1,003.6,1,338.1,6,690.5
IDR,28,WANITA,Flexi Cermat,,10,73.0,109.5,146.0,182.6,219.1,255.6,365.1,547.7,730.2,3,651.0
IDR,28,WANITA,Flexi Cermat,25,5,81.5,122.3,163.0,203.8,244.5,285.3,407.5,611.3,760.7,3,803.5
IDR,28,WANITA,Flexi Cermat,,10,44.7,67.1,83.8,104.8,125.8,146.7,209.6,314.4,419.2,1,956.0
IDR,28,WANITA,Flexi Cermat,,15,31.0,46.6,62.1,75.0,87.3,101.9,145.5,218.3,291.0,1,358.0
IDR,28,WANITA,Flexi Cermat,35,5,49.6,74.3,92.9,116.2,139.4,162.6,232.3,348.5,464.6,2,168.5
IDR,28,WANITA,Flexi Cermat,,10,27.1,40.6,54.1,67.7,76.1,88.8,126.9,190.3,253.7,1,183.5
IDR,28,WANITA,Flexi Cermat,,15,19.1,25.5,34.0,42.5,51.0,59.5,79.7,119.5,159.3,743.5
USD,28,WANITA,Flexi Amanah,YRT,1,-,-,-,413,495,578,825,1238,1650,8250
USD,28,WANITA,Flexi Amanah,5,5,-,-,-,418,501,585,835,1253,1670,8350
USD,28,WANITA,Flexi Amanah,10,10,-,-,-,445,534,623,890,1335,1780,8900
USD,28,WANITA,Flexi Berkah,82,5,11396,17094,22792,28490,34188,39886,56980,79778,106370,531850
USD,28,WANITA,Flexi Berkah,,10,6331,8904,11872,14840,17808,20776,29680,44520,59360,277000
USD,28,WANITA,Flexi Berkah,,15,4270,6405,8008,10010,12012,14014,20020,30030,40040,186850
USD,28,WANITA,Flexi Cermat,15,5,16909,25364,33818,42273,50727,59182,84545,126818,169090,845450
USD,28,WANITA,Flexi Cermat,,10,8725,13088,17450,21813,26175,30538,43625,65438,87250,436250
USD,28,WANITA,Flexi Cermat,25,5,11993,17990,23986,29983,35979,41976,59965,83948,111930,559650
USD,28,WANITA,Flexi Cermat,,10,6622,9314,12418,15523,18627,21732,31045,46568,62090,289750
USD,28,WANITA,Flexi Cermat,,15,4213,6320,7900,9875,11850,13825,19750,29625,39500,184300
USD,28,WANITA,Flexi Cermat,35,5,8801,13202,17602,22003,26403,30804,44005,66008,82150,410750
USD,28,WANITA,Flexi Cermat,,10,4494,6741,8426,10533,12639,14746,21065,31598,42130,196600
USD,28,WANITA,Flexi Cermat,,15,3047,4571,6094,7500,8571,10000,14285,21428,28570,133300
IDR,29,PRIA,Flexi Amanah,YRT,1,-,-,4.2,5.3,6.3,7.4,10.5,15.8,21.0,105.0
IDR,29,PRIA,Flexi Amanah,5,5,-,-,4.4,5.5,6.6,7.7,11.1,16.6,22.1,110.5
IDR,29,PRIA,Flexi Amanah,10,10,-,-,4.9,6.1,7.3,8.5,12.2,18.2,24.3,121.5
IDR,29,PRIA,Flexi Berkah,81,5,35.8,53.7,71.6,83.9,100.7,117.5,167.8,251.7,335.6,1,566.5
IDR,29,PRIA,Flexi Berkah,,10,18.7,24.9,33.2,41.5,49.7,58.0,77.7,116.6,155.4,725.0
IDR,29,PRIA,Flexi Berkah,,15,13.8,19.2,24.5,30.7,36.8,42.9,61.4,86.3,115.1,575.5
IDR,29,PRIA,Flexi Cermat,15,5,141.5,212.3,283.0,353.8,424.6,495.3,707.6,1,061.4,1,415.2,7,076.0
IDR,29,PRIA,Flexi Cermat,,10,75.4,113.0,150.7,188.4,226.1,263.8,376.8,565.2,753.6,3,768.0
IDR,29,PRIA,Flexi Cermat,25,5,83.9,125.9,167.8,209.8,251.7,293.7,419.5,629.3,783.0,3,915.0
IDR,29,PRIA,Flexi Cermat,,10,46.8,70.2,87.7,109.6,131.6,153.5,219.3,328.9,438.5,2,046.0
IDR,29,PRIA,Flexi Cermat,,15,32.1,48.2,64.3,75.3,90.4,105.4,150.6,225.9,301.2,1,405.5
IDR,29,PRIA,Flexi Cermat,35,5,50.5,75.0,94.8,118.5,142.2,165.9,237.0,355.4,473.9,2,211.5
IDR,29,PRIA,Flexi Cermat,,10,27.5,41.3,55.1,68.8,77.4,90.3,129.1,193.6,258.1,1,204.5
IDR,29,PRIA,Flexi Cermat,,15,20.0,30.1,40.1,50.1,60.1,70.1,94.0,140.9,187.9,877.0
USD,29,PRIA,Flexi Amanah,YRT,1,-,-,420,525,630,735,1050,1575,2100,10500
USD,29,PRIA,Flexi Amanah,5,5,-,-,442,553,663,774,1105,1658,2210,11050
USD,29,PRIA,Flexi Amanah,10,10,-,-,486,608,729,851,1215,1823,2430,12150
USD,29,PRIA,Flexi Berkah,81,5,13223,19835,26446,33058,39669,46281,66115,92558,123410,617050
USD,29,PRIA,Flexi Berkah,,10,7346,10331,13774,17218,20661,24105,34435,51653,68870,321350
USD,29,PRIA,Flexi Berkah,,15,4926,7389,9236,11545,13854,16163,23090,34635,46180,215500
USD,29,PRIA,Flexi Cermat,15,5,16938,25407,33876,42345,50814,59283,84690,127035,169380,846900
USD,29,PRIA,Flexi Cermat,,10,8824,13236,17648,22060,26472,30884,44120,66180,88240,441200
USD,29,PRIA,Flexi Cermat,25,5,12436,18654,24872,31090,37308,43526,62180,87053,116070,580350
USD,29,PRIA,Flexi Cermat,,10,6791,9551,12734,15918,19101,22285,31835,47753,63670,297100
USD,29,PRIA,Flexi Cermat,,15,4283,6425,8032,10040,12048,14056,20080,30120,40160,187400
USD,29,PRIA,Flexi Cermat,35,5,9089,13634,18178,22723,27267,31812,45445,68168,84830,424150
USD,29,PRIA,Flexi Cermat,,10,4666,6999,8750,10938,13125,15313,21875,32813,43750,204150
USD,29,PRIA,Flexi Cermat,,15,3138,4707,6276,7500,8826,10297,14710,22065,29420,137250
IDR,29,WANITA,Flexi Amanah,YRT,1,-,-,-,4.2,5.1,5.9,8.5,12.7,16.9,84.5
IDR,29,WANITA,Flexi Amanah,5,5,-,-,-,4.3,5.2,6.0,8.6,12.9,17.2,86.0
IDR,29,WANITA,Flexi Amanah,10,10,-,-,-,4.6,5.5,6.4,9.2,13.7,18.3,91.5
IDR,29,WANITA,Flexi Berkah,81,5,30.6,45.9,61.2,75.0,86.0,100.4,143.4,215.1,286.8,1,338.5
IDR,29,WANITA,Flexi Berkah,,10,15.9,21.2,28.3,35.4,42.5,49.6,70.8,99.6,132.8,664.0
IDR,29,WANITA,Flexi Berkah,,15,11.5,17.2,20.4,25.6,30.7,35.8,51.1,75.0,95.8,479.0
IDR,29,WANITA,Flexi Cermat,15,5,133.9,200.9,267.8,334.8,401.8,468.7,669.6,1,004.4,1,339.2,6,696.0
IDR,29,WANITA,Flexi Cermat,,10,73.2,109.7,146.3,182.9,219.5,256.1,365.8,548.7,731.6,3,658.0
IDR,29,WANITA,Flexi Cermat,25,5,81.6,122.3,163.1,203.9,244.7,285.5,407.8,611.7,761.3,3,806.5
IDR,29,WANITA,Flexi Cermat,,10,44.8,67.2,84.0,105.0,125.9,146.9,209.9,314.9,419.8,1,959.0
IDR,29,WANITA,Flexi Cermat,,15,31.1,46.7,62.2,75.0,87.5,102.0,145.8,218.6,291.5,1,360.5
IDR,29,WANITA,Flexi Cermat,35,5,49.8,74.7,93.3,116.7,140.0,163.3,233.4,350.0,466.7,2,178.0
IDR,29,WANITA,Flexi Cermat,,10,27.1,40.7,54.2,67.8,76.2,88.9,127.0,190.5,254.0,1,185.5
IDR,29,WANITA,Flexi Cermat,,15,19.2,25.5,34.1,42.6,51.1,59.6,79.9,119.8,159.7,745.0
USD,29,WANITA,Flexi Amanah,YRT,1,-,-,-,423,507,592,845,1268,1690,8450
USD,29,WANITA,Flexi Amanah,5,5,-,-,-,430,516,602,860,1290,1720,8600
USD,29,WANITA,Flexi Amanah,10,10,-,-,-,458,549,641,915,1373,1830,9150
USD,29,WANITA,Flexi Berkah,81,5,11564,17346,23128,28910,34692,40474,57820,80948,107930,539650
USD,29,WANITA,Flexi Berkah,,10,6425,9035,12046,15058,18069,21081,30115,45173,60230,281100
USD,29,WANITA,Flexi Berkah,,15,4333,6500,8124,10155,12186,14217,20310,30465,40620,189550
USD,29,WANITA,Flexi Cermat,15,5,16919,25379,33838,42298,50757,59217,84595,126893,169190,845950
USD,29,WANITA,Flexi Cermat,,10,8732,13098,17464,21830,26196,30562,43660,65490,87320,436600
USD,29,WANITA,Flexi Cermat,25,5,12013,18020,24026,30033,36039,42046,60065,84090,112120,560600
USD,29,WANITA,Flexi Cermat,,10,6631,9326,12434,15543,18651,21760,31085,46628,62170,290100
USD,29,WANITA,Flexi Cermat,,15,4221,6332,7914,9893,11871,13850,19785,29678,39570,184650
USD,29,WANITA,Flexi Cermat,35,5,8839,13259,17678,22098,26517,30937,44195,66293,82500,412500
USD,29,WANITA,Flexi Cermat,,10,4515,6773,8466,10583,12699,14816,21165,31748,42330,197550
USD,29,WANITA,Flexi Cermat,,15,3063,4595,6126,7500,8616,10052,14360,21540,28720,134000
IDR,30,PRIA,Flexi Amanah,YRT,1,-,-,4.3,5.4,6.4,7.5,10.7,16.1,21.4,107.0
IDR,30,PRIA,Flexi Amanah,5,5,-,-,4.5,5.7,6.8,7.9,11.4,17.0,22.7,113.5
IDR,30,PRIA,Flexi Amanah,10,10,-,-,5.1,6.3,7.6,8.9,12.7,19.0,25.3,126.5
IDR,30,PRIA,Flexi Berkah,80,5,36.8,55.1,73.5,86.2,103.4,120.6,172.3,258.5,344.6,1,608.5
IDR,30,PRIA,Flexi Berkah,,10,19.1,25.5,34.0,42.6,51.1,59.6,79.8,119.6,159.5,744.5
IDR,30,PRIA,Flexi Berkah,,15,14.2,19.2,25.2,31.6,37.9,44.2,63.1,88.7,118.3,591.5
IDR,30,PRIA,Flexi Cermat,15,5,141.6,212.5,283.3,354.1,424.9,495.7,708.2,1,062.3,1,416.4,7,082.0
IDR,30,PRIA,Flexi Cermat,,10,75.5,113.3,151.0,188.8,226.5,264.3,377.5,566.3,755.0,3,775.0
IDR,30,PRIA,Flexi Cermat,25,5,84.1,126.2,168.3,210.4,252.4,294.5,420.7,631.1,785.3,3,926.5
IDR,30,PRIA,Flexi Cermat,,10,46.8,70.3,87.8,109.8,131.7,153.7,219.6,329.3,439.1,2,049.5
IDR,30,PRIA,Flexi Cermat,,15,32.2,48.3,64.4,75.5,90.6,105.7,151.0,226.5,302.0,1,409.0
IDR,30,PRIA,Flexi Cermat,35,5,50.8,75.0,95.3,119.1,142.9,166.7,238.2,357.2,476.3,2,222.5
IDR,30,PRIA,Flexi Cermat,,10,27.6,41.4,55.1,68.9,77.6,90.5,129.3,193.9,258.5,1,206.0
IDR,30,PRIA,Flexi Cermat,,15,20.1,30.2,40.2,50.3,60.3,70.4,94.3,141.4,188.5,879.5
USD,30,PRIA,Flexi Amanah,YRT,1,-,-,428,535,642,749,1070,1605,2140,10700
USD,30,PRIA,Flexi Amanah,5,5,-,-,454,568,681,795,1135,1703,2270,11350
USD,30,PRIA,Flexi Amanah,10,10,-,-,506,633,759,886,1265,1898,2530,12650
USD,30,PRIA,Flexi Berkah,80,5,13374,20061,26748,33435,40122,46809,66870,93615,124820,624100
USD,30,PRIA,Flexi Berkah,,10,7430,10448,13930,17413,20895,24378,34825,52238,69650,325050
USD,30,PRIA,Flexi Berkah,,15,4975,7463,9328,11660,13992,16324,23320,34980,46640,217650
USD,30,PRIA,Flexi Cermat,15,5,16945,25418,33890,42363,50835,59308,84725,127088,169450,847250
USD,30,PRIA,Flexi Cermat,,10,8830,13245,17660,22075,26490,30905,44150,66225,88300,441500
USD,30,PRIA,Flexi Cermat,25,5,12461,18692,24922,31153,37383,43614,62305,87233,116310,581550
USD,30,PRIA,Flexi Cermat,,10,6802,9566,12754,15943,19131,22320,31885,47828,63770,297550
USD,30,PRIA,Flexi Cermat,,15,4285,6428,8034,10043,12051,14060,20085,30128,40170,187450
USD,30,PRIA,Flexi Cermat,35,5,9124,13686,18248,22810,27372,31934,45620,68430,85160,425800
USD,30,PRIA,Flexi Cermat,,10,4687,7031,8788,10985,13182,15379,21970,32955,43940,205050
USD,30,PRIA,Flexi Cermat,,15,3154,4731,6308,7500,8871,10350,14785,22178,29570,138000
IDR,30,WANITA,Flexi Amanah,YRT,1,-,-,-,4.3,5.2,6.0,8.6,12.9,17.2,86.0
IDR,30,WANITA,Flexi Amanah,5,5,-,-,-,4.4,5.3,6.2,8.9,13.3,17.7,88.5
IDR,30,WANITA,Flexi Amanah,10,10,-,-,-,4.7,5.6,6.6,9.4,14.1,18.8,94.0
IDR,30,WANITA,Flexi Berkah,80,5,31.3,47.0,62.7,75.0,88.2,102.9,147.0,220.4,293.9,1,371.5
IDR,30,WANITA,Flexi Berkah,,10,16.3,21.8,29.0,36.3,43.5,50.8,72.6,102.1,136.1,680.5
IDR,30,WANITA,Flexi Berkah,,15,11.8,17.7,20.9,26.2,31.4,36.6,52.4,75.0,98.2,491.0
IDR,30,WANITA,Flexi Cermat,15,5,134.0,201.1,268.1,335.1,402.1,469.1,670.2,1,005.3,1,340.4,6,702.0
IDR,30,WANITA,Flexi Cermat,,10,73.3,110.0,146.6,183.3,219.9,256.6,366.5,549.8,733.0,3,665.0
IDR,30,WANITA,Flexi Cermat,25,5,81.6,122.4,163.3,204.1,244.9,285.7,408.2,612.2,761.9,3,809.5
IDR,30,WANITA,Flexi Cermat,,10,44.8,67.2,84.1,105.1,126.1,147.1,210.2,315.2,420.3,1,961.5
IDR,30,WANITA,Flexi Cermat,,15,31.2,46.7,62.3,75.0,87.6,102.2,146.1,219.1,292.1,1,363.5
IDR,30,WANITA,Flexi Cermat,35,5,50.0,75.0,93.8,117.2,140.6,164.1,234.4,351.6,468.8,2,187.5
IDR,30,WANITA,Flexi Cermat,,10,27.1,40.7,54.3,67.8,76.3,89.0,127.2,190.7,254.3,1,187.0
IDR,30,WANITA,Flexi Cermat,,15,19.2,25.6,34.1,42.7,51.2,59.7,80.0,120.0,160.0,746.5
USD,30,WANITA,Flexi Amanah,YRT,1,-,-,-,430,516,602,860,1290,1720,8600
USD,30,WANITA,Flexi Amanah,5,5,-,-,-,443,531,620,885,1328,1770,8850
USD,30,WANITA,Flexi Amanah,10,10,-,-,-,470,564,658,940,1410,1880,9400
USD,30,WANITA,Flexi Berkah,80,5,11732,17598,23464,29330,35196,41062,58660,82118,109490,547450
USD,30,WANITA,Flexi Berkah,,10,6518,9165,12220,15275,18330,21385,30550,45825,61100,285150
USD,30,WANITA,Flexi Berkah,,15,4396,6594,8242,10303,12363,14424,20605,30908,41210,192350
USD,30,WANITA,Flexi Cermat,15,5,16930,25395,33860,42325,50790,59255,84650,126975,169300,846500
USD,30,WANITA,Flexi Cermat,,10,8738,13107,17476,21845,26214,30583,43690,65535,87380,436900
USD,30,WANITA,Flexi Cermat,25,5,12033,18050,24066,30083,36099,42116,60165,84233,112310,561550
USD,30,WANITA,Flexi Cermat,,10,6640,9338,12450,15563,18675,21788,31125,46688,62250,290500
USD,30,WANITA,Flexi Cermat,,15,4229,6344,7930,9913,11895,13878,19825,29738,39650,185000
USD,30,WANITA,Flexi Cermat,35,5,8876,13314,17752,22190,26628,31066,44380,66570,82840,414200
USD,30,WANITA,Flexi Cermat,,10,4537,6806,8506,10633,12759,14886,21265,31898,42530,198500
USD,30,WANITA,Flexi Cermat,,15,3078,4617,6156,7500,8658,10101,14430,21645,28860,134700
IDR,31,PRIA,Flexi Amanah,YRT,1,-,-,4.5,5.6,6.7,7.8,11.2,16.8,22.4,112.0
IDR,31,PRIA,Flexi Amanah,5,5,-,-,4.9,6.1,7.3,8.5,12.2,18.2,24.3,121.5
IDR,31,PRIA,Flexi Amanah,10,10,-,4.1,5.5,6.9,8.3,9.6,13.8,20.6,27.5,137.5
IDR,31,PRIA,Flexi Berkah,79,5,37.9,56.9,75.0,88.8,106.6,124.4,177.7,266.5,355.3,1,658.0
IDR,31,PRIA,Flexi Berkah,,10,19.7,29.6,39.5,49.4,59.2,69.1,92.5,138.8,185.0,863.5
IDR,31,PRIA,Flexi Berkah,,15,14.7,19.6,26.1,32.7,39.2,45.7,65.4,92.0,122.6,613.0
IDR,31,PRIA,Flexi Cermat,15,5,141.8,212.6,283.5,354.4,425.3,496.2,708.8,1,063.2,1,417.6,7,088.0
IDR,31,PRIA,Flexi Cermat,,10,75.6,113.5,151.3,189.1,226.9,264.7,378.2,567.3,756.4,3,782.0
IDR,31,PRIA,Flexi Cermat,25,5,84.4,126.7,168.9,211.1,253.3,295.5,422.2,633.3,788.1,3,940.5
IDR,31,PRIA,Flexi Cermat,,10,46.9,70.4,88.0,110.0,132.0,154.0,220.0,329.9,439.9,2,053.0
IDR,31,PRIA,Flexi Cermat,,15,32.4,48.5,64.7,75.8,91.0,106.2,151.7,227.5,303.3,1,415.5
IDR,31,PRIA,Flexi Cermat,35,5,51.3,75.0,96.2,120.2,144.2,168.3,240.4,360.6,480.8,2,244.0
IDR,31,PRIA,Flexi Cermat,,10,27.6,41.4,55.2,69.1,77.7,90.6,129.5,194.2,258.9,1,208.0
IDR,31,PRIA,Flexi Cermat,,15,20.2,30.2,40.3,50.4,60.5,70.5,94.5,141.7,188.9,881.5
USD,31,PRIA,Flexi Amanah,YRT,1,-,-,448,560,672,784,1120,1680,2240,11200
USD,31,PRIA,Flexi Amanah,5,5,-,-,486,608,729,851,1215,1823,2430,12150
USD,31,PRIA,Flexi Amanah,10,10,-,413,550,688,825,963,1375,2063,2750,13750
USD,31,PRIA,Flexi Berkah,79,5,13454,20181,26908,33635,40362,47089,67270,94178,125570,627850
USD,31,PRIA,Flexi Berkah,,10,7474,10511,14014,17518,21021,24525,35035,52553,70000,327000
USD,31,PRIA,Flexi Berkah,,15,5339,7509,10012,12515,15018,17521,25030,37545,50060,233600
USD,31,PRIA,Flexi Cermat,15,5,16956,25434,33912,42390,50868,59346,84780,127170,169560,847800
USD,31,PRIA,Flexi Cermat,,10,8836,13254,17672,22090,26508,30926,44180,66270,88360,441800
USD,31,PRIA,Flexi Cermat,25,5,12481,18722,24962,31203,37443,43684,62405,87368,116490,582450
USD,31,PRIA,Flexi Cermat,,10,6813,9581,12774,15968,19161,22355,31935,47903,63870,298050
USD,31,PRIA,Flexi Cermat,,15,4294,6441,8052,10065,12078,14091,20130,30195,40260,187900
USD,31,PRIA,Flexi Cermat,35,5,9180,13770,18360,22950,27540,32130,45900,68850,85680,428400
USD,31,PRIA,Flexi Cermat,,10,4714,7071,8838,11048,13257,15467,22095,33143,44190,206200
USD,31,PRIA,Flexi Cermat,,15,3173,4760,6346,7500,8925,10413,14875,22313,29750,138800
IDR,31,WANITA,Flexi Amanah,YRT,1,-,-,-,4.6,5.5,6.4,9.2,13.7,18.3,91.5
IDR,31,WANITA,Flexi Amanah,5,5,-,-,-,4.8,5.7,6.7,9.5,14.3,19.0,95.0
IDR,31,WANITA,Flexi Amanah,10,10,-,-,4.2,5.2,6.2,7.3,10.4,15.6,20.8,104.0
IDR,31,WANITA,Flexi Berkah,79,5,32.3,48.5,64.7,75.8,91.0,106.1,151.6,227.4,303.2,1,414.5
IDR,31,WANITA,Flexi Berkah,,10,16.8,22.5,29.9,37.4,44.9,52.4,74.9,105.2,140.3,700.0
IDR,31,WANITA,Flexi Berkah,,15,12.3,18.4,21.8,27.3,32.7,38.2,54.5,76.7,102.2,511.0
IDR,31,WANITA,Flexi Cermat,15,5,134.2,201.2,268.3,335.4,402.5,469.5,670.8,1,006.1,1,341.5,6,707.5
IDR,31,WANITA,Flexi Cermat,,10,73.4,110.2,146.9,183.6,220.3,257.0,367.2,550.8,734.4,3,672.0
IDR,31,WANITA,Flexi Cermat,25,5,81.7,122.6,163.4,204.3,245.1,286.0,408.6,612.8,762.7,3,813.5
IDR,31,WANITA,Flexi Cermat,,10,44.9,67.4,84.2,105.3,126.3,147.4,210.6,315.8,421.1,1,965.5
IDR,31,WANITA,Flexi Cermat,,15,31.2,46.8,62.5,75.0,87.8,102.5,146.4,219.6,292.8,1,366.5
IDR,31,WANITA,Flexi Cermat,35,5,50.0,75.0,93.8,117.3,140.7,164.2,234.6,351.8,469.1,2,189.5
IDR,31,WANITA,Flexi Cermat,,10,27.2,40.8,54.5,68.1,76.6,89.4,127.7,191.5,255.3,1,191.5
IDR,31,WANITA,Flexi Cermat,,15,19.3,28.9,38.5,48.2,57.8,67.4,90.3,135.5,180.6,843.0
USD,31,WANITA,Flexi Amanah,YRT,1,-,-,-,458,549,641,915,1373,1830,9150
USD,31,WANITA,Flexi Amanah,5,5,-,-,-,475,570,665,950,1425,1900,9500
USD,31,WANITA,Flexi Amanah,10,10,-,-,416,520,624,728,1040,1560,2080,10400
USD,31,WANITA,Flexi Berkah,79,5,11869,17804,23738,29673,35607,41542,59345,83085,110780,553900
USD,31,WANITA,Flexi Berkah,,10,6594,9273,12364,15455,18546,21637,30910,46365,61820,288450
USD,31,WANITA,Flexi Berkah,,15,4448,6672,8340,10425,12510,14595,20850,31275,41700,194600
USD,31,WANITA,Flexi Cermat,15,5,16941,25412,33882,42353,50823,59294,84705,127058,169410,847050
USD,31,WANITA,Flexi Cermat,,10,8744,13116,17488,21860,26232,30604,43720,65580,87440,437200
USD,31,WANITA,Flexi Cermat,25,5,12057,18086,24114,30143,36171,42200,60285,84398,112530,562650
USD,31,WANITA,Flexi Cermat,,10,6652,9354,12472,15590,18708,21826,31180,46770,62360,291050
USD,31,WANITA,Flexi Cermat,,15,4238,6357,7948,9935,11922,13909,19870,29805,39740,185450
USD,31,WANITA,Flexi Cermat,35,5,8877,13316,17754,22193,26631,31070,44385,66578,82850,414250
USD,31,WANITA,Flexi Cermat,,10,4542,6813,8518,10648,12777,14907,21295,31943,42590,198750
USD,31,WANITA,Flexi Cermat,,15,3094,4641,6188,7500,8700,10150,14500,21750,29000,135350
IDR,32,PRIA,Flexi Amanah,YRT,1,-,-,4.7,5.9,7.1,8.2,11.8,17.6,23.5,117.5
IDR,32,PRIA,Flexi Amanah,5,5,-,-,5.2,6.5,7.8,9.1,13.0,19.4,25.9,129.5
IDR,32,PRIA,Flexi Amanah,10,10,-,4.5,5.9,7.4,8.9,10.4,14.9,22.3,29.7,148.5
IDR,32,PRIA,Flexi Berkah,78,5,39.0,58.5,75.0,91.5,109.8,128.1,183.0,274.4,365.9,1,707.5
IDR,32,PRIA,Flexi Berkah,,10,20.3,30.5,40.7,50.8,61.0,71.2,95.3,143.0,190.6,889.5
IDR,32,PRIA,Flexi Berkah,,15,15.2,20.3,27.0,33.8,40.6,47.3,67.6,95.1,126.8,634.0
IDR,32,PRIA,Flexi Cermat,15,5,141.9,212.8,283.8,354.7,425.6,496.6,709.4,1,064.1,1,418.8,7,094.0
IDR,32,PRIA,Flexi Cermat,,10,75.8,113.7,151.6,189.5,227.3,265.2,378.9,568.4,757.8,3,789.0
IDR,32,PRIA,Flexi Cermat,25,5,84.7,127.1,169.4,211.8,254.2,296.5,423.6,635.4,790.7,3,953.5
IDR,32,PRIA,Flexi Cermat,,10,47.0,70.5,88.1,110.2,132.2,154.2,220.3,330.5,440.6,2,056.0
IDR,32,PRIA,Flexi Cermat,,15,32.5,48.7,65.0,76.2,91.4,106.6,152.3,228.5,304.6,1,421.5
IDR,32,PRIA,Flexi Cermat,35,5,51.8,75.0,97.1,121.3,145.6,169.9,242.7,364.0,485.3,2,265.0
IDR,32,PRIA,Flexi Cermat,,10,27.7,41.5,55.3,69.2,77.8,90.8,129.7,194.6,259.4,1,210.5
IDR,32,PRIA,Flexi Cermat,,15,20.2,30.3,40.4,50.5,60.6,70.7,94.7,142.1,189.4,884.0
USD,32,PRIA,Flexi Amanah,YRT,1,-,-,470,588,705,823,1175,1763,2350,11750
USD,32,PRIA,Flexi Amanah,5,5,-,-,518,648,777,907,1295,1943,2590,12950
USD,32,PRIA,Flexi Amanah,10,10,-,446,594,743,891,1040,1485,2228,2970,14850
USD,32,PRIA,Flexi Berkah,78,5,13535,20303,27070,33838,40605,47373,67675,94740,126320,631600
USD,32,PRIA,Flexi Berkah,,10,7500,10574,14098,17623,21147,24672,35245,52868,70000,328950
USD,32,PRIA,Flexi Berkah,,15,5371,7554,10072,12590,15108,17626,25180,37770,50360,235000
USD,32,PRIA,Flexi Cermat,15,5,16967,25451,33934,42418,50901,59385,84835,127253,169670,848350
USD,32,PRIA,Flexi Cermat,,10,8843,13265,17686,22108,26529,30951,44215,66323,88430,442150
USD,32,PRIA,Flexi Cermat,25,5,12500,18750,25000,31250,37500,43750,62500,87503,116670,583350
USD,32,PRIA,Flexi Cermat,,10,6823,9596,12794,15993,19191,22390,31985,47978,63970,298500
USD,32,PRIA,Flexi Cermat,,15,4304,6456,8070,10088,12105,14123,20175,30263,40350,188300
USD,32,PRIA,Flexi Cermat,35,5,9237,13856,18474,23093,27711,32330,46185,69278,86210,431050
USD,32,PRIA,Flexi Cermat,,10,4740,7110,8888,11110,13332,15554,22220,33330,44440,207400
USD,32,PRIA,Flexi Cermat,,15,3192,4788,6384,7500,8979,10476,14965,22448,29930,139650
IDR,32,WANITA,Flexi Amanah,YRT,1,-,-,-,4.9,5.8,6.8,9.7,14.6,19.4,97.0
IDR,32,WANITA,Flexi Amanah,5,5,-,-,4.1,5.1,6.1,7.1,10.2,15.2,20.3,101.5
IDR,32,WANITA,Flexi Amanah,10,10,-,-,4.5,5.7,6.8,7.9,11.4,17.0,22.7,113.5
IDR,32,WANITA,Flexi Berkah,78,5,33.3,50.0,66.6,78.1,93.7,109.3,156.2,234.3,312.4,1,458.0
IDR,32,WANITA,Flexi Berkah,,10,17.4,23.1,30.8,38.6,46.3,54.0,75.0,108.5,144.6,700.0
IDR,32,WANITA,Flexi Berkah,,15,12.7,19.1,22.6,28.3,33.9,39.6,56.6,79.6,106.1,530.5
IDR,32,WANITA,Flexi Cermat,15,5,134.3,201.4,268.5,335.7,402.8,469.9,671.4,1,007.0,1,342.7,6,713.5
IDR,32,WANITA,Flexi Cermat,,10,73.6,110.4,147.2,184.0,220.7,257.5,367.9,551.9,735.8,3,679.0
IDR,32,WANITA,Flexi Cermat,25,5,81.8,122.7,163.6,204.5,245.4,286.3,409.0,613.5,763.4,3,817.0
IDR,32,WANITA,Flexi Cermat,,10,45.0,67.5,84.4,105.5,126.6,147.7,211.0,316.4,421.9,1,969.0
IDR,32,WANITA,Flexi Cermat,,15,31.3,47.0,62.6,75.0,88.1,102.7,146.8,220.1,293.5,1,369.5
IDR,32,WANITA,Flexi Cermat,35,5,50.1,75.0,93.9,117.4,140.9,164.3,234.8,352.1,469.5,2,191.0
IDR,32,WANITA,Flexi Cermat,,10,27.3,41.0,54.7,68.3,76.9,89.7,128.1,192.2,256.2,1,195.5
IDR,32,WANITA,Flexi Cermat,,15,19.3,29.0,38.6,48.3,58.0,67.6,90.6,135.8,181.1,845.5
USD,32,WANITA,Flexi Amanah,YRT,1,-,-,-,485,582,679,970,1455,1940,9700
USD,32,WANITA,Flexi Amanah,5,5,-,-,406,508,609,711,1015,1523,2030,10150
USD,32,WANITA,Flexi Amanah,10,10,-,-,454,568,681,795,1135,1703,2270,11350
USD,32,WANITA,Flexi Berkah,78,5,12006,18009,24012,30015,36018,42021,60030,84045,112060,560300
USD,32,WANITA,Flexi Berkah,,10,6670,9380,12506,15633,18759,21886,31265,46898,62530,291800
USD,32,WANITA,Flexi Berkah,,15,4500,6750,8438,10548,12657,14767,21095,31643,42190,196900
USD,32,WANITA,Flexi Cermat,15,5,16952,25428,33904,42380,50856,59332,84760,127140,169520,847600
USD,32,WANITA,Flexi Cermat,,10,8750,13125,17500,21875,26250,30625,43750,65625,87500,437500
USD,32,WANITA,Flexi Cermat,25,5,12080,18120,24160,30200,36240,42280,60400,84563,112750,563750
USD,32,WANITA,Flexi Cermat,,10,6665,9372,12496,15620,18744,21868,31240,46860,62480,291600
USD,32,WANITA,Flexi Cermat,,15,4249,6374,7966,9958,11949,13941,19915,29873,39830,185900
USD,32,WANITA,Flexi Cermat,35,5,8879,13319,17758,22198,26637,31077,44395,66593,82870,414350
USD,32,WANITA,Flexi Cermat,,10,4547,6821,8526,10658,12789,14921,21315,31973,42630,198950
USD,32,WANITA,Flexi Cermat,,15,3108,4662,6216,7500,8742,10199,14570,21855,29140,136000
IDR,33,PRIA,Flexi Amanah,YRT,1,-,-,4.9,6.1,7.4,8.6,12.3,18.4,24.5,122.5
IDR,33,PRIA,Flexi Amanah,5,5,-,4.1,5.5,6.9,8.3,9.6,13.8,20.6,27.5,137.5
IDR,33,PRIA,Flexi Amanah,10,10,-,4.8,6.4,8.0,9.6,11.2,16.0,24.0,32.0,160.0
IDR,33,PRIA,Flexi Berkah,77,5,40.2,60.3,75.3,94.2,113.0,131.8,188.3,282.5,376.6,1,757.5
IDR,33,PRIA,Flexi Berkah,,10,20.9,31.4,41.8,52.3,62.8,73.2,98.1,147.1,196.1,915.5
IDR,33,PRIA,Flexi Berkah,,15,15.7,21.0,28.0,35.0,41.9,48.9,69.9,98.3,131.0,655.0
IDR,33,PRIA,Flexi Cermat,15,5,142.0,213.0,284.0,355.0,426.0,497.0,710.1,1,065.1,1,420.1,7,100.5
IDR,33,PRIA,Flexi Cermat,,10,75.9,113.9,151.9,189.8,227.8,265.8,379.7,569.5,759.3,3,796.5
IDR,33,PRIA,Flexi Cermat,25,5,85.0,127.5,170.0,212.5,255.0,297.5,425.1,637.6,793.5,3,967.5
IDR,33,PRIA,Flexi Cermat,,10,47.1,70.6,88.3,110.3,132.4,154.5,220.7,331.0,441.3,2,059.5
IDR,33,PRIA,Flexi Cermat,,15,32.6,48.9,65.2,76.5,91.8,107.1,153.0,229.4,305.9,1,427.5
IDR,33,PRIA,Flexi Cermat,35,5,52.3,75.0,98.0,122.5,147.0,171.5,245.0,367.4,489.9,2,286.0
IDR,33,PRIA,Flexi Cermat,,10,27.7,41.6,55.4,69.3,78.0,91.0,130.0,194.9,259.9,1,213.0
IDR,33,PRIA,Flexi Cermat,,15,20.3,30.4,40.5,50.6,60.8,70.9,94.9,142.4,189.8,886.0
USD,33,PRIA,Flexi Amanah,YRT,1,-,-,490,613,735,858,1225,1838,2450,12250
USD,33,PRIA,Flexi Amanah,5,5,-,413,550,688,825,963,1375,2063,2750,13750
USD,33,PRIA,Flexi Amanah,10,10,-,480,640,800,960,1120,1600,2400,3200,16000
USD,33,PRIA,Flexi Berkah,77,5,13615,20423,27230,34038,40845,47653,68075,95303,127070,635350
USD,33,PRIA,Flexi Berkah,,10,7500,10637,14182,17728,21273,24819,35455,53183,70000,330950
USD,33,PRIA,Flexi Berkah,,15,5402,7598,10130,12663,15195,17728,25325,37988,50650,236350
USD,33,PRIA,Flexi Cermat,15,5,16977,25466,33954,42443,50931,59420,84885,127328,169770,848850
USD,33,PRIA,Flexi Cermat,,10,8849,13274,17698,22123,26547,30972,44245,66368,88490,442450
USD,33,PRIA,Flexi Cermat,25,5,12520,18780,25040,31300,37560,43820,62600,87638,116850,584250
USD,33,PRIA,Flexi Cermat,,10,6834,9611,12814,16018,19221,22425,32035,48053,64070,299000
USD,33,PRIA,Flexi Cermat,,15,4314,6471,8088,10110,12132,14154,20220,30330,40440,188700
USD,33,PRIA,Flexi Cermat,35,5,9293,13940,18586,23233,27879,32526,46465,69698,86740,433700
USD,33,PRIA,Flexi Cermat,,10,4766,7149,8938,11173,13407,15642,22345,33518,44690,208550
USD,33,PRIA,Flexi Cermat,,15,3210,4815,6420,7525,9030,10535,15050,22575,30100,140450
IDR,33,WANITA,Flexi Amanah,YRT,1,-,-,4.1,5.1,6.2,7.2,10.3,15.4,20.5,102.5
IDR,33,WANITA,Flexi Amanah,5,5,-,-,4.3,5.4,6.5,7.6,10.8,16.2,21.6,108.0
IDR,33,WANITA,Flexi Amanah,10,10,-,-,4.9,6.2,7.4,8.6,12.4,18.5,24.7,123.5
IDR,33,WANITA,Flexi Berkah,77,5,34.3,51.5,68.6,80.4,96.5,112.6,160.9,241.3,321.7,1,501.0
IDR,33,WANITA,Flexi Berkah,,10,17.9,23.8,31.8,39.7,47.6,55.6,75.0,111.7,148.9,700.0
IDR,33,WANITA,Flexi Berkah,,15,13.2,19.2,23.5,29.4,35.2,41.1,58.7,82.5,110.0,550.0
IDR,33,WANITA,Flexi Cermat,15,5,134.4,201.6,268.8,336.0,403.2,470.4,672.0,1,007.9,1,343.9,6,719.5
IDR,33,WANITA,Flexi Cermat,,10,73.7,110.6,147.4,184.3,221.1,258.0,368.6,552.8,737.1,3,685.5
IDR,33,WANITA,Flexi Cermat,25,5,81.9,122.8,163.8,204.7,245.6,286.6,409.4,614.1,764.2,3,821.0
IDR,33,WANITA,Flexi Cermat,,10,45.1,67.6,84.5,105.7,126.8,147.9,211.4,317.0,422.7,1,972.5
IDR,33,WANITA,Flexi Cermat,,15,31.4,47.1,62.8,75.0,88.3,103.0,147.1,220.7,294.2,1,372.5
IDR,33,WANITA,Flexi Cermat,35,5,50.1,75.0,94.0,117.5,141.0,164.5,235.0,352.4,469.9,2,193.0
IDR,33,WANITA,Flexi Cermat,,10,27.4,41.1,54.9,68.6,77.2,90.0,128.6,192.9,257.2,1,200.0
IDR,33,WANITA,Flexi Cermat,,15,19.4,29.1,38.8,48.5,58.1,67.8,90.9,136.3,181.7,848.0
USD,33,WANITA,Flexi Amanah,YRT,1,-,-,410,513,615,718,1025,1538,2050,10250
USD,33,WANITA,Flexi Amanah,5,5,-,-,432,540,648,756,1080,1620,2160,10800
USD,33,WANITA,Flexi Amanah,10,10,-,-,494,618,741,865,1235,1853,2470,12350
USD,33,WANITA,Flexi Berkah,77,5,12143,18215,24286,30358,36429,42501,60715,85005,113340,566700
USD,33,WANITA,Flexi Berkah,,10,6746,9488,12650,15813,18975,22138,31625,47438,63250,295150
USD,33,WANITA,Flexi Berkah,,15,4551,6827,8534,10668,12801,14935,21335,32003,42670,199100
USD,33,WANITA,Flexi Cermat,15,5,16962,25443,33924,42405,50886,59367,84810,127215,169620,848100
USD,33,WANITA,Flexi Cermat,,10,8757,13136,17514,21893,26271,30650,43785,65678,87570,437850
USD,33,WANITA,Flexi Cermat,25,5,12104,18156,24208,30260,36312,42364,60520,84728,112970,564850
USD,33,WANITA,Flexi Cermat,,10,6678,9390,12520,15650,18780,21910,31300,46950,62600,292150
USD,33,WANITA,Flexi Cermat,,15,4258,6387,7984,9980,11976,13972,19960,29940,39920,186300
USD,33,WANITA,Flexi Cermat,35,5,8881,13322,17762,22203,26643,31084,44405,66608,82890,414450
USD,33,WANITA,Flexi Cermat,,10,4552,6828,8536,10670,12804,14938,21340,32010,42680,199150
USD,33,WANITA,Flexi Cermat,,15,3122,4683,6244,7500,8781,10245,14635,21953,29270,136600
IDR,34,PRIA,Flexi Amanah,YRT,1,-,-,5.1,6.4,7.7,8.9,12.8,19.1,25.5,127.5
IDR,34,PRIA,Flexi Amanah,5,5,-,4.4,5.8,7.3,8.7,10.2,14.5,21.8,29.0,145.0
IDR,34,PRIA,Flexi Amanah,10,10,-,5.1,6.8,8.6,10.3,12.0,17.1,25.7,34.2,171.0
IDR,34,PRIA,Flexi Berkah,76,5,41.3,62.0,77.4,96.8,116.2,135.5,193.6,290.4,387.2,1,806.5
IDR,34,PRIA,Flexi Berkah,,10,21.5,32.3,43.0,53.8,64.5,75.0,100.9,151.3,201.7,941.0
IDR,34,PRIA,Flexi Berkah,,15,16.2,21.6,28.8,36.1,43.3,50.5,72.1,101.4,135.2,676.0
IDR,34,PRIA,Flexi Cermat,15,5,142.1,213.2,284.3,355.3,426.4,497.5,710.7,1,066.0,1,421.3,7,106.5
IDR,34,PRIA,Flexi Cermat,,10,76.1,114.1,152.1,190.2,228.2,266.2,380.4,570.5,760.7,3,803.5
IDR,34,PRIA,Flexi Cermat,25,5,85.3,128.0,170.6,213.3,255.9,298.6,426.6,639.8,796.2,3,981.0
IDR,34,PRIA,Flexi Cermat,,10,47.1,70.7,88.4,110.5,132.6,154.7,221.0,331.5,442.0,2,062.5
IDR,34,PRIA,Flexi Cermat,,15,32.8,49.2,65.5,76.8,92.2,107.5,153.6,230.4,307.2,1,433.5
IDR,34,PRIA,Flexi Cermat,35,5,52.7,75.0,98.9,123.6,148.4,173.1,247.3,370.9,494.5,2,307.5
IDR,34,PRIA,Flexi Cermat,,10,27.8,41.7,55.6,69.5,78.1,91.1,130.2,195.3,260.4,1,215.0
IDR,34,PRIA,Flexi Cermat,,15,20.3,30.5,40.6,50.8,60.9,71.1,95.2,142.8,190.4,888.5
USD,34,PRIA,Flexi Amanah,YRT,1,-,-,510,638,765,893,1275,1913,2550,12750
USD,34,PRIA,Flexi Amanah,5,5,-,435,580,725,870,1015,1450,2175,2900,14500
USD,34,PRIA,Flexi Amanah,10,10,-,513,684,855,1026,1197,1710,2565,3420,17100
USD,34,PRIA,Flexi Berkah,76,5,13695,20543,27390,34238,41085,47933,68475,95865,127820,639100
USD,34,PRIA,Flexi Berkah,,10,7500,10700,14266,17833,21399,24966,35665,53498,70000,332850
USD,34,PRIA,Flexi Berkah,,15,5434,7643,10190,12738,15285,17833,25475,38213,50950,237750
USD,34,PRIA,Flexi Cermat,15,5,16988,25482,33976,42470,50964,59458,84940,127410,169880,849400
USD,34,PRIA,Flexi Cermat,,10,8855,13283,17710,22138,26565,30993,44275,66413,88550,442750
USD,34,PRIA,Flexi Cermat,25,5,12540,18810,25080,31350,37620,43890,62700,87780,117040,585200
USD,34,PRIA,Flexi Cermat,,10,6846,9627,12836,16045,19254,22463,32090,48135,64180,299500
USD,34,PRIA,Flexi Cermat,,15,4323,6485,8106,10133,12159,14186,20265,30398,40530,189150
USD,34,PRIA,Flexi Cermat,35,5,9350,14025,18700,23375,28050,32725,46750,70000,87270,436350
USD,34,PRIA,Flexi Cermat,,10,4794,7191,8988,11235,13482,15729,22470,33705,44940,209700
USD,34,PRIA,Flexi Cermat,,15,3230,4845,6460,7570,9084,10598,15140,22710,30280,141300
IDR,34,WANITA,Flexi Amanah,YRT,1,-,-,4.3,5.4,6.5,7.5,10.8,16.1,21.5,107.5
IDR,34,WANITA,Flexi Amanah,5,5,-,-,4.6,5.7,6.9,8.0,11.5,17.2,22.9,114.5
IDR,34,WANITA,Flexi Amanah,10,10,-,-,5.3,6.7,8.0,9.3,13.3,20.0,26.6,133.0
IDR,34,WANITA,Flexi Berkah,76,5,35.3,53.0,70.6,82.7,99.3,115.8,165.5,248.2,330.9,1,544.0
IDR,34,WANITA,Flexi Berkah,,10,18.4,24.5,32.7,40.9,49.0,57.2,76.6,114.9,153.2,715.0
IDR,34,WANITA,Flexi Berkah,,15,13.7,19.2,24.3,30.4,36.5,42.5,60.8,85.4,113.9,569.5
IDR,34,WANITA,Flexi Cermat,15,5,134.5,201.8,269.0,336.3,403.5,470.8,672.5,1,008.8,1,345.0,6,725.0
IDR,34,WANITA,Flexi Cermat,,10,73.9,110.8,147.7,184.6,221.6,258.5,369.3,553.9,738.5,3,692.5
IDR,34,WANITA,Flexi Cermat,25,5,82.0,123.0,163.9,204.9,245.9,286.9,409.9,614.8,765.0,3,825.0
IDR,34,WANITA,Flexi Cermat,,10,45.2,67.8,84.7,105.9,127.1,148.2,211.8,317.6,423.5,1,976.0
IDR,34,WANITA,Flexi Cermat,,15,31.5,47.2,62.9,75.0,88.4,103.2,147.4,221.1,294.8,1,376.0
IDR,34,WANITA,Flexi Cermat,35,5,50.2,75.0,94.1,117.6,141.1,164.6,235.2,352.7,470.3,2,194.5
IDR,34,WANITA,Flexi Cermat,,10,27.5,41.3,55.1,68.8,77.4,90.3,129.1,193.6,258.1,1,204.5
IDR,34,WANITA,Flexi Cermat,,15,19.4,29.2,38.9,48.6,58.3,68.0,91.2,136.7,182.3,850.5
USD,34,WANITA,Flexi Amanah,YRT,1,-,-,430,538,645,753,1075,1613,2150,10750
USD,34,WANITA,Flexi Amanah,5,5,-,-,458,573,687,802,1145,1718,2290,11450
USD,34,WANITA,Flexi Amanah,10,10,-,-,532,665,798,931,1330,1995,2660,13300
USD,34,WANITA,Flexi Berkah,76,5,12280,18420,24560,30700,36840,42980,61400,85958,114610,573050
USD,34,WANITA,Flexi Berkah,,10,6822,9594,12792,15990,19188,22386,31980,47970,63960,298500
USD,34,WANITA,Flexi Berkah,,15,4603,6905,8632,10790,12948,15106,21580,32370,43160,201400
USD,34,WANITA,Flexi Cermat,15,5,16973,25460,33946,42433,50919,59406,84865,127298,169730,848650
USD,34,WANITA,Flexi Cermat,,10,8763,13145,17526,21908,26289,30671,43815,65723,87630,438150
USD,34,WANITA,Flexi Cermat,25,5,12128,18192,24256,30320,36384,42448,60640,84893,113190,565950
USD,34,WANITA,Flexi Cermat,,10,6690,9408,12544,15680,18816,21952,31360,47040,62720,292650
USD,34,WANITA,Flexi Cermat,,15,4269,6404,8004,10005,12006,14007,20010,30015,40020,186750
USD,34,WANITA,Flexi Cermat,35,5,8882,13323,17764,22205,26646,31087,44410,66615,82900,414500
USD,34,WANITA,Flexi Cermat,,10,4558,6837,8546,10683,12819,14956,21365,32048,42730,199400
USD,34,WANITA,Flexi Cermat,,15,3138,4707,6276,7500,8826,10297,14710,22065,29420,137250
IDR,35,PRIA,Flexi Amanah,YRT,1,-,-,5.3,6.6,8.0,9.3,13.3,19.9,26.5,132.5
IDR,35,PRIA,Flexi Amanah,5,5,-,4.6,6.1,7.7,9.2,10.7,15.3,23.0,30.6,153.0
IDR,35,PRIA,Flexi Amanah,10,10,-,5.5,7.3,9.1,11.0,12.8,18.3,27.4,36.5,182.5
IDR,35,PRIA,Flexi Berkah,75,5,42.4,63.6,79.6,99.5,119.3,139.2,198.9,298.4,397.8,1,856.5
IDR,35,PRIA,Flexi Berkah,,10,22.1,33.2,44.2,55.3,66.3,75.0,103.6,155.4,207.2,967.0
IDR,35,PRIA,Flexi Berkah,,15,16.7,22.3,29.8,37.2,44.6,52.1,74.4,104.6,139.5,697.5
IDR,35,PRIA,Flexi Cermat,15,5,142.3,213.4,284.5,355.6,426.8,497.9,711.3,1,066.9,1,422.5,7,112.5
IDR,35,PRIA,Flexi Cermat,,10,76.2,114.3,152.4,190.5,228.6,266.7,381.1,571.6,762.1,3,810.5
IDR,35,PRIA,Flexi Cermat,25,5,85.6,128.4,171.2,214.0,256.8,299.6,428.0,641.9,798.8,3,994.0
IDR,35,PRIA,Flexi Cermat,,10,47.2,70.8,88.5,110.7,132.8,154.9,221.4,332.0,442.7,2,066.0
IDR,35,PRIA,Flexi Cermat,,15,32.9,49.4,65.8,77.1,92.6,108.0,154.3,231.4,308.5,1,439.5
IDR,35,PRIA,Flexi Cermat,35,5,53.2,75.0,99.8,124.8,149.7,174.7,249.5,374.3,499.0,2,328.5
IDR,35,PRIA,Flexi Cermat,,10,27.8,41.7,55.6,69.6,78.3,91.3,130.5,195.7,260.9,1,217.5
IDR,35,PRIA,Flexi Cermat,,15,20.4,30.5,40.7,50.9,61.1,71.2,95.4,143.1,190.8,890.5
USD,35,PRIA,Flexi Amanah,YRT,1,-,-,530,663,795,928,1325,1988,2650,13250
USD,35,PRIA,Flexi Amanah,5,5,-,459,612,765,918,1071,1530,2295,3060,15300
USD,35,PRIA,Flexi Amanah,10,10,-,548,730,913,1095,1278,1825,2738,3650,18250
USD,35,PRIA,Flexi Berkah,75,5,13775,20663,27550,34438,41325,48213,68875,96428,128570,642850
USD,35,PRIA,Flexi Berkah,,10,7500,10763,14350,17938,21525,25113,35875,53813,70000,334800
USD,35,PRIA,Flexi Berkah,,15,5466,7688,10250,12813,15375,17938,25625,38438,51250,239150
USD,35,PRIA,Flexi Cermat,15,5,16999,25499,33998,42498,50997,59497,84995,127493,169990,849950
USD,35,PRIA,Flexi Cermat,,10,8862,13293,17724,22155,26586,31017,44310,66465,88620,443100
USD,35,PRIA,Flexi Cermat,25,5,12560,18840,25120,31400,37680,43960,62800,87915,117220,586100
USD,35,PRIA,Flexi Cermat,,10,6857,9642,12856,16070,19284,22498,32140,48210,64280,300000
USD,35,PRIA,Flexi Cermat,,15,4334,6501,8126,10158,12189,14221,20315,30473,40630,189600
USD,35,PRIA,Flexi Cermat,35,5,9407,14111,18814,23518,28221,32925,47035,70000,87800,439000
USD,35,PRIA,Flexi Cermat,,10,4820,7230,9038,11298,13557,15817,22595,33893,45190,210900
USD,35,PRIA,Flexi Cermat,,15,3248,4872,6496,7613,9135,10658,15225,22838,30450,142100
IDR,35,WANITA,Flexi Amanah,YRT,1,-,-,4.5,5.7,6.8,7.9,11.3,17.0,22.6,113.0
IDR,35,WANITA,Flexi Amanah,5,5,-,-,4.8,6.0,7.2,8.4,12.1,18.1,24.1,120.5
IDR,35,WANITA,Flexi Amanah,10,10,-,4.3,5.7,7.2,8.6,10.0,14.3,21.5,28.6,143.0
IDR,35,WANITA,Flexi Berkah,75,5,36.3,54.4,72.6,85.0,102.0,119.0,170.1,255.1,340.1,1,587.5
IDR,35,WANITA,Flexi Berkah,,10,18.9,25.2,33.6,42.0,50.4,58.8,78.8,118.1,157.5,735.0
IDR,35,WANITA,Flexi Berkah,,15,14.2,19.2,25.2,31.5,37.7,44.0,62.9,88.4,117.9,589.5
IDR,35,WANITA,Flexi Cermat,15,5,134.6,201.9,269.2,336.6,403.9,471.2,673.1,1,009.7,1,346.2,6,731.0
IDR,35,WANITA,Flexi Cermat,,10,74.0,111.0,148.0,185.0,222.0,259.0,370.0,554.9,739.9,3,699.5
IDR,35,WANITA,Flexi Cermat,25,5,82.1,123.1,164.1,205.1,246.2,287.2,410.3,615.4,765.8,3,829.0
IDR,35,WANITA,Flexi Cermat,,10,45.3,67.9,84.9,106.1,127.3,148.5,212.2,318.2,424.3,1,980.0
IDR,35,WANITA,Flexi Cermat,,15,31.5,47.3,63.0,75.0,88.7,103.4,147.8,221.6,295.5,1,379.0
IDR,35,WANITA,Flexi Cermat,35,5,50.2,75.0,94.1,117.7,141.2,164.7,235.3,353.0,470.6,2,196.5
IDR,35,WANITA,Flexi Cermat,,10,27.6,41.4,55.3,69.1,77.7,90.7,129.6,194.3,259.1,1,209.0
IDR,35,WANITA,Flexi Cermat,,15,19.5,29.3,39.0,48.8,58.5,68.3,91.5,137.2,182.9,853.5
USD,35,WANITA,Flexi Amanah,YRT,1,-,-,452,565,678,791,1130,1695,2260,11300
USD,35,WANITA,Flexi Amanah,5,5,-,-,482,603,723,844,1205,1808,2410,12050
USD,35,WANITA,Flexi Amanah,10,10,-,429,572,715,858,1001,1430,2145,2860,14300
USD,35,WANITA,Flexi Berkah,75,5,12417,18626,24834,31043,37251,43460,62085,86918,115890,579450
USD,35,WANITA,Flexi Berkah,,10,6898,9701,12934,16168,19401,22635,32335,48503,64670,301800
USD,35,WANITA,Flexi Berkah,,15,4655,6983,8728,10910,13092,15274,21820,32730,43640,203650
USD,35,WANITA,Flexi Cermat,15,5,16984,25476,33968,42460,50952,59444,84920,127380,169840,849200
USD,35,WANITA,Flexi Cermat,,10,8769,13154,17538,21923,26307,30692,43845,65768,87690,438450
USD,35,WANITA,Flexi Cermat,25,5,12151,18227,24302,30378,36453,42529,60755,85058,113410,567050
USD,35,WANITA,Flexi Cermat,,10,6702,9426,12568,15710,18852,21994,31420,47130,62840,293250
USD,35,WANITA,Flexi Cermat,,15,4278,6417,8022,10028,12033,14039,20055,30083,40110,187200
USD,35,WANITA,Flexi Cermat,35,5,8884,13326,17768,22210,26652,31094,44420,66630,82920,414600
USD,35,WANITA,Flexi Cermat,,10,4562,6843,8554,10693,12831,14970,21385,32078,42770,199600
USD,35,WANITA,Flexi Cermat,,15,3152,4728,6304,7500,8865,10343,14775,22163,29550,137900
IDR,36,PRIA,Flexi Amanah,YRT,1,-,4.4,5.9,7.4,8.9,10.3,14.8,22.1,29.5,147.5
IDR,36,PRIA,Flexi Amanah,5,5,-,5.1,6.8,8.5,10.2,11.9,17.0,25.4,33.9,169.5
IDR,36,PRIA,Flexi Amanah,10,10,-,6.0,8.0,10.0,11.9,13.9,19.9,29.9,39.8,199.0
IDR,36,PRIA,Flexi Berkah,74,5,44.9,67.3,84.1,105.1,126.2,147.2,210.3,315.4,420.5,1,962.5
IDR,36,PRIA,Flexi Berkah,,10,23.4,35.0,46.7,58.4,70.1,76.7,109.5,164.3,219.0,1,022.0
IDR,36,PRIA,Flexi Berkah,,15,17.8,23.7,31.6,39.6,47.5,55.4,75.0,111.2,148.3,700.0
IDR,36,PRIA,Flexi Cermat,15,5,142.4,213.6,284.7,355.9,427.1,498.3,711.9,1,067.8,1,423.7,7,118.5
IDR,36,PRIA,Flexi Cermat,,10,76.4,114.5,152.7,190.9,229.1,267.2,381.8,572.6,763.5,3,817.5
IDR,36,PRIA,Flexi Cermat,25,5,85.9,128.8,171.7,214.7,257.6,300.5,429.4,644.0,801.4,4,007.0
IDR,36,PRIA,Flexi Cermat,,10,47.3,70.9,88.6,110.8,132.9,155.1,221.5,332.3,443.0,2,067.5
IDR,36,PRIA,Flexi Cermat,,15,33.2,49.8,66.3,77.8,93.3,108.9,155.5,233.3,311.0,1,451.0
IDR,36,PRIA,Flexi Cermat,35,5,53.7,75.5,100.7,125.9,151.1,176.2,251.8,377.6,503.5,2,349.5
IDR,36,PRIA,Flexi Cermat,,10,28.1,42.2,56.2,70.3,79.0,92.2,131.7,197.6,263.4,1,229.0
IDR,36,PRIA,Flexi Cermat,,15,20.5,30.8,41.0,51.3,61.5,71.8,96.1,144.2,192.2,896.5
USD,36,PRIA,Flexi Amanah,YRT,1,-,443,590,738,885,1033,1475,2213,2950,14750
USD,36,PRIA,Flexi Amanah,5,5,-,509,678,848,1017,1187,1695,2543,3390,16950
USD,36,PRIA,Flexi Amanah,10,10,-,597,796,995,1194,1393,1990,2985,3980,19900
USD,36,PRIA,Flexi Berkah,74,5,13855,20783,27710,34638,41565,48493,69275,96983,129310,646550
USD,36,PRIA,Flexi Berkah,,10,7500,10826,14434,18043,21651,25260,36085,54128,70000,336750
USD,36,PRIA,Flexi Berkah,,15,5498,7731,10308,12885,15462,18039,25770,38655,51540,240500
USD,36,PRIA,Flexi Cermat,15,5,17003,25505,34006,42508,51009,59511,85015,127523,170030,850150
USD,36,PRIA,Flexi Cermat,,10,8868,13302,17736,22170,26604,31038,44340,66510,88680,443400
USD,36,PRIA,Flexi Cermat,25,5,12566,18849,25132,31415,37698,43981,62830,87960,117280,586400
USD,36,PRIA,Flexi Cermat,,10,6861,9648,12864,16080,19296,22512,32160,48240,64320,300150
USD,36,PRIA,Flexi Cermat,,15,4340,6510,8138,10173,12207,14242,20345,30518,40690,189900
USD,36,PRIA,Flexi Cermat,35,5,9500,14250,19000,23750,28500,33250,47500,70000,88670,443350
USD,36,PRIA,Flexi Cermat,,10,4866,7299,9124,11405,13686,15967,22810,34215,45620,212900
USD,36,PRIA,Flexi Cermat,,15,3281,4922,6562,7690,9228,10766,15380,23070,30760,143550
IDR,36,WANITA,Flexi Amanah,YRT,1,-,-,4.8,6.0,7.2,8.4,12.0,18.0,24.0,120.0
IDR,36,WANITA,Flexi Amanah,5,5,-,-,5.2,6.6,7.9,9.2,13.1,19.7,26.2,131.0
IDR,36,WANITA,Flexi Amanah,10,10,-,4.7,6.2,7.8,9.3,10.9,15.6,23.3,31.1,155.5
IDR,36,WANITA,Flexi Berkah,74,5,38.8,58.2,75.0,90.9,109.1,127.2,181.8,272.6,363.5,1,696.5
IDR,36,WANITA,Flexi Berkah,,10,20.2,30.3,40.4,50.5,60.6,70.7,94.7,142.0,189.3,883.5
IDR,36,WANITA,Flexi Berkah,,15,15.3,20.4,27.2,34.0,40.8,47.6,68.0,95.6,127.5,637.5
IDR,36,WANITA,Flexi Cermat,15,5,134.7,202.1,269.5,336.8,404.2,471.6,673.7,1,010.5,1,347.3,6,736.5
IDR,36,WANITA,Flexi Cermat,,10,74.1,111.2,148.3,185.3,222.4,259.5,370.7,556.0,741.3,3,706.5
IDR,36,WANITA,Flexi Cermat,25,5,82.4,123.6,164.8,206.0,247.2,288.4,412.0,618.0,769.1,3,845.5
IDR,36,WANITA,Flexi Cermat,,10,45.3,68.0,85.0,106.3,127.5,148.8,212.5,318.8,425.0,1,983.5
IDR,36,WANITA,Flexi Cermat,,15,31.8,47.7,63.6,75.0,89.4,104.3,149.0,223.5,298.0,1,390.5
IDR,36,WANITA,Flexi Cermat,35,5,50.3,75.0,94.3,117.9,141.5,165.1,235.8,353.7,471.6,2,201.0
IDR,36,WANITA,Flexi Cermat,,10,27.7,41.6,55.5,69.3,78.0,91.0,130.0,195.0,260.0,1,213.0
IDR,36,WANITA,Flexi Cermat,,15,19.6,29.4,39.2,49.0,58.8,68.6,91.9,137.9,183.8,857.5
USD,36,WANITA,Flexi Amanah,YRT,1,-,-,480,600,720,840,1200,1800,2400,12000
USD,36,WANITA,Flexi Amanah,5,5,-,-,524,655,786,917,1310,1965,2620,13100
USD,36,WANITA,Flexi Amanah,10,10,-,467,622,778,933,1089,1555,2333,3110,15550
USD,36,WANITA,Flexi Berkah,74,5,12584,18876,25168,31460,37752,44044,62920,88088,117450,587250
USD,36,WANITA,Flexi Berkah,,10,6990,9831,13108,16385,19662,22939,32770,49155,65540,305850
USD,36,WANITA,Flexi Berkah,,15,4710,7065,8830,11038,13245,15453,22075,33113,44150,206050
USD,36,WANITA,Flexi Cermat,15,5,16988,25482,33976,42470,50964,59458,84940,127410,169880,849400
USD,36,WANITA,Flexi Cermat,,10,8775,13163,17550,21938,26325,30713,43875,65813,87750,438750
USD,36,WANITA,Flexi Cermat,25,5,12170,18255,24340,30425,36510,42595,60850,85185,113580,567900
USD,36,WANITA,Flexi Cermat,,10,6714,9443,12590,15738,18885,22033,31475,47213,62950,293750
USD,36,WANITA,Flexi Cermat,,15,4287,6431,8038,10048,12057,14067,20095,30143,40190,187550
USD,36,WANITA,Flexi Cermat,35,5,8922,13383,17844,22305,26766,31227,44610,66915,83270,416350
USD,36,WANITA,Flexi Cermat,,10,4581,6872,8590,10738,12885,15033,21475,32213,42950,200400
USD,36,WANITA,Flexi Cermat,,15,3168,4752,6336,7500,8910,10395,14850,22275,29700,138600
IDR,37,PRIA,Flexi Amanah,YRT,1,-,4.9,6.5,8.1,9.7,11.3,16.2,24.3,32.4,162.0
IDR,37,PRIA,Flexi Amanah,5,5,-,5.6,7.4,9.3,11.1,13.0,18.6,27.8,37.1,185.5
IDR,37,PRIA,Flexi Amanah,10,10,4.3,6.5,8.6,10.8,12.9,15.1,21.6,32.3,43.1,215.5
IDR,37,PRIA,Flexi Berkah,73,5,47.3,70.9,88.7,110.8,133.0,155.2,221.7,332.5,443.3,2,068.5
IDR,37,PRIA,Flexi Berkah,,10,24.6,36.9,49.2,61.6,73.9,80.8,115.5,173.2,230.9,1,077.5
IDR,37,PRIA,Flexi Berkah,,15,18.9,25.1,33.5,41.9,50.3,58.7,78.6,117.8,157.1,733.5
IDR,37,PRIA,Flexi Cermat,15,5,142.5,213.7,285.0,356.2,427.5,498.7,712.5,1,068.7,1,424.9,7,124.5
IDR,37,PRIA,Flexi Cermat,,10,76.5,114.7,153.0,191.2,229.5,267.7,382.5,573.7,764.9,3,824.5
IDR,37,PRIA,Flexi Cermat,25,5,86.2,129.2,172.3,215.4,258.5,301.5,430.8,646.1,804.1,4,020.5
IDR,37,PRIA,Flexi Cermat,,10,47.3,70.9,88.7,110.8,133.0,155.2,221.7,332.5,443.3,2,069.0
IDR,37,PRIA,Flexi Cermat,,15,33.4,50.1,66.8,78.4,94.0,109.7,156.7,235.1,313.4,1,462.5
IDR,37,PRIA,Flexi Cermat,35,5,54.2,76.2,101.6,127.0,152.4,177.8,254.0,381.0,508.0,2,370.5
IDR,37,PRIA,Flexi Cermat,,10,28.4,42.6,56.7,70.9,79.8,93.1,133.0,199.5,266.0,1,241.0
IDR,37,PRIA,Flexi Cermat,,15,20.6,30.9,41.3,51.6,61.9,72.2,96.7,145.1,193.4,902.5
USD,37,PRIA,Flexi Amanah,YRT,1,-,486,648,810,972,1134,1620,2430,3240,16200
USD,37,PRIA,Flexi Amanah,5,5,-,557,742,928,1113,1299,1855,2783,3710,18550
USD,37,PRIA,Flexi Amanah,10,10,431,647,862,1078,1293,1509,2155,3233,4310,21550
USD,37,PRIA,Flexi Berkah,73,5,13935,20903,27870,34838,41805,48773,69675,97545,130060,650300
USD,37,PRIA,Flexi Berkah,,10,7500,10887,14516,18145,21774,25403,36290,54435,70000,338700
USD,37,PRIA,Flexi Berkah,,15,5530,7776,10368,12960,15552,18144,25920,38880,51840,241900
USD,37,PRIA,Flexi Cermat,15,5,17007,25511,34014,42518,51021,59525,85035,127553,170070,850350
USD,37,PRIA,Flexi Cermat,,10,8874,13311,17748,22185,26622,31059,44370,66555,88740,443700
USD,37,PRIA,Flexi Cermat,25,5,12571,18857,25142,31428,37713,43999,62855,87998,117330,586650
USD,37,PRIA,Flexi Cermat,,10,6866,9656,12874,16093,19311,22530,32185,48278,64370,300350
USD,37,PRIA,Flexi Cermat,,15,4346,6519,8150,10188,12225,14263,20375,30563,40750,190150
USD,37,PRIA,Flexi Cermat,35,5,9593,14390,19186,23983,28779,33576,47965,70000,89530,447650
USD,37,PRIA,Flexi Cermat,,10,4914,7371,9214,11518,13821,16125,23035,34553,46070,214950
USD,37,PRIA,Flexi Cermat,,15,3314,4971,6628,7768,9321,10875,15535,23303,31070,144950
IDR,37,WANITA,Flexi Amanah,YRT,1,-,-,5.1,6.4,7.6,8.9,12.7,19.1,25.4,127.0
IDR,37,WANITA,Flexi Amanah,5,5,-,4.2,5.6,7.1,8.5,9.9,14.1,21.2,28.2,141.0
IDR,37,WANITA,Flexi Amanah,10,10,-,5.1,6.7,8.4,10.1,11.8,16.9,25.3,33.7,168.5
IDR,37,WANITA,Flexi Berkah,73,5,41.3,61.9,77.4,96.7,116.1,135.4,193.5,290.2,386.9,1,805.5
IDR,37,WANITA,Flexi Berkah,,10,21.5,32.3,43.0,53.8,64.5,75.0,100.8,151.1,201.5,940.5
IDR,37,WANITA,Flexi Berkah,,15,16.4,21.9,29.2,36.6,43.9,51.2,73.1,102.8,137.0,685.0
IDR,37,WANITA,Flexi Cermat,15,5,134.9,202.3,269.7,337.1,404.6,472.0,674.3,1,011.4,1,348.5,6,742.5
IDR,37,WANITA,Flexi Cermat,,10,74.3,111.4,148.5,185.7,222.8,259.9,371.4,557.0,742.7,3,713.5
IDR,37,WANITA,Flexi Cermat,25,5,82.8,124.1,165.5,206.9,248.3,289.7,413.8,620.7,772.4,3,862.0
IDR,37,WANITA,Flexi Cermat,,10,45.4,68.1,85.2,106.5,127.7,149.0,212.9,319.4,425.8,1,987.0
IDR,37,WANITA,Flexi Cermat,,15,32.0,48.1,64.1,75.1,90.1,105.1,150.2,225.3,300.4,1,402.0
IDR,37,WANITA,Flexi Cermat,35,5,50.4,75.0,94.5,118.1,141.8,165.4,236.3,354.4,472.5,2,205.0
IDR,37,WANITA,Flexi Cermat,,10,27.8,41.7,55.7,69.6,78.3,91.3,130.5,195.7,260.9,1,217.5
IDR,37,WANITA,Flexi Cermat,,15,19.7,29.6,39.4,49.3,59.1,69.0,92.4,138.5,184.7,862.0
USD,37,WANITA,Flexi Amanah,YRT,1,-,-,508,635,762,889,1270,1905,2540,12700
USD,37,WANITA,Flexi Amanah,5,5,-,423,564,705,846,987,1410,2115,2820,14100
USD,37,WANITA,Flexi Amanah,10,10,-,506,674,843,1011,1180,1685,2528,3370,16850
USD,37,WANITA,Flexi Berkah,73,5,12749,19124,25498,31873,38247,44622,63745,89243,118990,594950
USD,37,WANITA,Flexi Berkah,,10,7083,9962,13282,16603,19923,23244,33205,49808,66410,309900
USD,37,WANITA,Flexi Berkah,,15,4764,7146,8932,11165,13398,15631,22330,33495,44660,208450
USD,37,WANITA,Flexi Cermat,15,5,16992,25488,33984,42480,50976,59472,84960,127440,169920,849600
USD,37,WANITA,Flexi Cermat,,10,8782,13173,17564,21955,26346,30737,43910,65865,87820,439100
USD,37,WANITA,Flexi Cermat,25,5,12188,18282,24376,30470,36564,42658,60940,85313,113750,568750
USD,37,WANITA,Flexi Cermat,,10,6726,9459,12612,15765,18918,22071,31530,47295,63060,294300
USD,37,WANITA,Flexi Cermat,,15,4296,6444,8056,10070,12084,14098,20140,30210,40280,187950
USD,37,WANITA,Flexi Cermat,35,5,8960,13440,17920,22400,26880,31360,44800,67200,83630,418150
USD,37,WANITA,Flexi Cermat,,10,4599,6899,8624,10780,12936,15092,21560,32340,43120,201200
USD,37,WANITA,Flexi Cermat,,15,3184,4776,6368,7500,8955,10448,14925,22388,29850,139300
IDR,38,PRIA,Flexi Amanah,YRT,1,-,5.3,7.1,8.8,10.6,12.4,17.7,26.5,35.3,176.5
IDR,38,PRIA,Flexi Amanah,5,5,4.0,6.0,8.1,10.1,12.1,14.1,20.2,30.2,40.3,201.5
IDR,38,PRIA,Flexi Amanah,10,10,4.7,7.0,9.3,11.6,14.0,16.3,23.3,34.9,46.5,232.5
IDR,38,PRIA,Flexi Berkah,72,5,49.7,74.6,93.2,116.5,139.8,163.1,233.0,349.5,466.0,2,174.5
IDR,38,PRIA,Flexi Berkah,,10,25.9,38.8,51.8,64.7,75.0,84.9,121.4,182.0,242.7,1,132.5
IDR,38,PRIA,Flexi Berkah,,15,19.9,29.9,39.8,49.8,59.7,69.7,93.4,140.0,186.7,871.0
IDR,38,PRIA,Flexi Cermat,15,5,142.6,213.9,285.2,356.6,427.9,499.2,713.1,1,069.7,1,426.2,7,131.0
IDR,38,PRIA,Flexi Cermat,,10,76.6,115.0,153.3,191.6,229.9,268.2,383.2,574.8,766.4,3,832.0
IDR,38,PRIA,Flexi Cermat,25,5,86.4,129.6,172.9,216.1,259.3,302.5,432.2,648.2,806.7,4,033.5
IDR,38,PRIA,Flexi Cermat,,10,47.3,71.0,88.7,110.9,133.1,155.3,221.8,332.7,443.6,2,070.0
IDR,38,PRIA,Flexi Cermat,,15,33.7,50.5,67.4,79.0,94.7,110.5,157.9,236.9,315.8,1,474.0
IDR,38,PRIA,Flexi Cermat,35,5,54.7,76.9,102.5,128.1,153.8,179.4,256.3,384.4,512.5,2,391.5
IDR,38,PRIA,Flexi Cermat,,10,28.6,43.0,57.3,71.6,80.6,94.0,134.3,201.4,268.5,1,253.0
IDR,38,PRIA,Flexi Cermat,,15,20.8,31.2,41.6,52.0,62.3,72.7,97.4,146.1,194.8,909.0
USD,38,PRIA,Flexi Amanah,YRT,1,-,530,706,883,1059,1236,1765,2648,3530,17650
USD,38,PRIA,Flexi Amanah,5,5,403,605,806,1008,1209,1411,2015,3023,4030,20150
USD,38,PRIA,Flexi Amanah,10,10,465,698,930,1163,1395,1628,2325,3488,4650,23250
USD,38,PRIA,Flexi Berkah,72,5,14015,21023,28030,35038,42045,49053,70000,98108,130810,654050
USD,38,PRIA,Flexi Berkah,,10,7500,10950,14600,18250,21900,25550,36500,54750,70000,340650
USD,38,PRIA,Flexi Berkah,,15,5561,7820,10426,13033,15639,18246,26065,39098,52130,243300
USD,38,PRIA,Flexi Cermat,15,5,17011,25517,34022,42528,51033,59539,85055,127583,170110,850550
USD,38,PRIA,Flexi Cermat,,10,8881,13322,17762,22203,26643,31084,44405,66608,88810,444050
USD,38,PRIA,Flexi Cermat,25,5,12577,18866,25154,31443,37731,44020,62885,88035,117380,586900
USD,38,PRIA,Flexi Cermat,,10,6870,9660,12880,16100,19320,22540,32200,48300,64400,300550
USD,38,PRIA,Flexi Cermat,,15,4354,6531,8164,10205,12246,14287,20410,30615,40820,190450
USD,38,PRIA,Flexi Cermat,35,5,9686,14529,19372,24215,29058,33901,48430,70000,90400,452000
USD,38,PRIA,Flexi Cermat,,10,4961,7442,9302,11628,13953,16279,23255,34883,46510,217050
USD,38,PRIA,Flexi Cermat,,15,3346,5019,6692,7843,9411,10980,15685,23528,31370,146400
IDR,38,WANITA,Flexi Amanah,YRT,1,-,4.0,5.3,6.7,8.0,9.3,13.4,20.0,26.7,133.5
IDR,38,WANITA,Flexi Amanah,5,5,-,4.5,6.0,7.6,9.1,10.6,15.1,22.7,30.2,151.0
IDR,38,WANITA,Flexi Amanah,10,10,-,5.4,7.2,9.1,10.9,12.7,18.1,27.2,36.2,181.0
IDR,38,WANITA,Flexi Berkah,72,5,43.8,65.6,82.1,102.6,123.1,143.6,205.2,307.7,410.3,1,914.5
IDR,38,WANITA,Flexi Berkah,,10,22.8,34.2,45.6,57.0,68.4,75.0,106.9,160.3,213.7,997.0
IDR,38,WANITA,Flexi Berkah,,15,17.6,23.5,31.3,39.1,46.9,54.7,75.0,110.0,146.6,700.0
IDR,38,WANITA,Flexi Cermat,15,5,135.0,202.4,269.9,337.4,404.9,472.4,674.8,1,012.2,1,349.6,6,748.0
IDR,38,WANITA,Flexi Cermat,,10,74.4,111.6,148.8,186.0,223.2,260.4,372.0,558.0,744.0,3,720.0
IDR,38,WANITA,Flexi Cermat,25,5,83.1,124.7,166.2,207.8,249.4,290.9,415.6,623.4,775.7,3,878.5
IDR,38,WANITA,Flexi Cermat,,10,45.5,68.3,85.3,106.6,128.0,149.3,213.3,319.9,426.5,1,990.5
IDR,38,WANITA,Flexi Cermat,,15,32.3,48.5,64.6,75.7,90.9,106.0,151.5,227.2,302.9,1,413.5
IDR,38,WANITA,Flexi Cermat,35,5,50.5,75.0,94.7,118.4,142.1,165.7,236.8,355.1,473.5,2,209.5
IDR,38,WANITA,Flexi Cermat,,10,27.9,41.9,55.9,69.8,78.5,91.6,130.9,196.4,261.8,1,222.0
IDR,38,WANITA,Flexi Cermat,,15,19.8,29.7,39.6,49.5,59.4,69.3,92.8,139.2,185.6,866.5
USD,38,WANITA,Flexi Amanah,YRT,1,-,401,534,668,801,935,1335,2003,2670,13350
USD,38,WANITA,Flexi Amanah,5,5,-,453,604,755,906,1057,1510,2265,3020,15100
USD,38,WANITA,Flexi Amanah,10,10,-,543,724,905,1086,1267,1810,2715,3620,18100
USD,38,WANITA,Flexi Berkah,72,5,12916,19374,25832,32290,38748,45206,64580,90413,120550,602750
USD,38,WANITA,Flexi Berkah,,10,7175,10091,13454,16818,20181,23545,33635,50453,67270,313900
USD,38,WANITA,Flexi Berkah,,15,4818,7227,9034,11293,13551,15810,22585,33878,45170,210750
USD,38,WANITA,Flexi Cermat,15,5,16997,25496,33994,42493,50991,59490,84985,127478,169970,849850
USD,38,WANITA,Flexi Cermat,,10,8788,13182,17576,21970,26364,30758,43940,65910,87880,439400
USD,38,WANITA,Flexi Cermat,25,5,12206,18309,24412,30515,36618,42721,61030,85448,113930,569650
USD,38,WANITA,Flexi Cermat,,10,6738,9476,12634,15793,18951,22110,31585,47378,63170,294800
USD,38,WANITA,Flexi Cermat,,15,4305,6458,8072,10090,12108,14126,20180,30270,40360,188350
USD,38,WANITA,Flexi Cermat,35,5,8998,13497,17996,22495,26994,31493,44990,67485,83980,419900
USD,38,WANITA,Flexi Cermat,,10,4618,6927,8658,10823,12987,15152,21645,32468,43290,202000
USD,38,WANITA,Flexi Cermat,,15,3200,4800,6400,7500,9000,10500,15000,22500,30000,140000
IDR,39,PRIA,Flexi Amanah,YRT,1,-,5.7,7.7,9.6,11.5,13.4,19.2,28.7,38.3,191.5
IDR,39,PRIA,Flexi Amanah,5,5,4.4,6.5,8.7,10.9,13.1,15.3,21.8,32.7,43.6,218.0
IDR,39,PRIA,Flexi Amanah,10,10,5.0,7.5,10.0,12.5,14.9,17.4,24.9,37.4,49.8,249.0
IDR,39,PRIA,Flexi Berkah,71,5,52.1,75.0,97.7,122.2,146.6,171.0,244.4,366.5,488.7,2,280.5
IDR,39,PRIA,Flexi Berkah,,10,27.1,40.7,54.3,67.9,76.4,89.1,127.3,190.9,254.5,1,187.5
IDR,39,PRIA,Flexi Berkah,,15,21.0,31.5,41.9,52.4,62.9,73.4,98.3,147.5,196.6,917.5
IDR,39,PRIA,Flexi Cermat,15,5,142.7,214.1,285.5,356.9,428.2,499.6,713.7,1,070.6,1,427.4,7,137.0
IDR,39,PRIA,Flexi Cermat,,10,76.8,115.2,153.6,192.0,230.3,268.7,383.9,575.9,767.8,3,839.0
IDR,39,PRIA,Flexi Cermat,25,5,86.5,129.8,173.1,216.3,259.6,302.9,432.7,649.0,807.6,4,038.0
IDR,39,PRIA,Flexi Cermat,,10,47.3,71.0,88.8,111.0,133.2,155.4,222.0,332.9,443.9,2,071.5
IDR,39,PRIA,Flexi Cermat,,15,33.9,50.9,67.9,79.6,95.5,111.4,159.1,238.7,318.2,1,485.0
IDR,39,PRIA,Flexi Cermat,35,5,55.1,77.6,103.4,129.3,155.1,181.0,258.5,387.8,517.0,2,412.5
IDR,39,PRIA,Flexi Cermat,,10,28.9,43.4,57.8,72.3,81.3,94.9,135.6,203.3,271.1,1,265.0
IDR,39,PRIA,Flexi Cermat,,15,20.9,31.4,41.8,52.3,62.8,73.2,98.1,147.1,196.1,915.5
USD,39,PRIA,Flexi Amanah,YRT,1,-,575,766,958,1149,1341,1915,2873,3830,19150
USD,39,PRIA,Flexi Amanah,5,5,436,654,872,1090,1308,1526,2180,3270,4360,21800
USD,39,PRIA,Flexi Amanah,10,10,498,747,996,1245,1494,1743,2490,3735,4980,24900
USD,39,PRIA,Flexi Berkah,71,5,14095,21143,28190,35238,42285,49333,70000,98663,131550,657750
USD,39,PRIA,Flexi Berkah,,10,7500,11012,14682,18353,22023,25694,36705,55058,70000,342600
USD,39,PRIA,Flexi Berkah,,15,5592,7865,10486,13108,15729,18351,26215,39323,52430,244650
USD,39,PRIA,Flexi Cermat,15,5,17015,25523,34030,42538,51045,59553,85075,127613,170150,850750
USD,39,PRIA,Flexi Cermat,,10,8887,13331,17774,22218,26661,31105,44435,66653,88870,444350
USD,39,PRIA,Flexi Cermat,25,5,12583,18875,25166,31458,37749,44041,62915,88080,117440,587200
USD,39,PRIA,Flexi Cermat,,10,6874,9668,12890,16113,19335,22558,32225,48338,64450,300750
USD,39,PRIA,Flexi Cermat,,15,4360,6540,8176,10220,12264,14308,20440,30660,40880,190750
USD,39,PRIA,Flexi Cermat,35,5,9779,14669,19558,24448,29337,34227,48895,70000,91270,456350
USD,39,PRIA,Flexi Cermat,,10,5342,7512,10016,12520,15024,17528,25040,37560,50080,233700
USD,39,PRIA,Flexi Cermat,,15,3379,5069,6758,7920,9504,11088,15840,23760,31680,147850
IDR,39,WANITA,Flexi Amanah,YRT,1,-,4.2,5.6,7.0,8.4,9.8,14.1,21.1,28.1,140.5
IDR,39,WANITA,Flexi Amanah,5,5,-,4.8,6.4,8.1,9.7,11.3,16.1,24.2,32.2,161.0
IDR,39,WANITA,Flexi Amanah,10,10,-,5.8,7.8,9.7,11.6,13.6,19.4,29.1,38.8,194.0
IDR,39,WANITA,Flexi Berkah,71,5,46.3,69.4,86.7,108.4,130.1,151.8,216.8,325.2,433.6,2,023.5
IDR,39,WANITA,Flexi Berkah,,10,24.1,36.1,48.2,60.2,72.3,79.0,112.9,169.4,225.8,1,054.0
IDR,39,WANITA,Flexi Berkah,,15,18.7,25.0,33.3,41.7,50.0,58.3,78.1,117.2,156.2,728.5
IDR,39,WANITA,Flexi Cermat,15,5,135.1,202.6,270.2,337.7,405.2,472.8,675.4,1,013.1,1,350.8,6,754.0
IDR,39,WANITA,Flexi Cermat,,10,74.5,111.8,149.1,186.4,223.6,260.9,372.7,559.1,745.4,3,727.0
IDR,39,WANITA,Flexi Cermat,25,5,83.5,125.2,166.9,208.7,250.4,292.1,417.4,626.0,779.0,3,895.0
IDR,39,WANITA,Flexi Cermat,,10,45.6,68.4,85.5,106.9,128.2,149.6,213.7,320.6,427.4,1,994.5
IDR,39,WANITA,Flexi Cermat,,15,32.6,48.8,65.1,76.3,91.6,106.9,152.7,229.0,305.3,1,424.5
IDR,39,WANITA,Flexi Cermat,35,5,50.6,75.0,94.9,118.6,142.3,166.0,237.2,355.8,474.4,2,214.0
IDR,39,WANITA,Flexi Cermat,,10,28.0,42.0,56.1,70.1,78.8,92.0,131.4,197.1,262.8,1,226.5
IDR,39,WANITA,Flexi Cermat,,15,19.9,29.9,39.8,49.8,59.7,69.7,93.3,140.0,186.6,871.0
USD,39,WANITA,Flexi Amanah,YRT,1,-,422,562,703,843,984,1405,2108,2810,14050
USD,39,WANITA,Flexi Amanah,5,5,-,483,644,805,966,1127,1610,2415,3220,16100
USD,39,WANITA,Flexi Amanah,10,10,-,582,776,970,1164,1358,1940,2910,3880,19400
USD,39,WANITA,Flexi Berkah,71,5,13082,19623,26164,32705,39246,45787,65410,91568,122090,610450
USD,39,WANITA,Flexi Berkah,,10,7267,10220,13626,17033,20439,23846,34065,51098,68130,317950
USD,39,WANITA,Flexi Berkah,,15,4872,7308,9136,11420,13704,15988,22840,34260,45680,213150
USD,39,WANITA,Flexi Cermat,15,5,17001,25502,34002,42503,51003,59504,85005,127508,170010,850050
USD,39,WANITA,Flexi Cermat,,10,8794,13191,17588,21985,26382,30779,43970,65955,87940,439700
USD,39,WANITA,Flexi Cermat,25,5,12224,18336,24448,30560,36672,42784,61120,85568,114090,570450
USD,39,WANITA,Flexi Cermat,,10,6750,9494,12658,15823,18987,22152,31645,47468,63290,295350
USD,39,WANITA,Flexi Cermat,,15,4314,6471,8088,10110,12132,14154,20220,30330,40440,188700
USD,39,WANITA,Flexi Cermat,35,5,9036,13554,18072,22590,27108,31626,45180,67770,84340,421700
USD,39,WANITA,Flexi Cermat,,10,4636,6954,8692,10865,13038,15211,21730,32595,43460,202850
USD,39,WANITA,Flexi Cermat,,15,3216,4824,6432,7538,9045,10553,15075,22613,30150,140700
IDR,40,PRIA,Flexi Amanah,YRT,1,4.1,6.2,8.2,10.3,12.4,14.4,20.6,30.9,41.2,206.0
IDR,40,PRIA,Flexi Amanah,5,5,4.7,7.0,9.4,11.7,14.0,16.4,23.4,35.1,46.8,234.0
IDR,40,PRIA,Flexi Amanah,10,10,5.3,8.0,10.6,13.3,15.9,18.6,26.6,39.8,53.1,265.5
IDR,40,PRIA,Flexi Berkah,70,5,54.5,76.7,102.3,127.9,153.4,179.0,255.7,383.6,511.4,2,386.5
IDR,40,PRIA,Flexi Berkah,,10,28.4,42.6,56.8,71.0,79.9,93.2,133.2,199.7,266.3,1,243.0
IDR,40,PRIA,Flexi Berkah,,15,22.0,33.0,44.0,55.1,66.1,75.0,103.3,154.9,206.5,963.5
IDR,40,PRIA,Flexi Cermat,15,5,142.9,214.3,285.7,357.2,428.6,500.0,714.3,1,071.5,1,428.6,7,143.0
IDR,40,PRIA,Flexi Cermat,,10,76.9,115.4,153.8,192.3,230.8,269.2,384.6,576.9,769.2,3,846.0
IDR,40,PRIA,Flexi Cermat,25,5,87.0,130.5,174.0,217.5,261.0,304.5,435.0,652.4,811.9,4,059.5
IDR,40,PRIA,Flexi Cermat,,10,47.4,71.1,88.8,111.1,133.3,155.5,222.1,333.2,444.2,2,072.5
IDR,40,PRIA,Flexi Cermat,,15,34.2,51.3,68.4,80.2,96.2,112.2,160.4,240.5,320.7,1,496.5
IDR,40,PRIA,Flexi Cermat,35,5,55.6,78.2,104.3,130.4,156.5,182.5,260.8,391.1,521.5,2,433.5
IDR,40,PRIA,Flexi Cermat,,10,29.2,43.8,58.4,73.0,82.1,95.8,136.8,205.2,273.6,1,277.0
IDR,40,PRIA,Flexi Cermat,,15,21.1,31.6,42.1,52.7,63.2,73.7,98.8,148.1,197.5,921.5
USD,40,PRIA,Flexi Amanah,YRT,1,412,618,824,1030,1236,1442,2060,3090,4120,20600
USD,40,PRIA,Flexi Amanah,5,5,468,702,936,1170,1404,1638,2340,3510,4680,23400
USD,40,PRIA,Flexi Amanah,10,10,531,797,1062,1328,1593,1859,2655,3983,5310,26550
USD,40,PRIA,Flexi Berkah,70,5,14175,21263,28350,35438,42525,49613,70000,99225,132300,661500
USD,40,PRIA,Flexi Berkah,,10,7500,11075,14766,18458,22149,25841,36915,55373,70000,344550
USD,40,PRIA,Flexi Berkah,,15,5624,7910,10546,13183,15819,18456,26365,39548,52730,246050
USD,40,PRIA,Flexi Cermat,15,5,17019,25529,34038,42548,51057,59567,85095,127643,170190,850950
USD,40,PRIA,Flexi Cermat,,10,8893,13340,17786,22233,26679,31126,44465,66698,88930,444650
USD,40,PRIA,Flexi Cermat,25,5,12588,18882,25176,31470,37764,44058,62940,88118,117490,587450
USD,40,PRIA,Flexi Cermat,,10,6878,9674,12898,16123,19347,22572,32245,48368,64490,300950
USD,40,PRIA,Flexi Cermat,,15,4367,6551,8188,10235,12282,14329,20470,30705,40940,191050
USD,40,PRIA,Flexi Cermat,35,5,9872,14808,19744,24680,29616,34552,49360,70000,92130,460650
USD,40,PRIA,Flexi Cermat,,10,5391,7581,10108,12635,15162,17689,25270,37905,50540,235850
USD,40,PRIA,Flexi Cermat,,15,3411,5117,6822,7995,9594,11193,15990,23985,31980,149250
IDR,40,WANITA,Flexi Amanah,YRT,1,-,4.4,5.9,7.4,8.9,10.3,14.8,22.1,29.5,147.5
IDR,40,WANITA,Flexi Amanah,5,5,-,5.1,6.8,8.6,10.3,12.0,17.1,25.7,34.2,171.0
IDR,40,WANITA,Flexi Amanah,10,10,4.1,6.2,8.3,10.3,12.4,14.5,20.7,31.0,41.3,206.5
IDR,40,WANITA,Flexi Berkah,70,5,48.7,73.1,91.4,114.3,137.1,160.0,228.5,342.8,457.0,2,132.5
IDR,40,WANITA,Flexi Berkah,,10,25.4,38.1,50.8,63.5,75.0,83.3,119.0,178.5,238.0,1,110.5
IDR,40,WANITA,Flexi Berkah,,15,19.9,29.8,39.8,49.7,59.7,69.6,93.3,139.9,186.5,870.0
IDR,40,WANITA,Flexi Cermat,15,5,135.2,202.8,270.4,338.0,405.6,473.2,676.0,1,013.9,1,351.9,6,759.5
IDR,40,WANITA,Flexi Cermat,,10,74.7,112.0,149.4,186.7,224.0,261.4,373.4,560.1,746.8,3,734.0
IDR,40,WANITA,Flexi Cermat,25,5,83.8,125.7,167.6,209.6,251.5,293.4,419.1,628.7,782.3,3,911.5
IDR,40,WANITA,Flexi Cermat,,10,45.7,68.5,85.6,107.0,128.4,149.8,214.1,321.1,428.1,1,998.0
IDR,40,WANITA,Flexi Cermat,,15,32.8,49.2,65.6,76.9,92.3,107.7,153.9,230.8,307.7,1,436.0
IDR,40,WANITA,Flexi Cermat,35,5,50.7,75.0,95.1,118.9,142.6,166.4,237.7,356.6,475.4,2,218.5
IDR,40,WANITA,Flexi Cermat,,10,28.1,42.2,56.3,70.3,79.1,92.3,131.9,197.8,263.7,1,230.5
IDR,40,WANITA,Flexi Cermat,,15,20.0,30.0,40.0,50.0,60.0,70.0,93.8,140.6,187.5,875.0
USD,40,WANITA,Flexi Amanah,YRT,1,-,443,590,738,885,1033,1475,2213,2950,14750
USD,40,WANITA,Flexi Amanah,5,5,-,513,684,855,1026,1197,1710,2565,3420,17100
USD,40,WANITA,Flexi Amanah,10,10,413,620,826,1033,1239,1446,2065,3098,4130,20650
USD,40,WANITA,Flexi Berkah,70,5,13248,19872,26496,33120,39744,46368,66240,92738,123650,618250
USD,40,WANITA,Flexi Berkah,,10,7360,10350,13800,17250,20700,24150,34500,51750,69000,322000
USD,40,WANITA,Flexi Berkah,,15,4926,7389,9238,11548,13857,16167,23095,34643,46190,215550
USD,40,WANITA,Flexi Cermat,15,5,17005,25508,34010,42513,51015,59518,85025,127538,170050,850250
USD,40,WANITA,Flexi Cermat,,10,8800,13200,17600,22000,26400,30800,44000,66000,88000,440000
USD,40,WANITA,Flexi Cermat,25,5,12243,18365,24486,30608,36729,42851,61215,85703,114270,571350
USD,40,WANITA,Flexi Cermat,,10,6762,9510,12680,15850,19020,22190,31700,47550,63400,295850
USD,40,WANITA,Flexi Cermat,,15,4322,6483,8104,10130,12156,14182,20260,30390,40520,189100
USD,40,WANITA,Flexi Cermat,35,5,9074,13611,18148,22685,27222,31759,45370,68055,84690,423450
USD,40,WANITA,Flexi Cermat,,10,4654,6981,8726,10908,13089,15271,21815,32723,43630,203600
USD,40,WANITA,Flexi Cermat,,15,3231,4847,6462,7573,9087,10602,15145,22718,30290,141350
IDR,41,PRIA,Flexi Amanah,YRT,1,4.5,6.8,9.1,11.3,13.6,15.9,22.7,34.0,45.3,226.5
IDR,41,PRIA,Flexi Amanah,5,5,5.1,7.7,10.3,12.9,15.4,18.0,25.7,38.6,51.4,257.0
IDR,41,PRIA,Flexi Amanah,10,10,5.8,8.7,11.6,14.5,17.4,20.3,29.1,43.6,58.1,290.5
IDR,41,PRIA,Flexi Berkah,69,5,59.3,83.3,111.1,138.9,166.7,194.4,277.8,416.6,555.5,2,592.0
IDR,41,PRIA,Flexi Berkah,,10,30.9,46.3,61.7,75.0,86.8,101.3,144.7,217.0,289.3,1,350.0
IDR,41,PRIA,Flexi Berkah,,15,23.9,35.9,47.8,59.8,71.8,78.5,112.2,168.2,224.3,1,046.5
IDR,41,PRIA,Flexi Cermat,15,5,143.7,215.6,287.5,359.3,431.2,503.1,718.7,1,078.0,1,437.3,7,186.5
IDR,41,PRIA,Flexi Cermat,,10,77.6,116.4,155.2,194.1,232.9,271.7,388.1,582.2,776.2,3,881.0
IDR,41,PRIA,Flexi Cermat,25,5,87.2,130.8,174.4,218.0,261.5,305.1,435.9,653.9,813.7,4,068.5
IDR,41,PRIA,Flexi Cermat,,10,47.9,71.9,89.8,112.3,134.8,157.2,224.6,336.9,449.2,2,096.0
IDR,41,PRIA,Flexi Cermat,,15,34.8,52.2,69.6,81.6,97.9,114.2,163.2,244.7,326.3,1,523.0
IDR,41,PRIA,Flexi Cermat,35,5,56.8,79.9,106.5,133.1,159.7,186.3,266.2,399.3,532.4,2,484.5
IDR,41,PRIA,Flexi Cermat,,10,29.8,44.7,59.6,74.5,83.9,97.8,139.8,209.6,279.5,1,304.0
IDR,41,PRIA,Flexi Cermat,,15,21.6,32.4,43.3,54.1,64.9,75.0,101.4,152.1,202.8,946.5
USD,41,PRIA,Flexi Amanah,YRT,1,453,680,906,1133,1359,1586,2265,3398,4530,22650
USD,41,PRIA,Flexi Amanah,5,5,514,771,1028,1285,1542,1799,2570,3855,5140,25700
USD,41,PRIA,Flexi Amanah,10,10,581,872,1162,1453,1743,2034,2905,4358,5810,29050
USD,41,PRIA,Flexi Berkah,69,5,14317,21476,28634,35793,42951,50110,70000,100215,133620,668100
USD,41,PRIA,Flexi Berkah,,10,7500,11186,14914,18643,22371,26100,37285,55928,70000,347950
USD,41,PRIA,Flexi Berkah,,15,5648,7943,10590,13238,15885,18533,26475,39713,52950,247100
USD,41,PRIA,Flexi Cermat,15,5,17077,25616,34154,42693,51231,59770,85385,128078,170770,853850
USD,41,PRIA,Flexi Cermat,,10,8948,13422,17896,22370,26844,31318,44740,67110,89480,447400
USD,41,PRIA,Flexi Cermat,25,5,12710,19065,25420,31775,38130,44485,63550,88973,118630,593150
USD,41,PRIA,Flexi Cermat,,10,6949,9773,13030,16288,19545,22803,32575,48863,65150,304000
USD,41,PRIA,Flexi Cermat,,15,4403,6605,8256,10320,12384,14448,20640,30960,41280,192650
USD,41,PRIA,Flexi Cermat,35,5,10088,15132,20176,25220,30264,35308,50440,70613,94150,470750
USD,41,PRIA,Flexi Cermat,,10,5510,7749,10332,12915,15498,18081,25830,38745,51660,241100
USD,41,PRIA,Flexi Cermat,,15,3490,5235,6980,8180,9816,11452,16360,24540,32720,152700
IDR,41,WANITA,Flexi Amanah,YRT,1,-,4.8,6.4,8.0,9.6,11.2,16.0,24.0,32.0,160.0
IDR,41,WANITA,Flexi Amanah,5,5,-,5.6,7.4,9.3,11.1,13.0,18.6,27.8,37.1,185.5
IDR,41,WANITA,Flexi Amanah,10,10,4.4,6.6,8.8,11.1,13.3,15.5,22.1,33.2,44.2,221.0
IDR,41,WANITA,Flexi Berkah,69,5,53.0,75.0,99.3,124.2,149.0,173.8,248.4,372.5,496.7,2,318.0
IDR,41,WANITA,Flexi Berkah,,10,27.6,41.4,55.2,69.0,77.6,90.6,129.4,194.1,258.8,1,207.5
IDR,41,WANITA,Flexi Berkah,,15,21.6,32.5,43.3,54.1,64.9,75.0,101.5,152.2,202.9,947.0
IDR,41,WANITA,Flexi Cermat,15,5,136.0,204.0,272.0,340.1,408.1,476.1,680.1,1,020.2,1,360.2,6,801.0
IDR,41,WANITA,Flexi Cermat,,10,75.4,113.0,150.7,188.4,226.1,263.8,376.8,565.2,753.6,3,768.0
IDR,41,WANITA,Flexi Cermat,25,5,84.2,126.3,168.4,210.5,252.5,294.6,420.9,631.4,785.7,3,928.5
IDR,41,WANITA,Flexi Cermat,,10,45.8,68.6,85.8,107.3,128.7,150.2,214.5,321.8,429.0,2,002.0
IDR,41,WANITA,Flexi Cermat,,15,33.0,49.5,66.0,77.3,92.8,108.3,154.7,232.0,309.3,1,443.5
IDR,41,WANITA,Flexi Cermat,35,5,51.3,75.0,96.2,120.3,144.3,168.4,240.5,360.8,481.0,2,244.5
IDR,41,WANITA,Flexi Cermat,,10,28.3,42.5,56.6,70.8,79.7,92.9,132.8,199.1,265.5,1,239.0
IDR,41,WANITA,Flexi Cermat,,15,20.3,30.5,40.7,50.9,61.0,71.2,95.4,143.0,190.7,889.5
USD,41,WANITA,Flexi Amanah,YRT,1,-,480,640,800,960,1120,1600,2400,3200,16000
USD,41,WANITA,Flexi Amanah,5,5,-,557,742,928,1113,1299,1855,2783,3710,18550
USD,41,WANITA,Flexi Amanah,10,10,442,663,884,1105,1326,1547,2210,3315,4420,22100
USD,41,WANITA,Flexi Berkah,69,5,13431,20147,26862,33578,40293,47009,67155,94020,125360,626800
USD,41,WANITA,Flexi Berkah,,10,7462,10493,13990,17488,20985,24483,34975,52463,69950,326450
USD,41,WANITA,Flexi Berkah,,15,4966,7449,9312,11640,13968,16296,23280,34920,46560,217300
USD,41,WANITA,Flexi Cermat,15,5,17064,25596,34128,42660,51192,59724,85320,127980,170640,853200
USD,41,WANITA,Flexi Cermat,,10,8854,13281,17708,22135,26562,30989,44270,66405,88540,442700
USD,41,WANITA,Flexi Cermat,25,5,12341,18512,24682,30853,37023,43194,61705,86393,115190,575950
USD,41,WANITA,Flexi Cermat,,10,6818,9588,12784,15980,19176,22372,31960,47940,63920,298250
USD,41,WANITA,Flexi Cermat,,15,4346,6519,8148,10185,12222,14259,20370,30555,40740,190100
USD,41,WANITA,Flexi Cermat,35,5,9254,13881,18508,23135,27762,32389,46270,69405,86370,431850
USD,41,WANITA,Flexi Cermat,,10,4748,7122,8902,11128,13353,15579,22255,33383,44510,207750
USD,41,WANITA,Flexi Cermat,,15,3287,4931,6574,7705,9246,10787,15410,23115,30820,143800
IDR,42,PRIA,Flexi Amanah,YRT,1,4.9,7.4,9.9,12.3,14.8,17.3,24.7,37.0,49.3,246.5
IDR,42,PRIA,Flexi Amanah,5,5,5.6,8.4,11.2,14.0,16.8,19.6,28.0,42.0,56.0,280.0
IDR,42,PRIA,Flexi Amanah,10,10,6.3,9.5,12.6,15.8,18.9,22.1,31.5,47.3,63.0,315.0
IDR,42,PRIA,Flexi Berkah,68,5,64.0,89.9,119.9,149.9,179.9,209.9,299.8,449.7,599.6,2,798.0
IDR,42,PRIA,Flexi Berkah,,10,33.3,50.0,66.6,78.1,93.7,109.3,156.2,234.2,312.3,1,457.5
IDR,42,PRIA,Flexi Berkah,,15,25.8,38.7,51.6,64.5,75.0,84.7,121.0,181.5,242.0,1,129.0
IDR,42,PRIA,Flexi Cermat,15,5,144.6,216.9,289.2,361.5,433.8,506.1,723.0,1,084.5,1,446.0,7,230.0
IDR,42,PRIA,Flexi Cermat,,10,78.3,117.5,156.6,195.8,234.9,274.1,391.6,587.3,783.1,3,915.5
IDR,42,PRIA,Flexi Cermat,25,5,87.4,131.0,174.7,218.4,262.1,305.8,436.8,655.2,815.4,4,077.0
IDR,42,PRIA,Flexi Cermat,,10,48.4,72.7,90.8,113.5,136.2,158.9,227.1,340.6,454.1,2,119.5
IDR,42,PRIA,Flexi Cermat,,15,35.4,53.1,70.8,83.0,99.6,116.2,166.0,248.9,331.9,1,549.0
IDR,42,PRIA,Flexi Cermat,35,5,58.0,81.5,108.7,135.8,163.0,190.2,271.7,407.5,543.3,2,535.5
IDR,42,PRIA,Flexi Cermat,,10,30.3,45.5,60.6,75.0,85.2,99.4,142.1,213.1,284.1,1,326.0
IDR,42,PRIA,Flexi Cermat,,15,22.2,33.3,44.4,55.5,66.6,75.0,104.1,156.1,208.1,971.0
USD,42,PRIA,Flexi Amanah,YRT,1,493,740,986,1233,1479,1726,2465,3698,4930,24650
USD,42,PRIA,Flexi Amanah,5,5,560,840,1120,1400,1680,1960,2800,4200,5600,28000
USD,42,PRIA,Flexi Amanah,10,10,630,945,1260,1575,1890,2205,3150,4725,6300,31500
USD,42,PRIA,Flexi Berkah,68,5,14459,21689,28918,36148,43377,50607,70000,101213,134950,674750
USD,42,PRIA,Flexi Berkah,,10,7530,11295,15060,18825,22590,26355,37650,56475,70280,351400
USD,42,PRIA,Flexi Berkah,,15,5672,7977,10636,13295,15954,18613,26590,39885,53180,248150
USD,42,PRIA,Flexi Cermat,15,5,17135,25703,34270,42838,51405,59973,85675,128513,171350,856750
USD,42,PRIA,Flexi Cermat,,10,9002,13503,18004,22505,27006,31507,45010,67515,90020,450100
USD,42,PRIA,Flexi Cermat,25,5,12833,19250,25666,32083,38499,44916,64165,89828,119770,598850
USD,42,PRIA,Flexi Cermat,,10,7019,9872,13162,16453,19743,23034,32905,49358,65810,307100
USD,42,PRIA,Flexi Cermat,,15,4439,6659,8324,10405,12486,14567,20810,31215,41620,194200
USD,42,PRIA,Flexi Cermat,35,5,10304,15456,20608,25760,30912,36064,51520,72128,96170,480850
USD,42,PRIA,Flexi Cermat,,10,5630,7917,10556,13195,15834,18473,26390,39585,52780,246300
USD,42,PRIA,Flexi Cermat,,15,3569,5354,7138,8365,10038,11711,16730,25095,33460,156150
IDR,42,WANITA,Flexi Amanah,YRT,1,-,5.2,6.9,8.7,10.4,12.1,17.3,26.0,34.6,173.0
IDR,42,WANITA,Flexi Amanah,5,5,-,6.0,8.0,10.0,12.0,14.0,20.0,30.0,40.0,200.0
IDR,42,WANITA,Flexi Amanah,10,10,4.7,7.1,9.4,11.8,14.2,16.5,23.6,35.4,47.2,236.0
IDR,42,WANITA,Flexi Berkah,68,5,57.2,80.5,107.3,134.2,161.0,187.8,268.3,402.5,536.6,2,504.0
IDR,42,WANITA,Flexi Berkah,,10,29.8,44.7,59.6,74.5,83.9,97.8,139.8,209.6,279.5,1,304.0
IDR,42,WANITA,Flexi Berkah,,15,23.4,35.1,46.8,58.5,70.1,76.7,109.6,164.4,219.2,1,023.0
IDR,42,WANITA,Flexi Cermat,15,5,136.8,205.3,273.7,342.1,410.5,478.9,684.2,1,026.3,1,368.4,6,842.0
IDR,42,WANITA,Flexi Cermat,,10,76.0,114.0,152.1,190.1,228.1,266.1,380.2,570.2,760.3,3,801.5
IDR,42,WANITA,Flexi Cermat,25,5,84.5,126.8,169.1,211.3,253.6,295.9,422.7,634.0,789.0,3,945.0
IDR,42,WANITA,Flexi Cermat,,10,45.9,68.8,86.0,107.5,129.0,150.5,215.0,322.5,430.0,2,006.5
IDR,42,WANITA,Flexi Cermat,,15,33.2,49.8,66.3,77.8,93.3,108.9,155.5,233.3,311.0,1,451.0
IDR,42,WANITA,Flexi Cermat,35,5,51.9,75.0,97.3,121.7,146.0,170.3,243.4,365.0,486.7,2,271.0
IDR,42,WANITA,Flexi Cermat,,10,28.5,42.8,57.0,71.3,80.2,93.5,133.6,200.4,267.2,1,247.0
IDR,42,WANITA,Flexi Cermat,,15,20.7,31.0,41.3,51.7,62.0,72.3,96.9,145.3,193.7,904.0
USD,42,WANITA,Flexi Amanah,YRT,1,-,519,692,865,1038,1211,1730,2595,3460,17300
USD,42,WANITA,Flexi Amanah,5,5,-,600,800,1000,1200,1400,2000,3000,4000,20000
USD,42,WANITA,Flexi Amanah,10,10,472,708,944,1180,1416,1652,2360,3540,4720,23600
USD,42,WANITA,Flexi Berkah,68,5,13615,20423,27230,34038,40845,47653,68075,95303,127070,635350
USD,42,WANITA,Flexi Berkah,,10,7500,10637,14182,17728,21273,24819,35455,53183,70000,330950
USD,42,WANITA,Flexi Berkah,,15,5340,7509,10012,12515,15018,17521,25030,37545,50060,233650
USD,42,WANITA,Flexi Cermat,15,5,17123,25685,34246,42808,51369,59931,85615,128423,171230,856150
USD,42,WANITA,Flexi Cermat,,10,8908,13362,17816,22270,26724,31178,44540,66810,89080,445400
USD,42,WANITA,Flexi Cermat,25,5,12440,18660,24880,31100,37320,43540,62200,87083,116110,580550
USD,42,WANITA,Flexi Cermat,,10,6873,9665,12886,16108,19329,22551,32215,48323,64430,300700
USD,42,WANITA,Flexi Cermat,,15,4368,6552,8190,10238,12285,14333,20475,30713,40950,191100
USD,42,WANITA,Flexi Cermat,35,5,9435,14153,18870,23588,28305,33023,47175,70000,88060,440300
USD,42,WANITA,Flexi Cermat,,10,4842,7263,9078,11348,13617,15887,22695,34043,45390,211800
USD,42,WANITA,Flexi Cermat,,15,3342,5013,6684,7835,9402,10969,15670,23505,31340,146250
IDR,43,PRIA,Flexi Amanah,YRT,1,5.3,8.0,10.7,13.4,16.0,18.7,26.7,40.1,53.4,267.0
IDR,43,PRIA,Flexi Amanah,5,5,6.1,9.1,12.1,15.2,18.2,21.2,30.3,45.5,60.6,303.0
IDR,43,PRIA,Flexi Amanah,10,10,6.8,10.2,13.6,17.0,20.4,23.8,34.0,50.9,67.9,339.5
IDR,43,PRIA,Flexi Berkah,67,5,68.7,96.6,128.7,160.9,193.1,225.3,321.9,482.8,643.7,3,003.5
IDR,43,PRIA,Flexi Berkah,,10,35.8,53.6,71.5,83.8,100.6,117.4,167.7,251.5,335.3,1,564.5
IDR,43,PRIA,Flexi Berkah,,15,27.7,41.6,55.4,69.3,77.9,90.9,129.9,194.8,259.7,1,212.0
IDR,43,PRIA,Flexi Cermat,15,5,145.5,218.2,290.9,363.7,436.4,509.1,727.4,1,091.0,1,454.7,7,273.5
IDR,43,PRIA,Flexi Cermat,,10,79.0,118.5,158.0,197.5,237.0,276.5,395.1,592.6,790.1,3,950.5
IDR,43,PRIA,Flexi Cermat,25,5,87.6,131.3,175.1,218.9,262.7,306.4,437.8,656.6,817.1,4,085.5
IDR,43,PRIA,Flexi Cermat,,10,49.0,73.5,91.8,114.8,137.8,160.7,229.6,344.4,459.2,2,142.5
IDR,43,PRIA,Flexi Cermat,,15,36.0,54.0,72.0,84.4,101.3,118.1,168.8,253.1,337.5,1,575.0
IDR,43,PRIA,Flexi Cermat,35,5,59.1,83.1,110.8,138.6,166.3,194.0,277.1,415.7,554.2,2,586.0
IDR,43,PRIA,Flexi Cermat,,10,31.1,46.7,62.2,75.0,87.5,102.1,145.9,218.8,291.7,1,361.0
IDR,43,PRIA,Flexi Cermat,,15,22.8,34.1,45.5,56.9,68.3,75.0,106.7,160.1,213.4,996.0
USD,43,PRIA,Flexi Amanah,YRT,1,534,801,1068,1335,1602,1869,2670,4005,5340,26700
USD,43,PRIA,Flexi Amanah,5,5,606,909,1212,1515,1818,2121,3030,4545,6060,30300
USD,43,PRIA,Flexi Amanah,10,10,679,1019,1358,1698,2037,2377,3395,5093,6790,33950
USD,43,PRIA,Flexi Berkah,67,5,14600,21900,29200,36500,43800,51100,70000,102203,136270,681350
USD,43,PRIA,Flexi Berkah,,10,7604,11406,15208,19010,22812,26614,38020,57030,70970,354850
USD,43,PRIA,Flexi Berkah,,15,5696,8010,10680,13350,16020,18690,26700,40050,53400,249200
USD,43,PRIA,Flexi Cermat,15,5,17193,25790,34386,42983,51579,60176,85965,128948,171930,859650
USD,43,PRIA,Flexi Cermat,,10,9057,13586,18114,22643,27171,31700,45285,67928,90570,452850
USD,43,PRIA,Flexi Cermat,25,5,12955,19433,25910,32388,38865,45343,64775,90683,120910,604550
USD,43,PRIA,Flexi Cermat,,10,7090,9971,13294,16618,19941,23265,33235,49853,66470,310150
USD,43,PRIA,Flexi Cermat,,15,4476,6714,8392,10490,12588,14686,20980,31470,41960,195850
USD,43,PRIA,Flexi Cermat,35,5,10519,15779,21038,26298,31557,36817,52595,73635,98180,490900
USD,43,PRIA,Flexi Cermat,,10,5749,8085,10780,13475,16170,18865,26950,40425,53900,251500
USD,43,PRIA,Flexi Cermat,,15,3647,5471,7294,8548,10257,11967,17095,25643,34190,159550
IDR,43,WANITA,Flexi Amanah,YRT,1,-,5.6,7.4,9.3,11.2,13.0,18.6,27.9,37.2,186.0
IDR,43,WANITA,Flexi Amanah,5,5,4.3,6.4,8.6,10.7,12.9,15.0,21.5,32.2,42.9,214.5
IDR,43,WANITA,Flexi Amanah,10,10,5.0,7.5,10.0,12.5,15.0,17.5,25.1,37.6,50.1,250.5
IDR,43,WANITA,Flexi Berkah,67,5,61.5,86.4,115.3,144.1,172.9,201.7,288.2,432.2,576.3,2,689.5
IDR,43,WANITA,Flexi Berkah,,10,32.0,48.0,64.0,75.1,90.1,105.1,150.1,225.2,300.2,1,400.5
IDR,43,WANITA,Flexi Berkah,,15,25.1,37.7,50.3,62.9,75.0,82.5,117.9,176.8,235.7,1,099.5
IDR,43,WANITA,Flexi Cermat,15,5,137.7,206.5,275.3,344.2,413.0,481.8,688.3,1,032.5,1,376.6,6,883.0
IDR,43,WANITA,Flexi Cermat,,10,76.7,115.1,153.4,191.8,230.1,268.5,383.6,575.3,767.1,3,835.5
IDR,43,WANITA,Flexi Cermat,25,5,84.9,127.3,169.8,212.2,254.7,297.1,424.5,636.7,792.3,3,961.5
IDR,43,WANITA,Flexi Cermat,,10,46.0,69.0,86.2,107.8,129.3,150.9,215.5,323.3,431.0,2,011.0
IDR,43,WANITA,Flexi Cermat,,15,33.3,50.0,66.7,78.2,93.8,109.4,156.3,234.5,312.6,1,459.0
IDR,43,WANITA,Flexi Cermat,35,5,52.5,75.0,98.5,123.1,147.7,172.3,246.2,369.3,492.4,2,298.0
IDR,43,WANITA,Flexi Cermat,,10,28.7,43.0,57.4,71.7,80.7,94.2,134.5,201.8,269.0,1,255.0
IDR,43,WANITA,Flexi Cermat,,15,21.0,31.5,42.0,52.5,63.0,73.5,98.5,147.7,196.9,919.0
USD,43,WANITA,Flexi Amanah,YRT,1,-,558,744,930,1116,1302,1860,2790,3720,18600
USD,43,WANITA,Flexi Amanah,5,5,429,644,858,1073,1287,1502,2145,3218,4290,21450
USD,43,WANITA,Flexi Amanah,10,10,501,752,1002,1253,1503,1754,2505,3758,5010,25050
USD,43,WANITA,Flexi Berkah,67,5,13798,20697,27596,34495,41394,48293,68990,96585,128780,643900
USD,43,WANITA,Flexi Berkah,,10,7500,10781,14374,17968,21561,25155,35935,53903,70000,335350
USD,43,WANITA,Flexi Berkah,,15,5382,7569,10092,12615,15138,17661,25230,37845,50460,235500
USD,43,WANITA,Flexi Cermat,15,5,17181,25772,34362,42953,51543,60134,85905,128858,171810,859050
USD,43,WANITA,Flexi Cermat,,10,8962,13443,17924,22405,26886,31367,44810,67215,89620,448100
USD,43,WANITA,Flexi Cermat,25,5,12539,18809,25078,31348,37617,43887,62695,87773,117030,585150
USD,43,WANITA,Flexi Cermat,,10,6928,9743,12990,16238,19485,22733,32475,48713,64950,303100
USD,43,WANITA,Flexi Cermat,,15,4391,6587,8234,10293,12351,14410,20585,30878,41170,192100
USD,43,WANITA,Flexi Cermat,35,5,9615,14423,19230,24038,28845,33653,48075,70000,89740,448700
USD,43,WANITA,Flexi Cermat,,10,4935,7403,9254,11568,13881,16195,23135,34703,46270,215900
USD,43,WANITA,Flexi Cermat,,15,3398,5097,6796,7963,9555,11148,15925,23888,31850,148650
IDR,44,PRIA,Flexi Amanah,YRT,1,5.7,8.6,11.5,14.4,17.2,20.1,28.7,43.1,57.4,287.0
IDR,44,PRIA,Flexi Amanah,5,5,6.5,9.8,13.0,16.3,19.5,22.8,32.6,48.8,65.1,325.5
IDR,44,PRIA,Flexi Amanah,10,10,7.3,10.9,14.6,18.2,21.8,25.5,36.4,54.6,72.8,364.0
IDR,44,PRIA,Flexi Berkah,66,5,73.4,103.2,137.6,172.0,206.3,240.7,343.9,515.9,687.8,3,209.5
IDR,44,PRIA,Flexi Berkah,,10,38.2,57.3,75.0,89.6,107.5,125.4,179.1,268.7,358.2,1,671.5
IDR,44,PRIA,Flexi Berkah,,15,29.6,44.4,59.2,74.0,83.3,97.1,138.8,208.1,277.5,1,295.0
IDR,44,PRIA,Flexi Cermat,15,5,146.3,219.5,292.7,365.8,439.0,512.2,731.7,1,097.5,1,463.3,7,316.5
IDR,44,PRIA,Flexi Cermat,,10,79.7,119.6,159.4,199.3,239.1,279.0,398.6,597.8,797.1,3,985.5
IDR,44,PRIA,Flexi Cermat,25,5,87.7,131.6,175.5,219.4,263.2,307.1,438.7,658.1,818.9,4,094.5
IDR,44,PRIA,Flexi Cermat,,10,49.5,74.3,92.8,116.1,139.3,162.5,232.1,348.2,464.2,2,166.0
IDR,44,PRIA,Flexi Cermat,,15,36.6,54.9,73.2,85.8,102.9,120.1,171.6,257.3,343.1,1,601.5
IDR,44,PRIA,Flexi Cermat,35,5,60.3,84.8,113.0,141.3,169.5,197.8,282.6,423.8,565.1,2,637.5
IDR,44,PRIA,Flexi Cermat,,10,31.8,47.6,63.5,75.0,89.3,104.2,148.9,223.4,297.8,1,389.5
IDR,44,PRIA,Flexi Cermat,,15,23.3,35.0,46.6,58.3,70.0,76.5,109.3,164.0,218.6,1,020.5
USD,44,PRIA,Flexi Amanah,YRT,1,574,861,1148,1435,1722,2009,2870,4305,5740,28700
USD,44,PRIA,Flexi Amanah,5,5,651,977,1302,1628,1953,2279,3255,4883,6510,32550
USD,44,PRIA,Flexi Amanah,10,10,728,1092,1456,1820,2184,2548,3640,5460,7280,36400
USD,44,PRIA,Flexi Berkah,66,5,14742,22113,29484,36855,44226,51597,70000,103193,137590,687950
USD,44,PRIA,Flexi Berkah,,10,7678,11517,15356,19195,23034,26873,38390,57585,71660,358300
USD,44,PRIA,Flexi Berkah,,15,5720,8045,10726,13408,16089,18771,26815,40223,53630,250250
USD,44,PRIA,Flexi Cermat,15,5,17251,25877,34502,43128,51753,60379,86255,129383,172510,862550
USD,44,PRIA,Flexi Cermat,,10,9111,13667,18222,22778,27333,31889,45555,68333,91110,455550
USD,44,PRIA,Flexi Cermat,25,5,13077,19616,26154,32693,39231,45770,65385,91538,122050,610250
USD,44,PRIA,Flexi Cermat,,10,7160,10070,13426,16783,20139,23496,33565,50348,67130,313250
USD,44,PRIA,Flexi Cermat,,15,4512,6768,8460,10575,12690,14805,21150,31725,42300,197400
USD,44,PRIA,Flexi Cermat,35,5,10735,16103,21470,26838,32205,37573,53675,75143,100190,500950
USD,44,PRIA,Flexi Cermat,,10,5867,8252,11002,13753,16503,19254,27505,41258,55010,256700
USD,44,PRIA,Flexi Cermat,,15,3726,5589,7452,8733,10479,12226,17465,26198,34930,163000
IDR,44,WANITA,Flexi Amanah,YRT,1,-,6.0,8.0,10.0,11.9,13.9,19.9,29.9,39.8,199.0
IDR,44,WANITA,Flexi Amanah,5,5,4.6,6.9,9.2,11.5,13.7,16.0,22.9,34.4,45.8,229.0
IDR,44,WANITA,Flexi Amanah,10,10,5.3,8.0,10.6,13.3,15.9,18.6,26.5,39.8,53.0,265.0
IDR,44,WANITA,Flexi Berkah,66,5,65.7,92.4,123.2,154.0,184.8,215.6,308.1,462.1,616.1,2,875.5
IDR,44,WANITA,Flexi Berkah,,10,34.2,51.3,68.5,80.2,96.3,112.3,160.5,240.7,320.9,1,497.5
IDR,44,WANITA,Flexi Berkah,,15,26.9,40.3,53.8,67.2,75.6,88.2,126.1,189.1,252.1,1,176.5
IDR,44,WANITA,Flexi Cermat,15,5,138.5,207.7,277.0,346.2,415.4,484.7,692.4,1,038.6,1,384.8,6,924.0
IDR,44,WANITA,Flexi Cermat,,10,77.4,116.1,154.8,193.5,232.2,270.9,387.0,580.4,773.9,3,869.5
IDR,44,WANITA,Flexi Cermat,25,5,85.3,127.9,170.5,213.1,255.8,298.4,426.3,639.4,795.7,3,978.5
IDR,44,WANITA,Flexi Cermat,,10,46.1,69.1,86.4,108.0,129.6,151.2,216.0,323.9,431.9,2,015.5
IDR,44,WANITA,Flexi Cermat,,15,33.5,50.3,67.0,78.6,94.3,110.0,157.2,235.7,314.3,1,466.5
IDR,44,WANITA,Flexi Cermat,35,5,53.1,75.0,99.6,124.5,149.4,174.3,249.1,373.6,498.1,2,324.5
IDR,44,WANITA,Flexi Cermat,,10,28.9,43.3,57.8,72.2,81.2,94.8,135.4,203.1,270.8,1,263.5
IDR,44,WANITA,Flexi Cermat,,15,21.3,32.0,42.7,53.4,64.0,74.7,100.0,150.0,200.0,933.5
USD,44,WANITA,Flexi Amanah,YRT,1,-,597,796,995,1194,1393,1990,2985,3980,19900
USD,44,WANITA,Flexi Amanah,5,5,458,687,916,1145,1374,1603,2290,3435,4580,22900
USD,44,WANITA,Flexi Amanah,10,10,530,795,1060,1325,1590,1855,2650,3975,5300,26500
USD,44,WANITA,Flexi Berkah,66,5,13982,20973,27964,34955,41946,48937,69910,97868,130490,652450
USD,44,WANITA,Flexi Berkah,,10,7500,10923,14564,18205,21846,25487,36410,54615,70000,339800
USD,44,WANITA,Flexi Berkah,,15,5425,7629,10172,12715,15258,17801,25430,38145,50860,237350
USD,44,WANITA,Flexi Cermat,15,5,17240,25860,34480,43100,51720,60340,86200,129300,172400,862000
USD,44,WANITA,Flexi Cermat,,10,9016,13524,18032,22540,27048,31556,45080,67620,90160,450800
USD,44,WANITA,Flexi Cermat,25,5,12638,18957,25276,31595,37914,44233,63190,88463,117950,589750
USD,44,WANITA,Flexi Cermat,,10,6983,9821,13094,16368,19641,22915,32735,49103,65470,305500
USD,44,WANITA,Flexi Cermat,,15,4414,6621,8278,10348,12417,14487,20695,31043,41390,193150
USD,44,WANITA,Flexi Cermat,35,5,9796,14694,19592,24490,29388,34286,48980,70000,91430,457150
USD,44,WANITA,Flexi Cermat,,10,5364,7544,10058,12573,15087,17602,25145,37718,50290,234700
USD,44,WANITA,Flexi Cermat,,15,3454,5181,6908,8095,9714,11333,16190,24285,32380,151100
IDR,45,PRIA,Flexi Amanah,YRT,1,6.2,9.2,12.3,15.4,18.5,21.5,30.8,46.1,61.5,307.5
IDR,45,PRIA,Flexi Amanah,5,5,7.0,10.5,13.9,17.4,20.9,24.4,34.9,52.3,69.7,348.5
IDR,45,PRIA,Flexi Amanah,10,10,7.8,11.7,15.5,19.4,23.3,27.2,38.9,58.3,77.7,388.5
IDR,45,PRIA,Flexi Berkah,65,5,78.1,117.1,156.1,195.2,234.2,273.2,390.3,585.5,728.6,3,643.0
IDR,45,PRIA,Flexi Berkah,,10,40.7,61.0,76.2,95.3,114.4,133.4,190.6,285.9,381.2,1,778.5
IDR,45,PRIA,Flexi Berkah,,15,31.5,47.2,63.0,75.0,88.6,103.3,147.6,221.4,295.2,1,377.5
IDR,45,PRIA,Flexi Cermat,15,5,147.2,220.8,294.4,368.0,441.6,515.2,736.0,1,104.0,1,472.0,7,360.0
IDR,45,PRIA,Flexi Cermat,,10,80.4,120.6,160.8,201.0,241.2,281.4,402.1,603.1,804.1,4,020.5
IDR,45,PRIA,Flexi Cermat,25,5,87.9,131.9,175.8,219.8,263.8,307.7,439.6,659.4,820.6,4,103.0
IDR,45,PRIA,Flexi Cermat,,10,50.1,75.0,93.8,117.3,140.8,164.2,234.6,351.9,469.2,2,189.5
IDR,45,PRIA,Flexi Cermat,,15,37.2,55.8,74.4,87.2,104.6,122.0,174.4,261.5,348.7,1,627.0
IDR,45,PRIA,Flexi Cermat,35,5,61.5,86.4,115.2,144.0,172.8,201.6,288.1,432.1,576.1,2,688.5
IDR,45,PRIA,Flexi Cermat,,10,32.4,48.6,64.8,76.0,91.1,106.3,151.9,227.9,303.8,1,417.5
IDR,45,PRIA,Flexi Cermat,,15,23.9,35.8,47.8,59.7,71.7,78.4,112.0,168.0,224.0,1,045.0
USD,45,PRIA,Flexi Amanah,YRT,1,615,923,1230,1538,1845,2153,3075,4613,6150,30750
USD,45,PRIA,Flexi Amanah,5,5,697,1046,1394,1743,2091,2440,3485,5228,6970,34850
USD,45,PRIA,Flexi Amanah,10,10,777,1166,1554,1943,2331,2720,3885,5828,7770,38850
USD,45,PRIA,Flexi Berkah,65,5,14884,22326,29768,37210,44652,52094,70000,104190,138920,694600
USD,45,PRIA,Flexi Berkah,,10,7752,11628,15504,19380,23256,27132,38760,58140,72350,361750
USD,45,PRIA,Flexi Berkah,,15,5744,8078,10770,13463,16155,18848,26925,40388,53850,251300
USD,45,PRIA,Flexi Cermat,15,5,17309,25964,34618,43273,51927,60582,86545,129818,173090,865450
USD,45,PRIA,Flexi Cermat,,10,9166,13749,18332,22915,27498,32081,45830,68745,91660,458300
USD,45,PRIA,Flexi Cermat,25,5,13199,19799,26398,32998,39597,46197,65995,92393,123190,615950
USD,45,PRIA,Flexi Cermat,,10,7230,10169,13558,16948,20337,23727,33895,50843,67790,316350
USD,45,PRIA,Flexi Cermat,,15,4549,6824,8530,10663,12795,14928,21325,31988,42650,199000
USD,45,PRIA,Flexi Cermat,35,5,10951,16427,21902,27378,32853,38329,54755,76658,102210,511050
USD,45,PRIA,Flexi Cermat,,10,5986,8418,11224,14030,16836,19642,28060,42090,56120,261900
USD,45,PRIA,Flexi Cermat,,15,3804,5706,7500,8915,10698,12481,17830,26745,35660,166450
IDR,45,WANITA,Flexi Amanah,YRT,1,4.2,6.3,8.5,10.6,12.7,14.8,21.2,31.7,42.3,211.5
IDR,45,WANITA,Flexi Amanah,5,5,4.9,7.3,9.7,12.2,14.6,17.0,24.3,36.5,48.6,243.0
IDR,45,WANITA,Flexi Amanah,10,10,5.6,8.4,11.2,14.0,16.8,19.6,28.0,41.9,55.9,279.5
IDR,45,WANITA,Flexi Berkah,65,5,70.0,98.4,131.2,164.0,196.8,229.6,328.0,491.9,655.9,3,061.0
IDR,45,WANITA,Flexi Berkah,,10,36.4,54.7,72.9,85.4,102.5,119.6,170.8,256.2,341.6,1,594.5
IDR,45,WANITA,Flexi Berkah,,15,28.6,42.9,57.3,71.6,80.5,93.9,134.2,201.3,268.4,1,252.5
IDR,45,WANITA,Flexi Cermat,15,5,139.3,209.0,278.6,348.3,417.9,487.6,696.5,1,044.8,1,393.0,6,965.0
IDR,45,WANITA,Flexi Cermat,,10,78.1,117.1,156.1,195.2,234.2,273.2,390.3,585.5,780.6,3,903.0
IDR,45,WANITA,Flexi Cermat,25,5,85.6,128.4,171.2,214.0,256.8,299.6,428.1,642.1,799.1,3,995.5
IDR,45,WANITA,Flexi Cermat,,10,46.2,69.3,86.6,108.2,129.8,151.5,216.4,324.6,432.8,2,020.0
IDR,45,WANITA,Flexi Cermat,,15,33.7,50.5,67.4,79.0,94.7,110.5,157.9,236.9,315.8,1,474.0
IDR,45,WANITA,Flexi Cermat,35,5,53.7,75.6,100.8,126.0,151.1,176.3,251.9,377.9,503.8,2,351.0
IDR,45,WANITA,Flexi Cermat,,10,29.1,43.6,58.1,72.7,81.8,95.4,136.3,204.4,272.5,1,271.5
IDR,45,WANITA,Flexi Cermat,,15,21.7,32.5,43.3,54.2,65.0,75.0,101.6,152.3,203.1,948.0
USD,45,WANITA,Flexi Amanah,YRT,1,423,635,846,1058,1269,1481,2115,3173,4230,21150
USD,45,WANITA,Flexi Amanah,5,5,486,729,972,1215,1458,1701,2430,3645,4860,24300
USD,45,WANITA,Flexi Amanah,10,10,559,839,1118,1398,1677,1957,2795,4193,5590,27950
USD,45,WANITA,Flexi Berkah,65,5,14165,21248,28330,35413,42495,49578,70000,99158,132210,661050
USD,45,WANITA,Flexi Berkah,,10,7500,11067,14756,18445,22134,25823,36890,55335,70000,344300
USD,45,WANITA,Flexi Berkah,,15,5466,7688,10250,12813,15375,17938,25625,38438,51250,239150
USD,45,WANITA,Flexi Cermat,15,5,17298,25947,34596,43245,51894,60543,86490,129735,172980,864900
USD,45,WANITA,Flexi Cermat,,10,9070,13605,18140,22675,27210,31745,45350,68025,90700,453500
USD,45,WANITA,Flexi Cermat,25,5,12736,19104,25472,31840,38208,44576,63680,89153,118870,594350
USD,45,WANITA,Flexi Cermat,,10,7038,9899,13198,16498,19797,23097,32995,49493,65990,307950
USD,45,WANITA,Flexi Cermat,,15,4437,6656,8320,10400,12480,14560,20800,31200,41600,194100
USD,45,WANITA,Flexi Cermat,35,5,9976,14964,19952,24940,29928,34916,49880,70000,93110,465550
USD,45,WANITA,Flexi Cermat,,10,5464,7685,10246,12808,15369,17931,25615,38423,51230,239050
USD,45,WANITA,Flexi Cermat,,15,3509,5264,7018,8225,9870,11515,16450,24675,32900,153500
IDR,46,PRIA,Flexi Amanah,YRT,1,6.7,10.1,13.5,16.8,20.2,23.6,33.7,50.5,67.3,336.5
IDR,46,PRIA,Flexi Amanah,5,5,7.7,11.5,15.4,19.2,23.0,26.9,38.4,57.6,76.8,384.0
IDR,46,PRIA,Flexi Amanah,10,10,8.6,12.8,17.1,21.4,25.7,29.9,42.8,64.1,85.5,427.5
IDR,46,PRIA,Flexi Berkah,64,5,83.2,124.8,166.4,208.0,249.6,291.2,416.0,623.9,776.4,3,882.0
IDR,46,PRIA,Flexi Berkah,,10,43.3,65.0,81.2,101.6,121.9,142.2,203.1,304.7,406.2,1,895.5
IDR,46,PRIA,Flexi Berkah,,15,32.9,49.4,65.8,77.2,92.6,108.0,154.3,231.5,308.6,1,440.5
IDR,46,PRIA,Flexi Cermat,15,5,148.1,222.1,296.1,370.2,444.2,518.2,740.4,1,110.5,1,480.7,7,403.5
IDR,46,PRIA,Flexi Cermat,,10,81.1,121.7,162.2,202.8,243.3,283.9,405.5,608.3,811.0,4,055.0
IDR,46,PRIA,Flexi Cermat,25,5,88.5,132.8,177.1,221.4,265.6,309.9,442.7,664.1,826.4,4,132.0
IDR,46,PRIA,Flexi Cermat,,10,50.7,75.0,95.1,118.9,142.7,166.5,237.8,356.7,475.6,2,219.5
IDR,46,PRIA,Flexi Cermat,,15,37.8,56.6,75.0,88.5,106.2,123.9,177.0,265.4,353.9,1,651.5
IDR,46,PRIA,Flexi Cermat,35,5,62.7,88.2,117.6,147.0,176.4,205.8,294.0,441.0,588.0,2,744.0
IDR,46,PRIA,Flexi Cermat,,10,33.7,50.6,67.5,79.1,94.9,110.7,158.2,237.3,316.4,1,476.5
IDR,46,PRIA,Flexi Cermat,,15,24.9,37.4,49.9,62.3,74.8,81.8,116.9,175.3,233.7,1,090.5
USD,46,PRIA,Flexi Amanah,YRT,1,673,1010,1346,1683,2019,2356,3365,5048,6730,33650
USD,46,PRIA,Flexi Amanah,5,5,768,1152,1536,1920,2304,2688,3840,5760,7680,38400
USD,46,PRIA,Flexi Amanah,10,10,855,1283,1710,2138,2565,2993,4275,6413,8550,42750
USD,46,PRIA,Flexi Berkah,64,5,15069,22604,30138,37673,45207,52742,70320,105480,140640,703200
USD,46,PRIA,Flexi Berkah,,10,7848,11772,15696,19620,23544,27468,39240,58860,73250,366250
USD,46,PRIA,Flexi Berkah,,15,5832,8202,10936,13670,16404,19138,27340,41010,54680,255150
USD,46,PRIA,Flexi Cermat,15,5,17377,26066,34754,43443,52131,60820,86885,130328,173770,868850
USD,46,PRIA,Flexi Cermat,,10,9221,13832,18442,23053,27663,32274,46105,69158,92210,461050
USD,46,PRIA,Flexi Cermat,25,5,13217,19826,26434,33043,39651,46260,66085,92520,123360,616800
USD,46,PRIA,Flexi Cermat,,10,7235,10175,13566,16958,20349,23741,33915,50873,67830,316550
USD,46,PRIA,Flexi Cermat,,15,4552,6828,8536,10670,12804,14938,21340,32010,42680,199150
USD,46,PRIA,Flexi Cermat,35,5,11057,16586,22114,27643,33171,38700,55285,77400,103200,516000
USD,46,PRIA,Flexi Cermat,,10,6046,8504,11338,14173,17007,19842,28345,42518,56690,264550
USD,46,PRIA,Flexi Cermat,,15,3855,5783,7500,9035,10842,12649,18070,27105,36140,168650
IDR,46,WANITA,Flexi Amanah,YRT,1,4.6,6.9,9.2,11.5,13.8,16.1,23.0,34.5,46.0,230.0
IDR,46,WANITA,Flexi Amanah,5,5,5.3,7.9,10.5,13.2,15.8,18.4,26.4,39.5,52.7,263.5
IDR,46,WANITA,Flexi Amanah,10,10,6.1,9.1,12.1,15.1,18.2,21.2,30.3,45.4,60.5,302.5
IDR,46,WANITA,Flexi Berkah,64,5,74.6,105.0,139.9,174.9,209.9,244.9,349.9,524.8,699.7,3,265.0
IDR,46,WANITA,Flexi Berkah,,10,38.9,58.3,75.0,91.1,109.3,127.5,182.2,273.3,364.4,1,700.5
IDR,46,WANITA,Flexi Berkah,,15,29.8,44.7,59.6,74.5,83.8,97.7,139.6,209.4,279.2,1,302.5
IDR,46,WANITA,Flexi Cermat,15,5,140.1,210.2,280.2,350.3,420.4,490.4,700.6,1,050.9,1,401.2,7,006.0
IDR,46,WANITA,Flexi Cermat,,10,78.7,118.1,157.5,196.9,236.2,275.6,393.7,590.6,787.4,3,937.0
IDR,46,WANITA,Flexi Cermat,25,5,85.7,128.6,171.4,214.3,257.1,300.0,428.5,642.8,799.8,3,999.0
IDR,46,WANITA,Flexi Cermat,,10,46.5,69.8,87.2,109.0,130.8,152.6,218.0,326.9,435.9,2,034.0
IDR,46,WANITA,Flexi Cermat,,15,34.0,51.1,68.1,79.8,95.7,111.7,159.6,239.3,319.1,1,489.5
IDR,46,WANITA,Flexi Cermat,35,5,54.4,76.5,102.1,127.6,153.1,178.6,255.2,382.7,510.3,2,381.5
IDR,46,WANITA,Flexi Cermat,,10,29.7,44.6,59.4,74.3,83.6,97.5,139.3,208.9,278.5,1,299.5
IDR,46,WANITA,Flexi Cermat,,15,22.0,33.0,44.0,55.1,66.1,75.0,103.2,154.8,206.4,963.0
USD,46,WANITA,Flexi Amanah,YRT,1,460,690,920,1150,1380,1610,2300,3450,4600,23000
USD,46,WANITA,Flexi Amanah,5,5,527,791,1054,1318,1581,1845,2635,3953,5270,26350
USD,46,WANITA,Flexi Amanah,10,10,605,908,1210,1513,1815,2118,3025,4538,6050,30250
USD,46,WANITA,Flexi Berkah,64,5,14344,21516,28688,35860,43032,50204,70000,100410,133880,669400
USD,46,WANITA,Flexi Berkah,,10,7500,11207,14942,18678,22413,26149,37355,56033,70000,348650
USD,46,WANITA,Flexi Berkah,,15,5535,7784,10378,12973,15567,18162,25945,38918,51890,242150
USD,46,WANITA,Flexi Cermat,15,5,17367,26051,34734,43418,52101,60785,86835,130253,173670,868350
USD,46,WANITA,Flexi Cermat,,10,9124,13686,18248,22810,27372,31934,45620,68430,91240,456200
USD,46,WANITA,Flexi Cermat,25,5,12749,19124,25498,31873,38247,44622,63745,89243,118990,594950
USD,46,WANITA,Flexi Cermat,,10,7047,9911,13214,16518,19821,23125,33035,49553,66070,308300
USD,46,WANITA,Flexi Cermat,,15,4454,6681,8350,10438,12525,14613,20875,31313,41750,194850
USD,46,WANITA,Flexi Cermat,35,5,10063,15095,20126,25158,30189,35221,50315,70440,93920,469600
USD,46,WANITA,Flexi Cermat,,10,5511,7751,10334,12918,15501,18085,25835,38753,51670,241100
USD,46,WANITA,Flexi Cermat,,15,3559,5339,7118,8343,10011,11680,16685,25028,33370,155700
IDR,47,PRIA,Flexi Amanah,YRT,1,7.3,11.0,14.6,18.3,21.9,25.6,36.6,54.8,73.1,365.5
IDR,47,PRIA,Flexi Amanah,5,5,8.4,12.6,16.8,21.0,25.2,29.4,42.0,62.9,83.9,419.5
IDR,47,PRIA,Flexi Amanah,10,10,9.3,14.0,18.7,23.3,28.0,32.7,46.7,70.0,93.3,466.5
IDR,47,PRIA,Flexi Berkah,63,5,88.3,132.5,176.6,220.8,264.9,309.1,441.6,662.3,824.3,4,121.5
IDR,47,PRIA,Flexi Berkah,,10,46.0,69.0,86.2,107.8,129.4,150.9,215.6,323.4,431.2,2,012.0
IDR,47,PRIA,Flexi Berkah,,15,34.4,51.5,68.7,80.5,96.6,112.7,161.1,241.6,322.1,1,503.0
IDR,47,PRIA,Flexi Cermat,15,5,148.9,223.4,297.9,372.4,446.8,521.3,744.7,1,117.1,1,489.4,7,447.0
IDR,47,PRIA,Flexi Cermat,,10,81.8,122.7,163.6,204.5,245.4,286.3,409.0,613.5,818.0,4,090.0
IDR,47,PRIA,Flexi Cermat,25,5,89.2,133.7,178.3,222.9,267.5,312.0,445.8,668.6,832.0,4,160.0
IDR,47,PRIA,Flexi Cermat,,10,51.4,75.0,96.4,120.5,144.6,168.7,241.0,361.5,482.0,2,249.0
IDR,47,PRIA,Flexi Cermat,,15,38.3,57.5,75.0,89.8,107.8,125.7,179.6,269.4,359.2,1,676.0
IDR,47,PRIA,Flexi Cermat,35,5,64.0,90.0,120.0,150.0,180.0,210.0,300.0,450.0,600.0,2,800.0
IDR,47,PRIA,Flexi Cermat,,10,35.1,52.6,70.2,82.3,98.7,115.2,164.5,246.8,329.0,1,535.0
IDR,47,PRIA,Flexi Cermat,,15,26.0,39.0,52.0,65.0,75.0,85.2,121.8,182.6,243.5,1,136.5
USD,47,PRIA,Flexi Amanah,YRT,1,731,1097,1462,1828,2193,2559,3655,5483,7310,36550
USD,47,PRIA,Flexi Amanah,5,5,839,1259,1678,2098,2517,2937,4195,6293,8390,41950
USD,47,PRIA,Flexi Amanah,10,10,933,1400,1866,2333,2799,3266,4665,6998,9330,46650
USD,47,PRIA,Flexi Berkah,63,5,15254,22881,30508,38135,45762,53389,71185,106778,142370,711850
USD,47,PRIA,Flexi Berkah,,10,7945,11918,15890,19863,23835,27808,39725,59588,74150,370750
USD,47,PRIA,Flexi Berkah,,15,5921,8327,11102,13878,16653,19429,27755,41633,55510,259050
USD,47,PRIA,Flexi Cermat,15,5,17446,26169,34892,43615,52338,61061,87230,130845,174460,872300
USD,47,PRIA,Flexi Cermat,,10,9275,13913,18550,23188,27825,32463,46375,69563,92750,463750
USD,47,PRIA,Flexi Cermat,25,5,13235,19853,26470,33088,39705,46323,66175,92648,123530,617650
USD,47,PRIA,Flexi Cermat,,10,7241,10182,13576,16970,20364,23758,33940,50910,67880,316800
USD,47,PRIA,Flexi Cermat,,15,4556,6834,8542,10678,12813,14949,21355,32033,42710,199350
USD,47,PRIA,Flexi Cermat,35,5,11165,16748,22330,27913,33495,39078,55825,78150,104200,521000
USD,47,PRIA,Flexi Cermat,,10,6106,8586,11448,14310,17172,20034,28620,42930,57240,267100
USD,47,PRIA,Flexi Cermat,,15,3906,5859,7500,9155,10986,12817,18310,27465,36620,170850
IDR,47,WANITA,Flexi Amanah,YRT,1,5.0,7.5,9.9,12.4,14.9,17.4,24.9,37.3,49.7,248.5
IDR,47,WANITA,Flexi Amanah,5,5,5.7,8.5,11.4,14.2,17.0,19.9,28.4,42.6,56.8,284.0
IDR,47,WANITA,Flexi Amanah,10,10,6.5,9.8,13.0,16.3,19.5,22.8,32.5,48.8,65.0,325.0
IDR,47,WANITA,Flexi Berkah,63,5,79.3,118.9,158.6,198.2,237.9,277.5,396.5,594.7,740.0,3,700.0
IDR,47,WANITA,Flexi Berkah,,10,41.3,62.0,77.4,96.8,116.2,135.5,193.6,290.4,387.2,1,806.5
IDR,47,WANITA,Flexi Berkah,,15,30.9,46.4,61.8,75.0,87.0,101.5,145.0,217.4,289.9,1,353.0
IDR,47,WANITA,Flexi Cermat,15,5,141.0,211.4,281.9,352.4,422.9,493.3,704.8,1,057.1,1,409.5,7,047.5
IDR,47,WANITA,Flexi Cermat,,10,79.4,119.1,158.8,198.6,238.3,278.0,397.1,595.7,794.2,3,971.0
IDR,47,WANITA,Flexi Cermat,25,5,85.8,128.7,171.6,214.5,257.3,300.2,428.9,643.4,800.6,4,003.0
IDR,47,WANITA,Flexi Cermat,,10,46.8,70.2,87.8,109.8,131.7,153.7,219.6,329.3,439.1,2,049.0
IDR,47,WANITA,Flexi Cermat,,15,34.4,51.6,68.8,80.6,96.7,112.8,161.2,241.8,322.4,1,504.5
IDR,47,WANITA,Flexi Cermat,35,5,55.1,77.5,103.4,129.2,155.0,180.9,258.4,387.6,516.8,2,412.0
IDR,47,WANITA,Flexi Cermat,,10,30.3,45.5,60.7,75.0,85.4,99.6,142.3,213.4,284.5,1,327.5
IDR,47,WANITA,Flexi Cermat,,15,22.4,33.6,44.7,55.9,67.1,75.0,104.9,157.3,209.7,978.5
USD,47,WANITA,Flexi Amanah,YRT,1,497,746,994,1243,1491,1740,2485,3728,4970,24850
USD,47,WANITA,Flexi Amanah,5,5,568,852,1136,1420,1704,1988,2840,4260,5680,28400
USD,47,WANITA,Flexi Amanah,10,10,650,975,1300,1625,1950,2275,3250,4875,6500,32500
USD,47,WANITA,Flexi Berkah,63,5,14522,21783,29044,36305,43566,50827,70000,101655,135540,677700
USD,47,WANITA,Flexi Berkah,,10,7564,11346,15128,18910,22692,26474,37820,56730,70600,353000
USD,47,WANITA,Flexi Berkah,,15,5604,7881,10508,13135,15762,18389,26270,39405,52540,245200
USD,47,WANITA,Flexi Cermat,15,5,17435,26153,34870,43588,52305,61023,87175,130763,174350,871750
USD,47,WANITA,Flexi Cermat,,10,9178,13767,18356,22945,27534,32123,45890,68835,91780,458900
USD,47,WANITA,Flexi Cermat,25,5,12761,19142,25522,31903,38283,44664,63805,89325,119100,595500
USD,47,WANITA,Flexi Cermat,,10,7056,9923,13230,16538,19845,23153,33075,49613,66150,308700
USD,47,WANITA,Flexi Cermat,,15,4470,6705,8382,10478,12573,14669,20955,31433,41910,195600
USD,47,WANITA,Flexi Cermat,35,5,10149,15224,20298,25373,30447,35522,50745,71040,94720,473600
USD,47,WANITA,Flexi Cermat,,10,5558,7817,10422,13028,15633,18239,26055,39083,52110,243200
USD,47,WANITA,Flexi Cermat,,15,3610,5415,7220,8460,10152,11844,16920,25380,33840,157900
IDR,48,PRIA,Flexi Amanah,YRT,1,7.9,11.8,15.8,19.7,23.7,27.6,39.5,59.2,78.9,394.5
IDR,48,PRIA,Flexi Amanah,5,5,9.1,13.7,18.2,22.8,27.3,31.9,45.5,68.3,91.0,455.0
IDR,48,PRIA,Flexi Amanah,10,10,10.1,15.2,20.2,25.3,30.3,35.4,50.5,75.8,101.0,505.0
IDR,48,PRIA,Flexi Berkah,62,5,93.4,140.2,186.9,233.6,280.3,327.0,467.2,700.0,872.1,4,360.5
IDR,48,PRIA,Flexi Berkah,,10,48.7,73.0,91.2,114.1,136.9,159.7,228.1,342.2,456.2,2,129.0
IDR,48,PRIA,Flexi Berkah,,15,35.8,53.7,71.6,83.9,100.6,117.4,167.7,251.6,335.4,1,565.0
IDR,48,PRIA,Flexi Cermat,15,5,149.8,224.7,299.6,374.5,449.4,524.3,749.1,1,123.6,1,498.1,7,490.5
IDR,48,PRIA,Flexi Cermat,,10,82.5,123.8,165.0,206.3,247.5,288.8,412.5,618.8,825.0,4,125.0
IDR,48,PRIA,Flexi Cermat,25,5,89.8,134.6,179.5,224.4,269.3,314.2,448.8,673.2,837.8,4,189.0
IDR,48,PRIA,Flexi Cermat,,10,52.1,75.0,97.7,122.1,146.5,170.9,244.2,366.2,488.3,2,279.0
IDR,48,PRIA,Flexi Cermat,,15,38.9,58.3,75.0,91.1,109.3,127.5,182.2,273.3,364.4,1,700.5
IDR,48,PRIA,Flexi Cermat,35,5,65.3,91.8,122.4,153.0,183.6,214.2,306.0,459.0,612.0,2,856.0
IDR,48,PRIA,Flexi Cermat,,10,36.4,54.6,72.9,85.4,102.5,119.6,170.8,256.2,341.6,1,594.0
IDR,48,PRIA,Flexi Cermat,,15,27.0,40.5,54.0,67.6,76.0,88.7,126.7,190.0,253.3,1,182.0
USD,48,PRIA,Flexi Amanah,YRT,1,789,1184,1578,1973,2367,2762,3945,5918,7890,39450
USD,48,PRIA,Flexi Amanah,5,5,910,1365,1820,2275,2730,3185,4550,6825,9100,45500
USD,48,PRIA,Flexi Amanah,10,10,1010,1515,2020,2525,3030,3535,5050,7575,10100,50500
USD,48,PRIA,Flexi Berkah,62,5,15439,23159,30878,38598,46317,54037,72050,108075,144100,720500
USD,48,PRIA,Flexi Berkah,,10,8042,12063,16084,20105,24126,28147,40210,60315,75050,375250
USD,48,PRIA,Flexi Berkah,,15,6010,8451,11268,14085,16902,19719,28170,42255,56340,262900
USD,48,PRIA,Flexi Cermat,15,5,17514,26271,35028,43785,52542,61299,87570,131355,175140,875700
USD,48,PRIA,Flexi Cermat,,10,9330,13995,18660,23325,27990,32655,46650,69975,93300,466500
USD,48,PRIA,Flexi Cermat,25,5,13253,19880,26506,33133,39759,46386,66265,92775,123700,618500
USD,48,PRIA,Flexi Cermat,,10,7246,10191,13588,16985,20382,23779,33970,50955,67940,317050
USD,48,PRIA,Flexi Cermat,,15,4560,6840,8550,10688,12825,14963,21375,32063,42750,199500
USD,48,PRIA,Flexi Cermat,35,5,11271,16907,22542,28178,33813,39449,56355,78900,105200,526000
USD,48,PRIA,Flexi Cermat,,10,6166,8670,11560,14450,17340,20230,28900,43350,57800,269750
USD,48,PRIA,Flexi Cermat,,15,3957,5936,7500,9275,11130,12985,18550,27825,37100,173100
IDR,48,WANITA,Flexi Amanah,YRT,1,5.3,8.0,10.7,13.4,16.0,18.7,26.7,40.1,53.4,267.0
IDR,48,WANITA,Flexi Amanah,5,5,6.1,9.2,12.2,15.3,18.3,21.4,30.5,45.8,61.0,305.0
IDR,48,WANITA,Flexi Amanah,10,10,7.0,10.4,13.9,17.4,20.9,24.4,34.8,52.2,69.6,348.0
IDR,48,WANITA,Flexi Berkah,62,5,84.0,125.9,167.9,209.9,251.9,293.9,419.8,629.7,783.6,3,918.0
IDR,48,WANITA,Flexi Berkah,,10,43.7,65.6,82.0,102.5,123.0,143.5,205.0,307.5,410.0,1,913.0
IDR,48,WANITA,Flexi Berkah,,15,32.1,48.1,64.1,75.2,90.2,105.2,150.3,225.5,300.6,1,403.0
IDR,48,WANITA,Flexi Cermat,15,5,141.8,212.7,283.5,354.4,425.3,496.2,708.9,1,063.3,1,417.7,7,088.5
IDR,48,WANITA,Flexi Cermat,,10,80.1,120.1,160.2,200.2,240.3,280.3,400.5,600.7,800.9,4,004.5
IDR,48,WANITA,Flexi Cermat,25,5,85.9,128.8,171.7,214.7,257.6,300.5,429.3,644.0,801.4,4,007.0
IDR,48,WANITA,Flexi Cermat,,10,47.2,70.7,88.4,110.5,132.6,154.7,221.1,331.6,442.1,2,063.5
IDR,48,WANITA,Flexi Cermat,,15,34.7,52.1,69.5,81.4,97.7,114.0,162.8,244.2,325.6,1,519.5
IDR,48,WANITA,Flexi Cermat,35,5,55.8,78.5,104.7,130.9,157.0,183.2,261.7,392.6,523.4,2,442.5
IDR,48,WANITA,Flexi Cermat,,10,30.9,46.3,61.8,75.0,86.9,101.4,144.8,217.2,289.6,1,351.5
IDR,48,WANITA,Flexi Cermat,,15,22.7,34.1,45.5,56.8,68.2,75.0,106.6,159.8,213.1,994.5
USD,48,WANITA,Flexi Amanah,YRT,1,534,801,1068,1335,1602,1869,2670,4005,5340,26700
USD,48,WANITA,Flexi Amanah,5,5,610,915,1220,1525,1830,2135,3050,4575,6100,30500
USD,48,WANITA,Flexi Amanah,10,10,696,1044,1392,1740,2088,2436,3480,5220,6960,34800
USD,48,WANITA,Flexi Berkah,62,5,14701,22052,29402,36753,44103,51454,70000,102908,137210,686050
USD,48,WANITA,Flexi Berkah,,10,7657,11486,15314,19143,22971,26800,38285,57428,71460,357300
USD,48,WANITA,Flexi Berkah,,15,5673,7977,10636,13295,15954,18613,26590,39885,53180,248200
USD,48,WANITA,Flexi Cermat,15,5,17503,26255,35006,43758,52509,61261,87515,131273,175030,875150
USD,48,WANITA,Flexi Cermat,,10,9232,13848,18464,23080,27696,32312,46160,69240,92320,461600
USD,48,WANITA,Flexi Cermat,25,5,12773,19160,25546,31933,38319,44706,63865,89415,119220,596100
USD,48,WANITA,Flexi Cermat,,10,7065,9935,13246,16558,19869,23181,33115,49673,66230,309100
USD,48,WANITA,Flexi Cermat,,15,4488,6732,8416,10520,12624,14728,21040,31560,42080,196350
USD,48,WANITA,Flexi Cermat,35,5,10235,15353,20470,25588,30705,35823,51175,71648,95530,477650
USD,48,WANITA,Flexi Cermat,,10,5606,7883,10510,13138,15765,18393,26275,39413,52550,245250
USD,48,WANITA,Flexi Cermat,,15,3659,5489,7318,8578,10293,12009,17155,25733,34310,160100
IDR,49,PRIA,Flexi Amanah,YRT,1,8.5,12.7,16.9,21.2,25.4,29.6,42.4,63.5,84.7,423.5
IDR,49,PRIA,Flexi Amanah,5,5,9.8,14.7,19.6,24.5,29.4,34.3,49.1,73.6,98.1,490.5
IDR,49,PRIA,Flexi Amanah,10,10,10.9,16.3,21.8,27.2,32.6,38.1,54.4,81.6,108.8,544.0
IDR,49,PRIA,Flexi Berkah,61,5,98.6,147.8,197.1,246.4,295.7,345.0,492.8,700.0,919.9,4,599.5
IDR,49,PRIA,Flexi Berkah,,10,51.3,75.0,96.2,120.3,144.4,168.4,240.6,360.9,481.2,2,245.5
IDR,49,PRIA,Flexi Berkah,,15,37.2,55.8,74.4,87.2,104.6,122.1,174.4,261.6,348.8,1,628.0
IDR,49,PRIA,Flexi Cermat,15,5,150.7,226.0,301.4,376.7,452.0,527.4,753.4,1,130.1,1,506.8,7,534.0
IDR,49,PRIA,Flexi Cermat,,10,83.2,124.8,166.4,208.0,249.6,291.2,416.0,623.9,831.9,4,159.5
IDR,49,PRIA,Flexi Cermat,25,5,90.4,135.6,180.7,225.9,271.1,316.3,451.9,677.8,843.4,4,217.0
IDR,49,PRIA,Flexi Cermat,,10,52.8,75.0,98.9,123.7,148.4,173.1,247.4,371.0,494.7,2,308.5
IDR,49,PRIA,Flexi Cermat,,15,39.4,59.1,75.0,92.4,110.9,129.4,184.8,277.2,369.6,1,725.0
IDR,49,PRIA,Flexi Cermat,35,5,66.6,93.6,124.8,156.0,187.2,218.4,312.0,468.0,624.0,2,912.0
IDR,49,PRIA,Flexi Cermat,,10,37.8,56.7,75.0,88.6,106.3,124.0,177.1,265.7,354.2,1,652.5
IDR,49,PRIA,Flexi Cermat,,15,28.1,42.1,56.1,70.2,78.9,92.1,131.5,197.3,263.0,1,227.5
USD,49,PRIA,Flexi Amanah,YRT,1,847,1271,1694,2118,2541,2965,4235,6353,8470,42350
USD,49,PRIA,Flexi Amanah,5,5,981,1472,1962,2453,2943,3434,4905,7358,9810,49050
USD,49,PRIA,Flexi Amanah,10,10,1088,1632,2176,2720,3264,3808,5440,8160,10880,54400
USD,49,PRIA,Flexi Berkah,61,5,15624,23436,31248,39060,46872,54684,72910,109365,145820,729100
USD,49,PRIA,Flexi Berkah,,10,8138,12207,16276,20345,24414,28483,40690,61035,75950,379750
USD,49,PRIA,Flexi Berkah,,15,6098,8576,11434,14293,17151,20010,28585,42878,57170,266800
USD,49,PRIA,Flexi Cermat,15,5,17582,26373,35164,43955,52746,61537,87910,131865,175820,879100
USD,49,PRIA,Flexi Cermat,,10,9384,14076,18768,23460,28152,32844,46920,70380,93840,469200
USD,49,PRIA,Flexi Cermat,25,5,13271,19907,26542,33178,39813,46449,66355,92903,123870,619350
USD,49,PRIA,Flexi Cermat,,10,7251,10197,13596,16995,20394,23793,33990,50985,67980,317250
USD,49,PRIA,Flexi Cermat,,15,4563,6845,8556,10695,12834,14973,21390,32085,42780,199650
USD,49,PRIA,Flexi Cermat,35,5,11378,17067,22756,28445,34134,39823,56890,79650,106200,531000
USD,49,PRIA,Flexi Cermat,,10,6225,8754,11672,14590,17508,20426,29180,43770,58360,272350
USD,49,PRIA,Flexi Cermat,,15,4008,6012,7516,9395,11274,13153,18790,28185,37580,175350
IDR,49,WANITA,Flexi Amanah,YRT,1,5.7,8.6,11.4,14.3,17.1,20.0,28.6,42.8,57.1,285.5
IDR,49,WANITA,Flexi Amanah,5,5,6.5,9.8,13.0,16.3,19.5,22.8,32.6,48.8,65.1,325.5
IDR,49,WANITA,Flexi Amanah,10,10,7.4,11.1,14.8,18.5,22.2,25.9,37.1,55.6,74.1,370.5
IDR,49,WANITA,Flexi Berkah,61,5,88.6,132.9,177.2,221.6,265.9,310.2,443.1,664.7,827.1,4,135.5
IDR,49,WANITA,Flexi Berkah,,10,46.2,69.2,86.6,108.2,129.8,151.5,216.4,324.6,432.8,2,019.5
IDR,49,WANITA,Flexi Berkah,,15,33.2,49.8,66.4,77.8,93.4,109.0,155.7,233.5,311.3,1,453.0
IDR,49,WANITA,Flexi Cermat,15,5,142.6,213.9,285.2,356.5,427.8,499.1,713.0,1,069.4,1,425.9,7,129.5
IDR,49,WANITA,Flexi Cermat,,10,80.8,121.2,161.5,201.9,242.3,282.7,403.9,605.8,807.7,4,038.5
IDR,49,WANITA,Flexi Cermat,25,5,85.9,128.9,171.9,214.9,257.8,300.8,429.7,644.6,802.1,4,010.5
IDR,49,WANITA,Flexi Cermat,,10,47.5,71.3,89.1,111.3,133.6,155.9,222.7,334.0,445.3,2,078.0
IDR,49,WANITA,Flexi Cermat,,15,35.1,52.6,70.1,82.2,98.6,115.1,164.4,246.6,328.8,1,534.5
IDR,49,WANITA,Flexi Cermat,35,5,56.5,79.5,106.0,132.5,158.9,185.4,264.9,397.4,529.8,2,472.5
IDR,49,WANITA,Flexi Cermat,,10,31.6,47.4,63.2,75.0,88.9,103.7,148.2,222.3,296.4,1,383.0
IDR,49,WANITA,Flexi Cermat,,15,23.1,34.6,46.2,57.7,69.2,75.7,108.2,162.3,216.4,1,010.0
USD,49,WANITA,Flexi Amanah,YRT,1,571,857,1142,1428,1713,1999,2855,4283,5710,28550
USD,49,WANITA,Flexi Amanah,5,5,651,977,1302,1628,1953,2279,3255,4883,6510,32550
USD,49,WANITA,Flexi Amanah,10,10,741,1112,1482,1853,2223,2594,3705,5558,7410,37050
USD,49,WANITA,Flexi Berkah,61,5,14879,22319,29758,37198,44637,52077,70000,104153,138870,694350
USD,49,WANITA,Flexi Berkah,,10,7750,11625,15500,19375,23250,27125,38750,58125,72330,361650
USD,49,WANITA,Flexi Berkah,,15,5742,8075,10766,13458,16149,18841,26915,40373,53830,251200
USD,49,WANITA,Flexi Cermat,15,5,17571,26357,35142,43928,52713,61499,87855,131783,175710,878550
USD,49,WANITA,Flexi Cermat,,10,9286,13929,18572,23215,27858,32501,46430,69645,92860,464300
USD,49,WANITA,Flexi Cermat,25,5,12785,19178,25570,31963,38355,44748,63925,89498,119330,596650
USD,49,WANITA,Flexi Cermat,,10,7074,9948,13264,16580,19896,23212,33160,49740,66320,309450
USD,49,WANITA,Flexi Cermat,,15,4505,6758,8446,10558,12669,14781,21115,31673,42230,197100
USD,49,WANITA,Flexi Cermat,35,5,10322,15483,20644,25805,30966,36127,51610,72248,96330,481650
USD,49,WANITA,Flexi Cermat,,10,5654,7950,10600,13250,15900,18550,26500,39750,53000,247350
USD,49,WANITA,Flexi Cermat,,15,3710,5565,7420,8695,10434,12173,17390,26085,34780,162300
IDR,50,PRIA,Flexi Amanah,YRT,1,9.1,13.6,18.1,22.6,27.2,31.7,45.3,67.9,90.5,452.5
IDR,50,PRIA,Flexi Amanah,5,5,10.5,15.8,21.0,26.3,31.6,36.8,52.6,78.9,105.2,526.0
IDR,50,PRIA,Flexi Amanah,10,10,11.7,17.5,23.3,29.2,35.0,40.8,58.3,87.5,116.6,583.0
IDR,50,PRIA,Flexi Berkah,60,5,103.7,155.5,207.4,259.2,311.0,362.9,518.4,725.8,967.7,4,838.5
IDR,50,PRIA,Flexi Berkah,,10,54.0,75.9,101.3,126.6,151.9,177.2,253.2,379.7,506.3,2,362.5
IDR,50,PRIA,Flexi Berkah,,15,38.6,58.0,75.0,90.6,108.7,126.8,181.2,271.7,362.3,1,690.5
IDR,50,PRIA,Flexi Cermat,15,5,151.6,227.3,303.1,378.9,454.7,530.4,757.8,1,136.6,1,515.5,7,577.5
IDR,50,PRIA,Flexi Cermat,,10,83.9,125.8,167.8,209.7,251.7,293.6,419.5,629.2,838.9,4,194.5
IDR,50,PRIA,Flexi Cermat,25,5,91.0,136.5,182.0,227.5,272.9,318.4,454.9,682.4,849.2,4,246.0
IDR,50,PRIA,Flexi Cermat,,10,53.5,75.2,100.2,125.3,150.4,175.4,250.6,375.9,501.2,2,338.5
IDR,50,PRIA,Flexi Cermat,,15,40.0,60.0,75.0,93.7,112.5,131.2,187.5,281.2,374.9,1,749.5
IDR,50,PRIA,Flexi Cermat,35,5,67.8,95.4,127.2,159.0,190.8,222.6,318.0,476.9,635.9,2,967.5
IDR,50,PRIA,Flexi Cermat,,10,39.1,58.7,75.0,91.7,110.0,128.4,183.4,275.1,366.8,1,711.5
IDR,50,PRIA,Flexi Cermat,,15,29.1,43.7,58.2,72.8,81.9,95.5,136.5,204.7,272.9,1,273.5
USD,50,PRIA,Flexi Amanah,YRT,1,905,1358,1810,2263,2715,3168,4525,6788,9050,45250
USD,50,PRIA,Flexi Amanah,5,5,1052,1578,2104,2630,3156,3682,5260,7890,10520,52600
USD,50,PRIA,Flexi Amanah,10,10,1166,1749,2332,2915,3498,4081,5830,8745,11660,58300
USD,50,PRIA,Flexi Berkah,60,5,15809,23714,31618,39523,47427,55332,73775,110663,147550,737750
USD,50,PRIA,Flexi Berkah,,10,8234,12351,16468,20585,24702,28819,41170,61755,76850,384250
USD,50,PRIA,Flexi Berkah,,15,6186,8700,11600,14500,17400,20300,29000,43500,58000,270650
USD,50,PRIA,Flexi Cermat,15,5,17650,26475,35300,44125,52950,61775,88250,132375,176500,882500
USD,50,PRIA,Flexi Cermat,,10,9439,14159,18878,23598,28317,33037,47195,70793,94390,471950
USD,50,PRIA,Flexi Cermat,25,5,13289,19934,26578,33223,39867,46512,66445,93023,124030,620150
USD,50,PRIA,Flexi Cermat,,10,7257,10205,13606,17008,20409,23811,34015,51023,68030,317500
USD,50,PRIA,Flexi Cermat,,15,4567,6851,8564,10705,12846,14987,21410,32115,42820,199800
USD,50,PRIA,Flexi Cermat,35,5,11486,17229,22972,28715,34458,40201,57430,80400,107200,536000
USD,50,PRIA,Flexi Cermat,,10,6285,8838,11784,14730,17676,20622,29460,44190,58920,274950
USD,50,PRIA,Flexi Cermat,,15,4058,6087,7610,9513,11415,13318,19025,28538,38050,177550
IDR,50,WANITA,Flexi Amanah,YRT,1,6.1,9.1,12.2,15.2,18.2,21.3,30.4,45.6,60.8,304.0
IDR,50,WANITA,Flexi Amanah,5,5,6.9,10.4,13.8,17.3,20.8,24.2,34.6,51.9,69.2,346.0
IDR,50,WANITA,Flexi Amanah,10,10,7.9,11.8,15.7,19.7,23.6,27.5,39.4,59.0,78.7,393.5
IDR,50,WANITA,Flexi Berkah,60,5,93.3,139.9,186.6,233.2,279.9,326.5,466.5,699.7,870.7,4,353.5
IDR,50,WANITA,Flexi Berkah,,10,48.6,72.9,91.1,113.9,136.7,159.4,227.8,341.6,455.5,2,125.5
IDR,50,WANITA,Flexi Berkah,,15,34.4,51.5,68.7,80.5,96.6,112.7,161.1,241.6,322.1,1,503.0
IDR,50,WANITA,Flexi Cermat,15,5,143.4,215.1,286.8,358.5,430.2,501.9,717.1,1,075.6,1,434.1,7,170.5
IDR,50,WANITA,Flexi Cermat,,10,81.5,122.2,162.9,203.6,244.4,285.1,407.3,610.9,814.5,4,072.5
IDR,50,WANITA,Flexi Cermat,25,5,86.0,129.0,172.1,215.1,258.1,301.1,430.2,645.2,802.9,4,014.5
IDR,50,WANITA,Flexi Cermat,,10,47.8,71.7,89.7,112.1,134.5,156.9,224.2,336.3,448.4,2,092.5
IDR,50,WANITA,Flexi Cermat,,15,35.4,53.1,70.8,83.0,99.6,116.2,166.0,249.0,332.0,1,549.5
IDR,50,WANITA,Flexi Cermat,35,5,57.2,80.4,107.3,134.1,160.9,187.7,268.2,402.2,536.3,2,503.0
IDR,50,WANITA,Flexi Cermat,,10,32.3,48.4,64.5,75.6,90.7,105.8,151.2,226.8,302.4,1,411.0
IDR,50,WANITA,Flexi Cermat,,15,23.4,35.1,46.9,58.6,70.3,76.9,109.9,164.8,219.7,1,025.0
USD,50,WANITA,Flexi Amanah,YRT,1,608,912,1216,1520,1824,2128,3040,4560,6080,30400
USD,50,WANITA,Flexi Amanah,5,5,692,1038,1384,1730,2076,2422,3460,5190,6920,34600
USD,50,WANITA,Flexi Amanah,10,10,787,1181,1574,1968,2361,2755,3935,5903,7870,39350
USD,50,WANITA,Flexi Berkah,60,5,15058,22587,30116,37645,45174,52703,70270,105405,140540,702700
USD,50,WANITA,Flexi Berkah,,10,7843,11765,15686,19608,23529,27451,39215,58823,73200,366000
USD,50,WANITA,Flexi Berkah,,15,5810,8171,10894,13618,16341,19065,27235,40853,54470,254200
USD,50,WANITA,Flexi Cermat,15,5,17639,26459,35278,44098,52917,61737,88195,132293,176390,881950
USD,50,WANITA,Flexi Cermat,,10,9340,14010,18680,23350,28020,32690,46700,70050,93400,467000
USD,50,WANITA,Flexi Cermat,25,5,12798,19197,25596,31995,38394,44793,63990,89588,119450,597250
USD,50,WANITA,Flexi Cermat,,10,7083,9962,13282,16603,19923,23244,33205,49808,66410,309900
USD,50,WANITA,Flexi Cermat,,15,4522,6783,8478,10598,12717,14837,21195,31793,42390,197800
USD,50,WANITA,Flexi Cermat,35,5,10409,15614,20818,26023,31227,36432,52045,72863,97150,485750
USD,50,WANITA,Flexi Cermat,,10,5701,8018,10690,13363,16035,18708,26725,40088,53450,249400
USD,50,WANITA,Flexi Cermat,,15,3760,5640,7500,8813,10575,12338,17625,26438,35250,164500
IDR,51,PRIA,Flexi Amanah,YRT,1,10.0,14.9,19.9,24.9,29.9,34.9,49.8,74.7,99.6,498.0
IDR,51,PRIA,Flexi Amanah,5,5,11.7,17.5,23.4,29.2,35.0,40.9,58.4,87.6,116.8,584.0
IDR,51,PRIA,Flexi Amanah,10,10,13.2,19.8,26.4,33.1,39.7,46.3,66.1,99.2,132.2,661.0
IDR,51,PRIA,Flexi Berkah,59,5,112.5,168.8,225.0,281.3,337.5,393.8,562.6,787.6,1,050.1,5,250.5
IDR,51,PRIA,Flexi Berkah,,10,58.6,82.4,109.9,137.4,164.8,192.3,274.7,412.1,549.4,2,564.0
IDR,51,PRIA,Flexi Berkah,,15,42.1,63.1,78.9,98.6,118.4,138.1,197.3,295.9,394.5,1,841.0
IDR,51,PRIA,Flexi Cermat,15,5,152.4,228.6,304.8,381.0,457.2,533.4,762.1,1,143.1,1,524.1,7,620.5
IDR,51,PRIA,Flexi Cermat,,10,84.6,126.9,169.2,211.5,253.8,296.1,423.0,634.4,845.9,4,229.5
IDR,51,PRIA,Flexi Cermat,25,5,92.5,138.8,185.1,231.4,277.6,323.9,462.7,694.1,863.7,4,318.5
IDR,51,PRIA,Flexi Cermat,,10,54.5,76.7,102.3,127.9,153.4,179.0,255.7,383.6,511.4,2,386.5
IDR,51,PRIA,Flexi Cermat,,15,40.8,61.2,76.5,95.6,114.7,133.8,191.2,286.8,382.4,1,784.5
IDR,51,PRIA,Flexi Cermat,35,5,70.9,99.7,132.9,166.1,199.3,232.5,332.2,498.3,664.4,3,100.5
IDR,51,PRIA,Flexi Cermat,,10,40.9,61.4,76.8,96.0,115.2,134.4,192.0,287.9,383.9,1,791.5
IDR,51,PRIA,Flexi Cermat,,15,30.4,45.6,60.8,75.0,85.5,99.8,142.6,213.8,285.1,1,330.5
USD,51,PRIA,Flexi Amanah,YRT,1,996,1494,1992,2490,2988,3486,4980,7470,9960,49800
USD,51,PRIA,Flexi Amanah,5,5,1168,1752,2336,2920,3504,4088,5840,8760,11680,58400
USD,51,PRIA,Flexi Amanah,10,10,1322,1983,2644,3305,3966,4627,6610,9915,13220,66100
USD,51,PRIA,Flexi Berkah,59,5,16062,24093,32124,40155,48186,56217,74955,112433,149910,749550
USD,51,PRIA,Flexi Berkah,,10,8366,12549,16732,20915,25098,29281,41830,62745,78080,390400
USD,51,PRIA,Flexi Berkah,,15,6267,8814,11752,14690,17628,20566,29380,44070,58760,274200
USD,51,PRIA,Flexi Cermat,15,5,17719,26579,35438,44298,53157,62017,88595,132893,177190,885950
USD,51,PRIA,Flexi Cermat,,10,9484,14226,18968,23710,28452,33194,47420,71130,94840,474200
USD,51,PRIA,Flexi Cermat,25,5,13758,20637,27516,34395,41274,48153,68790,96308,128410,642050
USD,51,PRIA,Flexi Cermat,,10,7500,10569,14092,17615,21138,24661,35230,52845,70000,328850
USD,51,PRIA,Flexi Cermat,,15,4730,7095,8870,11088,13305,15523,22175,33263,44350,206950
USD,51,PRIA,Flexi Cermat,35,5,12023,18035,24046,30058,36069,42081,60115,84165,112220,561100
USD,51,PRIA,Flexi Cermat,,10,6578,9251,12334,15418,18501,21585,30835,46253,61670,287800
USD,51,PRIA,Flexi Cermat,,15,4262,6393,7992,9990,11988,13986,19980,29970,39960,186500
IDR,51,WANITA,Flexi Amanah,YRT,1,6.7,10.1,13.5,16.9,20.2,23.6,33.7,50.6,67.4,337.0
IDR,51,WANITA,Flexi Amanah,5,5,7.6,11.4,15.2,19.0,22.8,26.6,38.1,57.1,76.1,380.5
IDR,51,WANITA,Flexi Amanah,10,10,8.7,13.0,17.3,21.6,26.0,30.3,43.3,64.9,86.5,432.5
IDR,51,WANITA,Flexi Berkah,59,5,101.0,151.6,202.1,252.6,303.1,353.6,505.2,707.3,943.0,4,715.0
IDR,51,WANITA,Flexi Berkah,,10,52.6,75.0,98.7,123.4,148.0,172.7,246.7,370.1,493.4,2,302.5
IDR,51,WANITA,Flexi Berkah,,15,37.6,56.3,75.0,88.0,105.6,123.2,176.1,264.1,352.1,1,643.0
IDR,51,WANITA,Flexi Cermat,15,5,144.2,216.3,288.5,360.6,432.7,504.8,721.2,1,081.7,1,442.3,7,211.5
IDR,51,WANITA,Flexi Cermat,,10,82.1,123.2,164.2,205.3,246.4,287.4,410.6,615.9,821.2,4,106.0
IDR,51,WANITA,Flexi Cermat,25,5,87.0,130.5,174.0,217.6,261.1,304.6,435.1,652.7,812.1,4,060.5
IDR,51,WANITA,Flexi Cermat,,10,48.9,73.4,91.7,114.6,137.5,160.4,229.2,343.8,458.4,2,139.0
IDR,51,WANITA,Flexi Cermat,,15,36.0,54.0,71.9,84.3,101.2,118.0,168.6,252.9,337.2,1,573.5
IDR,51,WANITA,Flexi Cermat,35,5,59.5,83.7,111.6,139.6,167.5,195.4,279.1,418.7,558.2,2,604.5
IDR,51,WANITA,Flexi Cermat,,10,33.6,50.3,67.1,78.7,94.4,110.1,157.3,236.0,314.6,1,468.5
IDR,51,WANITA,Flexi Cermat,,15,24.2,36.3,48.4,60.6,72.7,79.5,113.5,170.3,227.0,1,059.5
USD,51,WANITA,Flexi Amanah,YRT,1,674,1011,1348,1685,2022,2359,3370,5055,6740,33700
USD,51,WANITA,Flexi Amanah,5,5,761,1142,1522,1903,2283,2664,3805,5708,7610,38050
USD,51,WANITA,Flexi Amanah,10,10,865,1298,1730,2163,2595,3028,4325,6488,8650,43250
USD,51,WANITA,Flexi Berkah,59,5,15298,22947,30596,38245,45894,53543,71390,107085,142780,713900
USD,51,WANITA,Flexi Berkah,,10,7968,11952,15936,19920,23904,27888,39840,59760,74370,371850
USD,51,WANITA,Flexi Berkah,,15,5903,8301,11068,13835,16602,19369,27670,41505,55340,258250
USD,51,WANITA,Flexi Cermat,15,5,17708,26562,35416,44270,53124,61978,88540,132810,177080,885400
USD,51,WANITA,Flexi Cermat,,10,9385,14078,18770,23463,28155,32848,46925,70388,93850,469250
USD,51,WANITA,Flexi Cermat,25,5,13252,19878,26504,33130,39756,46382,66260,92760,123680,618400
USD,51,WANITA,Flexi Cermat,,10,7334,10313,13750,17188,20625,24063,34375,51563,68750,320850
USD,51,WANITA,Flexi Cermat,,15,4674,7011,8764,10955,13146,15337,21910,32865,43820,204500
USD,51,WANITA,Flexi Cermat,35,5,10904,16356,21808,27260,32712,38164,54520,76328,101770,508850
USD,51,WANITA,Flexi Cermat,,10,5981,8411,11214,14018,16821,19625,28035,42053,56070,261650
USD,51,WANITA,Flexi Cermat,,15,3926,5889,7500,9203,11043,12884,18405,27608,36810,171800
IDR,52,PRIA,Flexi Amanah,YRT,1,10.9,16.3,21.8,27.2,32.6,38.1,54.4,81.6,108.8,544.0
IDR,52,PRIA,Flexi Amanah,5,5,12.8,19.3,25.7,32.1,38.5,44.9,64.2,96.3,128.4,642.0
IDR,52,PRIA,Flexi Amanah,10,10,14.8,22.2,29.5,36.9,44.3,51.7,73.9,110.8,147.7,738.5
IDR,52,PRIA,Flexi Berkah,58,5,121.3,182.0,242.7,303.4,364.0,424.7,606.7,849.4,1,132.5,5,662.5
IDR,52,PRIA,Flexi Berkah,,10,63.2,88.9,118.5,148.1,177.8,207.4,296.3,444.4,592.5,2,765.0
IDR,52,PRIA,Flexi Berkah,,15,45.5,68.3,85.4,106.7,128.0,149.4,213.4,320.1,426.8,1,992.0
IDR,52,PRIA,Flexi Cermat,15,5,153.3,229.9,306.6,383.2,459.8,536.5,766.4,1,149.6,1,532.8,7,664.0
IDR,52,PRIA,Flexi Cermat,,10,85.3,127.9,170.6,213.2,255.8,298.5,426.4,639.6,852.8,4,264.0
IDR,52,PRIA,Flexi Cermat,25,5,94.1,141.2,188.2,235.3,282.3,329.4,470.6,700.0,878.4,4,392.0
IDR,52,PRIA,Flexi Cermat,,10,55.6,78.2,104.3,130.4,156.5,182.6,260.8,391.2,521.6,2,434.0
IDR,52,PRIA,Flexi Cermat,,15,41.6,62.4,78.0,97.5,117.0,136.5,195.0,292.4,389.9,1,819.5
IDR,52,PRIA,Flexi Cermat,35,5,73.9,103.9,138.6,173.2,207.8,242.5,346.4,519.6,692.8,3,233.0
IDR,52,PRIA,Flexi Cermat,,10,42.8,64.2,80.2,100.3,120.3,140.4,200.5,300.8,401.0,1,871.0
IDR,52,PRIA,Flexi Cermat,,15,31.7,47.6,63.4,75.0,89.2,104.1,148.7,223.1,297.4,1,388.0
USD,52,PRIA,Flexi Amanah,YRT,1,1088,1632,2176,2720,3264,3808,5440,8160,10880,54400
USD,52,PRIA,Flexi Amanah,5,5,1284,1926,2568,3210,3852,4494,6420,9630,12840,64200
USD,52,PRIA,Flexi Amanah,10,10,1477,2216,2954,3693,4431,5170,7385,11078,14770,73850
USD,52,PRIA,Flexi Berkah,58,5,16316,24474,32632,40790,48948,57106,76140,114210,152280,761400
USD,52,PRIA,Flexi Berkah,,10,8498,12747,16996,21245,25494,29743,42490,63735,79310,396550
USD,52,PRIA,Flexi Berkah,,15,6347,8927,11902,14878,17853,20829,29755,44633,59510,277700
USD,52,PRIA,Flexi Cermat,15,5,17787,26681,35574,44468,53361,62255,88935,133403,177870,889350
USD,52,PRIA,Flexi Cermat,,10,9529,14294,19058,23823,28587,33352,47645,71468,95290,476450
USD,52,PRIA,Flexi Cermat,25,5,14227,21341,28454,35568,42681,49795,70000,99585,132780,663900
USD,52,PRIA,Flexi Cermat,,10,7500,10934,14578,18223,21867,25512,36445,54668,70000,340150
USD,52,PRIA,Flexi Cermat,,15,4893,7340,9174,11468,13761,16055,22935,34403,45870,214050
USD,52,PRIA,Flexi Cermat,35,5,12561,18842,25122,31403,37683,43964,62805,87930,117240,586200
USD,52,PRIA,Flexi Cermat,,10,6872,9665,12886,16108,19329,22551,32215,48323,64430,300650
USD,52,PRIA,Flexi Cermat,,15,4466,6699,8374,10468,12561,14655,20935,31403,41870,195400
IDR,52,WANITA,Flexi Amanah,YRT,1,7.4,11.1,14.8,18.5,22.2,25.9,37.1,55.6,74.1,370.5
IDR,52,WANITA,Flexi Amanah,5,5,8.3,12.5,16.6,20.8,24.9,29.1,41.6,62.3,83.1,415.5
IDR,52,WANITA,Flexi Amanah,10,10,9.4,14.1,18.9,23.6,28.3,33.0,47.2,70.7,94.3,471.5
IDR,52,WANITA,Flexi Berkah,58,5,108.8,163.2,217.6,272.0,326.4,380.8,544.0,761.6,1,015.4,5,077.0
IDR,52,WANITA,Flexi Berkah,,10,56.7,79.7,106.2,132.8,159.4,185.9,265.6,398.4,531.2,2,479.0
IDR,52,WANITA,Flexi Berkah,,15,40.8,61.1,76.4,95.5,114.6,133.7,191.1,286.6,382.1,1,783.0
IDR,52,WANITA,Flexi Cermat,15,5,145.1,217.6,290.1,362.7,435.2,507.7,725.3,1,088.0,1,450.6,7,253.0
IDR,52,WANITA,Flexi Cermat,,10,82.8,124.2,165.6,207.0,248.4,289.8,414.0,621.0,828.0,4,140.0
IDR,52,WANITA,Flexi Cermat,25,5,88.0,132.0,176.0,220.0,264.0,308.0,440.0,660.0,821.3,4,106.5
IDR,52,WANITA,Flexi Cermat,,10,50.0,74.9,93.7,117.1,140.5,163.9,234.2,351.3,468.4,2,186.0
IDR,52,WANITA,Flexi Cermat,,15,36.5,54.8,73.0,85.6,102.7,119.8,171.2,256.8,342.4,1,598.0
IDR,52,WANITA,Flexi Cermat,35,5,61.9,87.0,116.0,145.0,174.0,203.0,290.1,435.1,580.1,2,707.0
IDR,52,WANITA,Flexi Cermat,,10,34.9,52.3,69.7,81.7,98.1,114.4,163.5,245.2,326.9,1,525.5
IDR,52,WANITA,Flexi Cermat,,15,25.0,37.5,50.0,62.5,75.0,82.0,117.2,175.8,234.4,1,094.0
USD,52,WANITA,Flexi Amanah,YRT,1,741,1112,1482,1853,2223,2594,3705,5558,7410,37050
USD,52,WANITA,Flexi Amanah,5,5,831,1247,1662,2078,2493,2909,4155,6233,8310,41550
USD,52,WANITA,Flexi Amanah,10,10,943,1415,1886,2358,2829,3301,4715,7073,9430,47150
USD,52,WANITA,Flexi Berkah,58,5,15539,23309,31078,38848,46617,54387,72515,108773,145030,725150
USD,52,WANITA,Flexi Berkah,,10,8093,12140,16186,20233,24279,28326,40465,60698,75530,377650
USD,52,WANITA,Flexi Berkah,,15,5996,8432,11242,14053,16863,19674,28105,42158,56210,262350
USD,52,WANITA,Flexi Cermat,15,5,17776,26664,35552,44440,53328,62216,88880,133320,177760,888800
USD,52,WANITA,Flexi Cermat,,10,9430,14145,18860,23575,28290,33005,47150,70725,94300,471500
USD,52,WANITA,Flexi Cermat,25,5,13706,20559,27412,34265,41118,47971,68530,95948,127930,639650
USD,52,WANITA,Flexi Cermat,,10,7500,10667,14222,17778,21333,24889,35555,53333,70000,331850
USD,52,WANITA,Flexi Cermat,,15,4826,7239,9050,11313,13575,15838,22625,33938,45250,211150
USD,52,WANITA,Flexi Cermat,35,5,11399,17099,22798,28498,34197,39897,56995,79793,106390,531950
USD,52,WANITA,Flexi Cermat,,10,6262,8805,11740,14675,17610,20545,29350,44025,58700,273950
USD,52,WANITA,Flexi Cermat,,15,4093,6140,7674,9593,11511,13430,19185,28778,38370,179050
IDR,53,PRIA,Flexi Amanah,YRT,1,11.8,17.7,23.6,29.5,35.4,41.3,59.0,88.4,117.9,589.5
IDR,53,PRIA,Flexi Amanah,5,5,14.0,21.0,28.0,35.0,42.0,49.0,70.0,105.0,140.0,700.0
IDR,53,PRIA,Flexi Amanah,10,10,16.3,24.5,32.7,40.8,49.0,57.2,81.7,122.5,163.3,816.5
IDR,53,PRIA,Flexi Berkah,57,5,130.2,195.3,260.3,325.4,390.5,455.6,650.9,911.2,1,214.9,6,074.5
IDR,53,PRIA,Flexi Berkah,,10,67.8,95.3,127.1,158.9,190.7,222.5,317.8,476.7,635.6,2,966.5
IDR,53,PRIA,Flexi Berkah,,15,49.0,73.5,91.8,114.8,137.7,160.7,229.6,344.3,459.1,2,142.5
IDR,53,PRIA,Flexi Cermat,15,5,154.2,231.2,308.3,385.4,462.5,539.5,770.8,1,156.1,1,541.5,7,707.5
IDR,53,PRIA,Flexi Cermat,,10,86.0,129.0,172.0,215.0,257.9,300.9,429.9,644.9,859.8,4,299.0
IDR,53,PRIA,Flexi Cermat,25,5,95.7,143.5,191.3,239.2,287.0,334.8,478.4,700.0,892.9,4,464.5
IDR,53,PRIA,Flexi Cermat,,10,56.7,79.8,106.4,133.0,159.5,186.1,265.9,398.9,531.8,2,482.0
IDR,53,PRIA,Flexi Cermat,,15,42.4,63.6,79.5,99.4,119.2,139.1,198.7,298.1,397.4,1,854.5
IDR,53,PRIA,Flexi Cermat,35,5,76.9,115.4,153.9,192.3,230.8,269.3,384.7,577.0,718.0,3,590.0
IDR,53,PRIA,Flexi Cermat,,10,44.6,66.9,83.6,104.5,125.4,146.3,209.1,313.6,418.1,1,951.5
IDR,53,PRIA,Flexi Cermat,,15,33.0,49.5,66.1,77.4,92.9,108.4,154.9,232.3,309.7,1,445.0
USD,53,PRIA,Flexi Amanah,YRT,1,1179,1769,2358,2948,3537,4127,5895,8843,11790,58950
USD,53,PRIA,Flexi Amanah,5,5,1400,2100,2800,3500,4200,4900,7000,10500,14000,70000
USD,53,PRIA,Flexi Amanah,10,10,1633,2450,3266,4083,4899,5716,8165,12248,16330,81650
USD,53,PRIA,Flexi Berkah,57,5,16568,24852,33136,41420,49704,57988,77320,115980,154640,773200
USD,53,PRIA,Flexi Berkah,,10,8630,12945,17260,21575,25890,30205,43150,64725,80540,402700
USD,53,PRIA,Flexi Berkah,,15,6428,9039,12052,15065,18078,21091,30130,45195,60260,281250
USD,53,PRIA,Flexi Cermat,15,5,17855,26783,35710,44638,53565,62493,89275,133913,178550,892750
USD,53,PRIA,Flexi Cermat,,10,9574,14361,19148,23935,28722,33509,47870,71805,95740,478700
USD,53,PRIA,Flexi Cermat,25,5,14696,22044,29392,36740,44088,51436,70000,102878,137170,685850
USD,53,PRIA,Flexi Cermat,,10,7532,11298,15064,18830,22596,26362,37660,56490,70300,351500
USD,53,PRIA,Flexi Cermat,,15,5392,7583,10110,12638,15165,17693,25275,37913,50550,235900
USD,53,PRIA,Flexi Cermat,35,5,13099,19649,26198,32748,39297,45847,65495,91695,122260,611300
USD,53,PRIA,Flexi Cermat,,10,7166,10077,13436,16795,20154,23513,33590,50385,67180,313500
USD,53,PRIA,Flexi Cermat,,15,4670,7005,8758,10948,13137,15327,21895,32843,43790,204350
IDR,53,WANITA,Flexi Amanah,YRT,1,8.1,12.1,16.2,20.2,24.2,28.3,40.4,60.6,80.8,404.0
IDR,53,WANITA,Flexi Amanah,5,5,9.0,13.5,18.0,22.5,27.0,31.5,45.1,67.6,90.1,450.5
IDR,53,WANITA,Flexi Amanah,10,10,10.2,15.3,20.4,25.5,30.6,35.7,51.1,76.6,102.1,510.5
IDR,53,WANITA,Flexi Berkah,57,5,116.5,174.8,233.1,291.4,349.6,407.9,582.7,815.8,1,087.7,5,438.5
IDR,53,WANITA,Flexi Berkah,,10,60.7,85.4,113.8,142.3,170.7,199.2,284.5,426.8,569.0,2,655.5
IDR,53,WANITA,Flexi Berkah,,15,44.0,65.9,82.4,103.0,123.6,144.2,206.1,309.1,412.1,1,923.0
IDR,53,WANITA,Flexi Cermat,15,5,145.9,218.8,291.8,364.7,437.6,510.6,729.4,1,094.1,1,458.8,7,294.0
IDR,53,WANITA,Flexi Cermat,,10,83.5,125.2,167.0,208.7,250.4,292.2,417.4,626.1,834.8,4,174.0
IDR,53,WANITA,Flexi Cermat,25,5,89.0,133.5,178.0,222.5,267.0,311.5,445.0,667.4,830.6,4,153.0
IDR,53,WANITA,Flexi Cermat,,10,51.0,75.0,95.7,119.6,143.5,167.4,239.2,358.8,478.4,2,232.5
IDR,53,WANITA,Flexi Cermat,,15,37.1,55.6,74.1,86.9,104.3,121.7,173.8,260.7,347.6,1,622.0
IDR,53,WANITA,Flexi Cermat,35,5,63.9,89.9,119.8,149.8,179.8,209.7,299.6,449.4,599.2,2,796.0
IDR,53,WANITA,Flexi Cermat,,10,36.2,54.3,72.4,84.8,101.8,118.7,169.6,254.4,339.2,1,582.5
IDR,53,WANITA,Flexi Cermat,,15,25.8,38.7,51.6,64.5,75.0,84.6,120.9,181.3,241.7,1,127.5
USD,53,WANITA,Flexi Amanah,YRT,1,808,1212,1616,2020,2424,2828,4040,6060,8080,40400
USD,53,WANITA,Flexi Amanah,5,5,901,1352,1802,2253,2703,3154,4505,6758,9010,45050
USD,53,WANITA,Flexi Amanah,10,10,1021,1532,2042,2553,3063,3574,5105,7658,10210,51050
USD,53,WANITA,Flexi Berkah,57,5,15779,23669,31558,39448,47337,55227,73635,110453,147270,736350
USD,53,WANITA,Flexi Berkah,,10,8218,12327,16436,20545,24654,28763,41090,61635,76700,383500
USD,53,WANITA,Flexi Berkah,,15,6089,8562,11416,14270,17124,19978,28540,42810,57080,266400
USD,53,WANITA,Flexi Cermat,15,5,17844,26766,35688,44610,53532,62454,89220,133830,178440,892200
USD,53,WANITA,Flexi Cermat,,10,9474,14211,18948,23685,28422,33159,47370,71055,94740,473700
USD,53,WANITA,Flexi Cermat,25,5,14161,21242,28322,35403,42483,49564,70000,99128,132170,660850
USD,53,WANITA,Flexi Cermat,,10,7500,11019,14692,18365,22038,25711,36730,55095,70000,342850
USD,53,WANITA,Flexi Cermat,,15,4979,7469,9336,11670,14004,16338,23340,35010,46680,217850
USD,53,WANITA,Flexi Cermat,35,5,11895,17843,23790,29738,35685,41633,59475,83265,111020,555100
USD,53,WANITA,Flexi Cermat,,10,6542,9201,12268,15335,18402,21469,30670,46005,61340,286250
USD,53,WANITA,Flexi Cermat,,15,4259,6389,7986,9983,11979,13976,19965,29948,39930,186350
IDR,54,PRIA,Flexi Amanah,YRT,1,12.7,19.1,25.4,31.8,38.1,44.5,63.5,95.3,127.0,635.0
IDR,54,PRIA,Flexi Amanah,5,5,15.2,22.7,30.3,37.9,45.5,53.1,75.8,113.7,151.6,758.0
IDR,54,PRIA,Flexi Amanah,10,10,17.9,26.8,35.8,44.7,53.7,62.6,89.5,134.2,178.9,894.5
IDR,54,PRIA,Flexi Berkah,56,5,139.0,208.5,278.0,347.5,417.0,486.5,695.1,973.1,1,297.4,6,487.0
IDR,54,PRIA,Flexi Berkah,,10,72.4,101.8,135.8,169.7,203.6,237.6,339.4,509.1,678.8,3,167.5
IDR,54,PRIA,Flexi Berkah,,15,52.4,75.0,98.3,122.8,147.4,172.0,245.7,368.5,491.3,2,293.0
IDR,54,PRIA,Flexi Cermat,15,5,155.0,232.5,310.0,387.6,465.1,542.6,775.1,1,162.7,1,550.2,7,751.0
IDR,54,PRIA,Flexi Cermat,,10,86.7,130.0,173.4,216.7,260.0,303.4,433.4,650.1,866.8,4,334.0
IDR,54,PRIA,Flexi Cermat,25,5,97.2,145.9,194.5,243.1,291.7,340.3,486.2,700.0,907.6,4,538.0
IDR,54,PRIA,Flexi Cermat,,10,57.8,81.3,108.4,135.5,162.6,189.7,271.0,406.5,542.0,2,529.5
IDR,54,PRIA,Flexi Cermat,,15,43.2,64.8,81.0,101.3,121.5,141.8,202.5,303.8,405.0,1,890.0
IDR,54,PRIA,Flexi Cermat,35,5,80.0,119.9,159.9,199.9,239.9,279.9,399.8,599.7,746.3,3,731.5
IDR,54,PRIA,Flexi Cermat,,10,46.4,69.6,87.0,108.8,130.6,152.3,217.6,326.4,435.2,2,031.0
IDR,54,PRIA,Flexi Cermat,,15,34.3,51.5,68.7,80.5,96.6,112.7,161.0,241.4,321.9,1,502.0
USD,54,PRIA,Flexi Amanah,YRT,1,1270,1905,2540,3175,3810,4445,6350,9525,12700,63500
USD,54,PRIA,Flexi Amanah,5,5,1516,2274,3032,3790,4548,5306,7580,11370,15160,75800
USD,54,PRIA,Flexi Amanah,10,10,1789,2684,3578,4473,5367,6262,8945,13418,17890,89450
USD,54,PRIA,Flexi Berkah,56,5,16821,25232,33642,42053,50463,58874,78500,117750,157000,785000
USD,54,PRIA,Flexi Berkah,,10,8761,13142,17522,21903,26283,30664,43805,65708,81770,408850
USD,54,PRIA,Flexi Berkah,,15,6509,9153,12204,15255,18306,21357,30510,45765,61020,284750
USD,54,PRIA,Flexi Cermat,15,5,17923,26885,35846,44808,53769,62731,89615,134423,179230,896150
USD,54,PRIA,Flexi Cermat,,10,9618,14427,19236,24045,28854,33663,48090,72135,96180,480900
USD,54,PRIA,Flexi Cermat,25,5,15165,22748,30330,37913,45495,53078,70770,106155,141540,707700
USD,54,PRIA,Flexi Cermat,,10,7775,11663,15550,19438,23325,27213,38875,58313,72570,362850
USD,54,PRIA,Flexi Cermat,,15,5566,7827,10436,13045,15654,18263,26090,39135,52180,243500
USD,54,PRIA,Flexi Cermat,35,5,13637,20456,27274,34093,40911,47730,68185,95453,127270,636350
USD,54,PRIA,Flexi Cermat,,10,7458,10488,13984,17480,20976,24472,34960,52440,69920,326300
USD,54,PRIA,Flexi Cermat,,15,4874,7311,9140,11425,13710,15995,22850,34275,45700,213250
IDR,54,WANITA,Flexi Amanah,YRT,1,8.8,13.1,17.5,21.9,26.3,30.6,43.8,65.6,87.5,437.5
IDR,54,WANITA,Flexi Amanah,5,5,9.7,14.6,19.4,24.3,29.1,34.0,48.6,72.8,97.1,485.5
IDR,54,WANITA,Flexi Amanah,10,10,11.0,16.5,22.0,27.5,33.0,38.5,55.0,82.5,110.0,550.0
IDR,54,WANITA,Flexi Berkah,56,5,124.3,186.5,248.6,310.8,372.9,435.1,621.5,870.1,1,160.1,5,800.5
IDR,54,WANITA,Flexi Berkah,,10,64.7,91.0,121.4,151.7,182.1,212.4,303.5,455.2,606.9,2,832.0
IDR,54,WANITA,Flexi Berkah,,15,47.2,70.7,88.4,110.5,132.6,154.7,221.1,331.6,442.1,2,063.0
IDR,54,WANITA,Flexi Cermat,15,5,146.7,220.1,293.4,366.8,440.1,513.5,733.5,1,100.3,1,467.0,7,335.0
IDR,54,WANITA,Flexi Cermat,,10,84.2,126.2,168.3,210.4,252.5,294.5,420.8,631.1,841.5,4,207.5
IDR,54,WANITA,Flexi Cermat,25,5,90.0,135.0,179.9,224.9,269.9,314.9,449.9,674.8,839.7,4,198.5
IDR,54,WANITA,Flexi Cermat,,10,52.1,75.0,97.7,122.1,146.6,171.0,244.3,366.4,488.5,2,279.5
IDR,54,WANITA,Flexi Cermat,,15,37.6,56.4,75.0,88.2,105.8,123.4,176.4,264.5,352.7,1,646.0
IDR,54,WANITA,Flexi Cermat,35,5,65.9,92.6,123.5,154.4,185.3,216.2,308.8,463.2,617.6,2,882.5
IDR,54,WANITA,Flexi Cermat,,10,37.5,56.2,75.0,87.9,105.4,123.0,175.7,263.6,351.4,1,640.0
IDR,54,WANITA,Flexi Cermat,,15,26.6,39.8,53.1,66.4,75.0,87.2,124.5,186.8,249.0,1,162.0
USD,54,WANITA,Flexi Amanah,YRT,1,875,1313,1750,2188,2625,3063,4375,6563,8750,43750
USD,54,WANITA,Flexi Amanah,5,5,971,1457,1942,2428,2913,3399,4855,7283,9710,48550
USD,54,WANITA,Flexi Amanah,10,10,1100,1650,2200,2750,3300,3850,5500,8250,11000,55000
USD,54,WANITA,Flexi Berkah,56,5,16019,24029,32038,40048,48057,56067,74755,112133,149510,747550
USD,54,WANITA,Flexi Berkah,,10,8343,12515,16686,20858,25029,29201,41715,62573,77870,389350
USD,54,WANITA,Flexi Berkah,,15,6182,8693,11590,14488,17385,20283,28975,43463,57950,270450
USD,54,WANITA,Flexi Cermat,15,5,17912,26868,35824,44780,53736,62692,89560,134340,179120,895600
USD,54,WANITA,Flexi Cermat,,10,9519,14279,19038,23798,28557,33317,47595,71393,95190,475950
USD,54,WANITA,Flexi Cermat,25,5,14615,21923,29230,36538,43845,51153,70000,102300,136400,682000
USD,54,WANITA,Flexi Cermat,,10,7582,11373,15164,18955,22746,26537,37910,56865,70760,353800
USD,54,WANITA,Flexi Cermat,,15,5474,7698,10264,12830,15396,17962,25660,38490,51320,239500
USD,54,WANITA,Flexi Cermat,35,5,12391,18587,24782,30978,37173,43369,61955,86738,115650,578250
USD,54,WANITA,Flexi Cermat,,10,6822,9594,12792,15990,19188,22386,31980,47970,63960,298500
USD,54,WANITA,Flexi Cermat,,15,4426,6639,8300,10375,12450,14525,20750,31125,41500,193650
IDR,55,PRIA,Flexi Amanah,YRT,1,13.6,20.4,27.2,34.1,40.9,47.7,68.1,102.2,136.2,681.0
IDR,55,PRIA,Flexi Amanah,5,5,16.3,24.5,32.6,40.8,49.0,57.1,81.6,122.4,163.2,816.0
IDR,55,PRIA,Flexi Amanah,10,10,19.5,29.2,38.9,48.6,58.4,68.1,97.3,145.9,194.5,972.5
IDR,55,PRIA,Flexi Berkah,55,5,147.8,221.7,295.7,369.6,443.5,517.4,700.0,1,034.9,1,379.8,6,899.0
IDR,55,PRIA,Flexi Berkah,,10,77.0,115.5,154.0,192.5,231.0,269.5,385.0,577.5,718.6,3,593.0
IDR,55,PRIA,Flexi Berkah,,15,55.9,78.5,104.7,130.9,157.1,183.3,261.8,392.7,523.6,2,443.5
IDR,55,PRIA,Flexi Cermat,15,5,155.9,233.8,311.8,389.7,467.7,545.6,779.5,1,169.2,1,558.9,7,794.5
IDR,55,PRIA,Flexi Cermat,,10,87.4,131.1,174.8,218.5,262.1,305.8,436.9,655.4,873.8,4,369.0
IDR,55,PRIA,Flexi Cermat,25,5,98.8,148.2,197.6,247.0,296.4,345.8,494.1,700.0,922.2,4,611.0
IDR,55,PRIA,Flexi Cermat,,10,58.9,82.8,110.4,138.1,165.7,193.3,276.1,414.2,552.2,2,577.0
IDR,55,PRIA,Flexi Cermat,,15,44.0,66.0,82.5,103.1,123.8,144.4,206.3,309.4,412.5,1,925.0
IDR,55,PRIA,Flexi Cermat,35,5,83.0,124.5,166.0,207.5,249.0,290.5,415.0,622.4,774.6,3,873.0
IDR,55,PRIA,Flexi Cermat,,10,48.3,72.4,90.5,113.1,135.7,158.3,226.2,339.2,452.3,2,111.0
IDR,55,PRIA,Flexi Cermat,,15,35.7,53.5,71.3,83.6,100.3,117.0,167.1,250.7,334.2,1,559.5
USD,55,PRIA,Flexi Amanah,YRT,1,1362,2043,2724,3405,4086,4767,6810,10215,13620,68100
USD,55,PRIA,Flexi Amanah,5,5,1632,2448,3264,4080,4896,5712,8160,12240,16320,81600
USD,55,PRIA,Flexi Amanah,10,10,1945,2918,3890,4863,5835,6808,9725,14588,19450,97250
USD,55,PRIA,Flexi Berkah,55,5,17074,25611,34148,42685,51222,59759,79680,119520,159360,796800
USD,55,PRIA,Flexi Berkah,,10,8893,13340,17786,22233,26679,31126,44465,66698,83000,415000
USD,55,PRIA,Flexi Berkah,,15,6589,9266,12354,15443,18531,21620,30885,46328,61770,288250
USD,55,PRIA,Flexi Cermat,15,5,17992,26988,35984,44980,53976,62972,89960,134940,179920,899600
USD,55,PRIA,Flexi Cermat,,10,9663,14495,19326,24158,28989,33821,48315,72473,96630,483150
USD,55,PRIA,Flexi Cermat,25,5,15634,23451,31268,39085,46902,54719,72960,109440,145920,729600
USD,55,PRIA,Flexi Cermat,,10,8019,12029,16038,20048,24057,28067,40095,60143,74840,374200
USD,55,PRIA,Flexi Cermat,,15,5739,8072,10762,13453,16143,18834,26905,40358,53810,251100
USD,55,PRIA,Flexi Cermat,35,5,14174,21261,28348,35435,42522,49609,70000,99218,132290,661450
USD,55,PRIA,Flexi Cermat,,10,7500,10902,14536,18170,21804,25438,36340,54510,70000,339150
USD,55,PRIA,Flexi Cermat,,15,5417,7617,10156,12695,15234,17773,25390,38085,50780,237000
IDR,55,WANITA,Flexi Amanah,YRT,1,9.4,14.1,18.8,23.5,28.2,32.9,47.1,70.6,94.1,470.5
IDR,55,WANITA,Flexi Amanah,5,5,10.4,15.6,20.8,26.0,31.2,36.4,52.0,78.0,104.0,520.0
IDR,55,WANITA,Flexi Amanah,10,10,11.8,17.7,23.6,29.5,35.3,41.2,58.9,88.4,117.8,589.0
IDR,55,WANITA,Flexi Berkah,55,5,132.1,198.1,264.1,330.1,396.2,462.2,660.3,924.3,1,232.4,6,162.0
IDR,55,WANITA,Flexi Berkah,,10,68.8,96.7,129.0,161.2,193.4,225.7,322.4,483.6,644.8,3,009.0
IDR,55,WANITA,Flexi Berkah,,15,50.4,75.0,94.4,118.0,141.6,165.2,236.1,354.1,472.1,2,203.0
IDR,55,WANITA,Flexi Cermat,15,5,147.5,221.3,295.0,368.8,442.6,516.3,737.6,1,106.4,1,475.2,7,376.0
IDR,55,WANITA,Flexi Cermat,,10,84.8,127.2,169.7,212.1,254.5,296.9,424.2,636.2,848.3,4,241.5
IDR,55,WANITA,Flexi Cermat,25,5,91.0,136.4,181.9,227.4,272.9,318.3,454.8,682.1,848.9,4,244.5
IDR,55,WANITA,Flexi Cermat,,10,53.2,75.0,99.7,124.6,149.6,174.5,249.3,373.9,498.5,2,326.0
IDR,55,WANITA,Flexi Cermat,,15,38.2,57.3,75.0,89.5,107.4,125.3,179.0,268.5,358.0,1,670.5
IDR,55,WANITA,Flexi Cermat,35,5,68.9,96.8,129.1,161.4,193.7,226.0,322.8,484.2,645.6,3,013.0
IDR,55,WANITA,Flexi Cermat,,10,38.8,58.2,75.0,90.9,109.1,127.3,181.8,272.7,363.6,1,697.0
IDR,55,WANITA,Flexi Cermat,,15,27.3,41.0,54.7,68.4,76.9,89.7,128.2,192.3,256.4,1,196.5
USD,55,WANITA,Flexi Amanah,YRT,1,941,1412,1882,2353,2823,3294,4705,7058,9410,47050
USD,55,WANITA,Flexi Amanah,5,5,1040,1560,2080,2600,3120,3640,5200,7800,10400,52000
USD,55,WANITA,Flexi Amanah,10,10,1178,1767,2356,2945,3534,4123,5890,8835,11780,58900
USD,55,WANITA,Flexi Berkah,55,5,16259,24389,32518,40648,48777,56907,75875,113813,151750,758750
USD,55,WANITA,Flexi Berkah,,10,8468,12702,16936,21170,25404,29638,42340,63510,79040,395200
USD,55,WANITA,Flexi Berkah,,15,6274,8823,11764,14705,17646,20587,29410,44115,58820,274500
USD,55,WANITA,Flexi Cermat,15,5,17981,26972,35962,44953,53943,62934,89905,134858,179810,899050
USD,55,WANITA,Flexi Cermat,,10,9563,14345,19126,23908,28689,33471,47815,71723,95630,478150
USD,55,WANITA,Flexi Cermat,25,5,15069,22604,30138,37673,45207,52742,70320,105480,140640,703200
USD,55,WANITA,Flexi Cermat,,10,7817,11726,15634,19543,23451,27360,39085,58628,72950,364750
USD,55,WANITA,Flexi Cermat,,15,5637,7928,10570,13213,15855,18498,26425,39638,52850,246600
USD,55,WANITA,Flexi Cermat,35,5,12887,19331,25774,32218,38661,45105,64435,90203,120270,601350
USD,55,WANITA,Flexi Cermat,,10,7103,9989,13318,16648,19977,23307,33295,49943,66590,310750
USD,55,WANITA,Flexi Cermat,,15,4593,6890,8612,10765,12918,15071,21530,32295,43060,200950
IDR,56,PRIA,Flexi Amanah,YRT,1,15.3,22.9,30.6,38.2,45.8,53.5,76.4,114.6,152.8,764.0
IDR,56,PRIA,Flexi Amanah,5,5,18.4,27.6,36.7,45.9,55.1,64.3,91.9,137.8,183.7,918.5
IDR,56,PRIA,Flexi Amanah,10,10,22.0,33.0,44.0,55.0,65.9,76.9,109.9,164.9,219.8,1,099.0
IDR,56,PRIA,Flexi Berkah,54,5,148.8,223.1,297.5,371.9,446.3,520.7,700.0,1,041.3,1,388.4,6,942.0
IDR,56,PRIA,Flexi Berkah,,10,77.5,116.2,155.0,193.7,232.4,271.2,387.4,581.1,723.1,3,615.5
IDR,56,PRIA,Flexi Berkah,,15,56.1,78.8,105.1,131.4,157.7,183.9,262.8,394.1,525.5,2,452.0
IDR,56,PRIA,Flexi Cermat,15,5,156.8,235.1,313.5,391.9,470.3,548.7,783.8,1,175.7,1,567.6,7,838.0
IDR,56,PRIA,Flexi Cermat,,10,88.1,132.1,176.1,220.2,264.2,308.2,440.4,660.5,880.7,4,403.5
IDR,56,PRIA,Flexi Cermat,25,5,102.3,153.4,204.6,255.7,306.9,358.0,511.5,716.0,954.7,4,773.5
IDR,56,PRIA,Flexi Cermat,,10,60.9,85.6,114.2,142.7,171.2,199.8,285.4,428.1,570.8,2,664.0
IDR,56,PRIA,Flexi Cermat,,15,45.7,68.6,85.7,107.2,128.6,150.0,214.4,321.5,428.7,2,000.5
IDR,56,PRIA,Flexi Cermat,35,5,87.7,131.6,175.4,219.3,263.1,307.0,438.6,657.8,818.6,4,093.0
IDR,56,PRIA,Flexi Cermat,,10,50.6,75.0,94.9,118.6,142.3,166.0,237.2,355.8,474.4,2,214.0
IDR,56,PRIA,Flexi Cermat,,15,37.8,56.7,75.0,88.6,106.3,124.0,177.2,265.7,354.3,1,653.5
USD,56,PRIA,Flexi Amanah,YRT,1,1528,2292,3056,3820,4584,5348,7640,11460,15280,76400
USD,56,PRIA,Flexi Amanah,5,5,1837,2756,3674,4593,5511,6430,9185,13778,18370,91850
USD,56,PRIA,Flexi Amanah,10,10,2198,3297,4396,5495,6594,7693,10990,16485,21980,109900
USD,56,PRIA,Flexi Berkah,54,5,17429,26144,34858,43573,52287,61002,81335,122003,162670,813350
USD,56,PRIA,Flexi Berkah,,10,9077,13616,18154,22693,27231,31770,45385,68078,84720,423600
USD,56,PRIA,Flexi Berkah,,15,6693,9413,12550,15688,18825,21963,31375,47063,62750,292800
USD,56,PRIA,Flexi Cermat,15,5,18060,27090,36120,45150,54180,63210,90300,135450,180600,903000
USD,56,PRIA,Flexi Cermat,,10,9688,14532,19376,24220,29064,33908,48440,72660,96880,484400
USD,56,PRIA,Flexi Cermat,25,5,15809,23714,31618,39523,47427,55332,73775,110663,147550,737750
USD,56,PRIA,Flexi Cermat,,10,8110,12165,16220,20275,24330,28385,40550,60825,75690,378450
USD,56,PRIA,Flexi Cermat,,15,5842,8216,10954,13693,16431,19170,27385,41078,54770,255600
USD,56,PRIA,Flexi Cermat,35,5,14609,21914,29218,36523,43827,51132,70000,102263,136350,681750
USD,56,PRIA,Flexi Cermat,,10,7500,11241,14988,18735,22482,26229,37470,56205,70000,349700
USD,56,PRIA,Flexi Cermat,,15,5567,7829,10438,13048,15657,18267,26095,39143,52190,243550
IDR,56,WANITA,Flexi Amanah,YRT,1,10.1,15.1,20.1,25.2,30.2,35.2,50.4,75.5,100.7,503.5
IDR,56,WANITA,Flexi Amanah,5,5,11.4,17.1,22.8,28.5,34.1,39.8,56.9,85.4,113.8,569.0
IDR,56,WANITA,Flexi Amanah,10,10,13.1,19.7,26.2,32.8,39.3,45.9,65.5,98.3,131.0,655.0
IDR,56,WANITA,Flexi Berkah,54,5,133.3,199.9,266.6,333.2,399.8,466.5,666.4,932.9,1,243.9,6,219.5
IDR,56,WANITA,Flexi Berkah,,10,69.4,97.6,130.2,162.7,195.2,227.8,325.4,488.1,650.8,3,037.0
IDR,56,WANITA,Flexi Berkah,,15,50.5,75.0,94.6,118.3,142.0,165.6,236.6,354.9,473.2,2,208.0
IDR,56,WANITA,Flexi Cermat,15,5,148.3,222.5,296.7,370.9,445.0,519.2,741.7,1,112.6,1,483.4,7,417.0
IDR,56,WANITA,Flexi Cermat,,10,85.5,128.3,171.0,213.8,256.5,299.3,427.6,641.3,855.1,4,275.5
IDR,56,WANITA,Flexi Cermat,25,5,92.5,138.7,184.9,231.1,277.4,323.6,462.3,693.4,862.9,4,314.5
IDR,56,WANITA,Flexi Cermat,,10,54.0,75.9,101.2,126.5,151.8,177.1,253.0,379.4,505.9,2,361.0
IDR,56,WANITA,Flexi Cermat,,15,38.8,58.3,75.0,91.0,109.2,127.4,182.1,273.1,364.1,1,699.5
IDR,56,WANITA,Flexi Cermat,35,5,71.8,101.0,134.7,168.4,202.1,235.7,336.8,505.1,673.5,3,143.0
IDR,56,WANITA,Flexi Cermat,,10,40.7,61.0,76.2,95.3,114.3,133.4,190.6,285.8,381.1,1,778.5
IDR,56,WANITA,Flexi Cermat,,15,28.6,42.9,57.2,71.5,80.4,93.8,134.1,201.1,268.1,1,251.0
USD,56,WANITA,Flexi Amanah,YRT,1,1007,1511,2014,2518,3021,3525,5035,7553,10070,50350
USD,56,WANITA,Flexi Amanah,5,5,1138,1707,2276,2845,3414,3983,5690,8535,11380,56900
USD,56,WANITA,Flexi Amanah,10,10,1310,1965,2620,3275,3930,4585,6550,9825,13100,65500
USD,56,WANITA,Flexi Berkah,54,5,16596,24894,33192,41490,49788,58086,77450,116175,154900,774500
USD,56,WANITA,Flexi Berkah,,10,8644,12966,17288,21610,25932,30254,43220,64830,80680,403400
USD,56,WANITA,Flexi Berkah,,15,6404,9006,12008,15010,18012,21014,30020,45030,60040,280200
USD,56,WANITA,Flexi Cermat,15,5,18049,27074,36098,45123,54147,63172,90245,135368,180490,902450
USD,56,WANITA,Flexi Cermat,,10,9588,14382,19176,23970,28764,33558,47940,71910,95880,479400
USD,56,WANITA,Flexi Cermat,25,5,15264,22896,30528,38160,45792,53424,71230,106845,142460,712300
USD,56,WANITA,Flexi Cermat,,10,7918,11877,15836,19795,23754,27713,39590,59385,73900,369500
USD,56,WANITA,Flexi Cermat,,15,5710,8031,10708,13385,16062,18739,26770,40155,53540,249850
USD,56,WANITA,Flexi Cermat,35,5,13463,20195,26926,33658,40389,47121,67315,94238,125650,628250
USD,56,WANITA,Flexi Cermat,,10,7414,10425,13900,17375,20850,24325,34750,52125,69500,324350
USD,56,WANITA,Flexi Cermat,,15,4792,7188,8986,11233,13479,15726,22465,33698,44930,209650
IDR,57,PRIA,Flexi Amanah,YRT,1,17.0,25.4,33.9,42.4,50.9,59.3,84.8,127.1,169.5,847.5
IDR,57,PRIA,Flexi Amanah,5,5,20.4,30.6,40.8,51.0,61.2,71.4,102.1,153.1,204.1,1,020.5
IDR,57,PRIA,Flexi Amanah,10,10,24.5,36.8,49.0,61.3,73.5,85.8,122.6,183.8,245.1,1,225.5
IDR,57,PRIA,Flexi Berkah,53,5,149.7,224.5,299.4,374.2,449.0,523.9,700.0,1,047.8,1,397.0,6,985.0
IDR,57,PRIA,Flexi Berkah,,10,78.0,116.9,155.9,194.9,233.9,272.9,389.8,584.7,727.6,3,638.0
IDR,57,PRIA,Flexi Berkah,,15,56.2,79.1,105.5,131.8,158.2,184.6,263.7,395.5,527.3,2,460.5
IDR,57,PRIA,Flexi Cermat,15,5,157.6,236.4,315.2,394.1,472.9,551.7,788.1,1,182.2,1,576.2,7,881.0
IDR,57,PRIA,Flexi Cermat,,10,88.8,133.2,177.5,221.9,266.3,310.7,443.9,665.8,887.7,4,438.5
IDR,57,PRIA,Flexi Cermat,25,5,105.8,158.7,211.6,264.5,317.3,370.2,528.9,740.5,987.3,4,936.5
IDR,57,PRIA,Flexi Cermat,,10,62.9,88.4,117.9,147.4,176.8,206.3,294.7,442.1,589.4,2,750.5
IDR,57,PRIA,Flexi Cermat,,15,47.5,71.2,89.0,111.3,133.5,155.8,222.5,333.8,445.0,2,076.5
IDR,57,PRIA,Flexi Cermat,35,5,91.9,137.9,183.8,229.8,275.7,321.7,459.6,689.3,857.8,4,289.0
IDR,57,PRIA,Flexi Cermat,,10,53.0,75.0,99.4,124.3,149.1,174.0,248.5,372.8,497.0,2,319.0
IDR,57,PRIA,Flexi Cermat,,15,39.7,59.6,75.0,93.1,111.7,130.3,186.2,279.2,372.3,1,737.5
USD,57,PRIA,Flexi Amanah,YRT,1,1695,2543,3390,4238,5085,5933,8475,12713,16950,84750
USD,57,PRIA,Flexi Amanah,5,5,2041,3062,4082,5103,6123,7144,10205,15308,20410,102050
USD,57,PRIA,Flexi Amanah,10,10,2451,3677,4902,6128,7353,8579,12255,18383,24510,122550
USD,57,PRIA,Flexi Berkah,53,5,17784,26676,35568,44460,53352,62244,82990,124485,165980,829900
USD,57,PRIA,Flexi Berkah,,10,9263,13895,18526,23158,27789,32421,46315,69473,86450,432250
USD,57,PRIA,Flexi Berkah,,15,6797,9558,12744,15930,19116,22302,31860,47790,63720,297350
USD,57,PRIA,Flexi Cermat,15,5,18128,27192,36256,45320,54384,63448,90640,135960,181280,906400
USD,57,PRIA,Flexi Cermat,,10,9712,14568,19424,24280,29136,33992,48560,72840,97120,485600
USD,57,PRIA,Flexi Cermat,25,5,15983,23975,31966,39958,47949,55941,74585,111878,149170,745850
USD,57,PRIA,Flexi Cermat,,10,8201,12302,16402,20503,24603,28704,41005,61508,76550,382750
USD,57,PRIA,Flexi Cermat,,15,5946,8363,11150,13938,16725,19513,27875,41813,55750,260150
USD,57,PRIA,Flexi Cermat,35,5,15044,22566,30088,37610,45132,52654,70205,105308,140410,702050
USD,57,PRIA,Flexi Cermat,,10,7721,11582,15442,19303,23163,27024,38605,57908,72060,360300
USD,57,PRIA,Flexi Cermat,,15,5718,8040,10720,13400,16080,18760,26800,40200,53600,250150
IDR,57,WANITA,Flexi Amanah,YRT,1,10.7,16.1,21.5,26.9,32.2,37.6,53.7,80.6,107.4,537.0
IDR,57,WANITA,Flexi Amanah,5,5,12.4,18.5,24.7,30.9,37.1,43.3,61.8,92.7,123.6,618.0
IDR,57,WANITA,Flexi Amanah,10,10,14.4,21.6,28.9,36.1,43.3,50.5,72.2,108.2,144.3,721.5
IDR,57,WANITA,Flexi Berkah,53,5,134.5,201.8,269.0,336.3,403.5,470.8,672.6,941.6,1,255.4,6,277.0
IDR,57,WANITA,Flexi Berkah,,10,70.1,98.5,131.4,164.2,197.0,229.9,328.4,492.6,656.8,3,065.0
IDR,57,WANITA,Flexi Berkah,,15,50.6,75.0,94.9,118.6,142.3,166.0,237.2,355.8,474.4,2,214.0
IDR,57,WANITA,Flexi Cermat,15,5,149.2,223.8,298.3,372.9,447.5,522.1,745.9,1,118.8,1,491.7,7,458.5
IDR,57,WANITA,Flexi Cermat,,10,86.2,129.3,172.4,215.5,258.5,301.6,430.9,646.4,861.8,4,309.0
IDR,57,WANITA,Flexi Cermat,25,5,94.0,140.9,187.9,234.9,281.9,328.8,469.8,700.0,876.9,4,384.5
IDR,57,WANITA,Flexi Cermat,,10,54.8,77.0,102.7,128.3,154.0,179.7,256.7,385.0,513.3,2,395.5
IDR,57,WANITA,Flexi Cermat,,15,39.5,59.3,75.0,92.6,111.1,129.6,185.2,277.7,370.3,1,728.0
IDR,57,WANITA,Flexi Cermat,35,5,74.6,104.9,139.8,174.8,209.8,244.7,349.6,524.4,699.2,3,263.0
IDR,57,WANITA,Flexi Cermat,,10,42.3,63.5,79.3,99.2,119.0,138.8,198.3,297.5,396.6,1,851.0
IDR,57,WANITA,Flexi Cermat,,15,29.8,44.7,59.5,74.4,83.7,97.7,139.6,209.3,279.1,1,302.5
USD,57,WANITA,Flexi Amanah,YRT,1,1074,1611,2148,2685,3222,3759,5370,8055,10740,53700
USD,57,WANITA,Flexi Amanah,5,5,1236,1854,2472,3090,3708,4326,6180,9270,12360,61800
USD,57,WANITA,Flexi Amanah,10,10,1443,2165,2886,3608,4329,5051,7215,10823,14430,72150
USD,57,WANITA,Flexi Berkah,53,5,16934,25401,33868,42335,50802,59269,79025,118538,158050,790250
USD,57,WANITA,Flexi Berkah,,10,8819,13229,17638,22048,26457,30867,44095,66143,82310,411550
USD,57,WANITA,Flexi Berkah,,15,6533,9188,12250,15313,18375,21438,30625,45938,61250,285800
USD,57,WANITA,Flexi Cermat,15,5,18117,27176,36234,45293,54351,63410,90585,135878,181170,905850
USD,57,WANITA,Flexi Cermat,,10,9613,14420,19226,24033,28839,33646,48065,72098,96130,480650
USD,57,WANITA,Flexi Cermat,25,5,15458,23187,30916,38645,46374,54103,72140,108210,144280,721400
USD,57,WANITA,Flexi Cermat,,10,8018,12027,16036,20045,24054,28063,40090,60135,74840,374200
USD,57,WANITA,Flexi Cermat,,15,5783,8133,10844,13555,16266,18977,27110,40665,54220,253000
USD,57,WANITA,Flexi Cermat,35,5,14039,21059,28078,35098,42117,49137,70000,98273,131030,655150
USD,57,WANITA,Flexi Cermat,,10,7500,10862,14482,18103,21723,25344,36205,54308,70000,337900
USD,57,WANITA,Flexi Cermat,,15,4991,7487,9358,11698,14037,16377,23395,35093,46790,218350
IDR,58,PRIA,Flexi Amanah,YRT,1,18.6,27.9,37.2,46.5,55.8,65.1,93.1,139.6,186.1,930.5
IDR,58,PRIA,Flexi Amanah,5,5,22.5,33.7,44.9,56.1,67.4,78.6,112.3,168.4,224.5,1,122.5
IDR,58,PRIA,Flexi Amanah,10,10,27.0,40.6,54.1,67.6,81.1,94.6,135.2,202.8,270.4,1,352.0
IDR,58,PRIA,Flexi Berkah,52,5,150.6,225.9,301.2,376.5,451.8,527.1,702.8,1,054.2,1,405.6,7,028.0
IDR,58,PRIA,Flexi Berkah,,10,78.4,117.7,156.9,196.1,235.3,274.5,392.2,588.3,732.1,3,660.5
IDR,58,PRIA,Flexi Berkah,,15,56.4,79.4,105.8,132.3,158.7,185.2,264.6,396.8,529.1,2,469.0
IDR,58,PRIA,Flexi Cermat,15,5,158.5,237.7,317.0,396.2,475.5,554.7,792.5,1,188.7,1,584.9,7,924.5
IDR,58,PRIA,Flexi Cermat,,10,89.5,134.2,178.9,223.7,268.4,313.1,447.4,671.0,894.7,4,473.5
IDR,58,PRIA,Flexi Cermat,25,5,109.3,163.9,218.5,273.2,327.8,382.4,546.3,764.9,1,019.8,5,099.0
IDR,58,PRIA,Flexi Cermat,,10,64.8,91.2,121.6,152.0,182.4,212.8,304.0,455.9,607.9,2,837.0
IDR,58,PRIA,Flexi Cermat,,15,49.2,73.8,92.2,115.3,138.4,161.4,230.6,345.9,461.2,2,152.0
IDR,58,PRIA,Flexi Cermat,35,5,96.4,144.5,192.7,240.9,289.1,337.3,481.8,700.0,899.4,4,497.0
IDR,58,PRIA,Flexi Cermat,,10,55.3,77.8,103.8,129.7,155.6,181.6,259.4,389.1,518.8,2,421.0
IDR,58,PRIA,Flexi Cermat,,15,41.9,62.8,78.5,98.2,117.8,137.4,196.3,294.5,392.6,1,832.0
USD,58,PRIA,Flexi Amanah,YRT,1,1861,2792,3722,4653,5583,6514,9305,13958,18610,93050
USD,58,PRIA,Flexi Amanah,5,5,2245,3368,4490,5613,6735,7858,11225,16838,22450,112250
USD,58,PRIA,Flexi Amanah,10,10,2704,4056,5408,6760,8112,9464,13520,20280,27040,135200
USD,58,PRIA,Flexi Berkah,52,5,18139,27209,36278,45348,54417,63487,84650,126975,169300,846500
USD,58,PRIA,Flexi Berkah,,10,9448,14172,18896,23620,28344,33068,47240,70000,88180,440900
USD,58,PRIA,Flexi Berkah,,15,6901,9705,12940,16175,19410,22645,32350,48525,64700,301900
USD,58,PRIA,Flexi Cermat,15,5,18197,27296,36394,45493,54591,63690,90985,136478,181970,909850
USD,58,PRIA,Flexi Cermat,,10,9736,14604,19472,24340,29208,34076,48680,73020,97360,486800
USD,58,PRIA,Flexi Cermat,25,5,16157,24236,32314,40393,48471,56550,75400,113100,150800,754000
USD,58,PRIA,Flexi Cermat,,10,8293,12440,16586,20733,24879,29026,41465,62198,77400,387000
USD,58,PRIA,Flexi Cermat,,15,6050,8508,11344,14180,17016,19852,28360,42540,56720,264650
USD,58,PRIA,Flexi Cermat,35,5,15479,23219,30958,38698,46437,54177,72235,108353,144470,722350
USD,58,PRIA,Flexi Cermat,,10,7947,11921,15894,19868,23841,27815,39735,59603,74170,370850
USD,58,PRIA,Flexi Cermat,,15,5867,8252,11002,13753,16503,19254,27505,41258,55010,256700
IDR,58,WANITA,Flexi Amanah,YRT,1,11.4,17.1,22.8,28.5,34.2,39.9,57.0,85.5,114.0,570.0
IDR,58,WANITA,Flexi Amanah,5,5,13.3,20.0,26.7,33.4,40.0,46.7,66.7,100.1,133.4,667.0
IDR,58,WANITA,Flexi Amanah,10,10,15.8,23.6,31.5,39.4,47.3,55.2,78.8,118.2,157.6,788.0
IDR,58,WANITA,Flexi Berkah,52,5,135.7,203.6,271.5,339.4,407.2,475.1,678.7,950.2,1,266.9,6,334.5
IDR,58,WANITA,Flexi Berkah,,10,70.7,99.4,132.6,165.7,198.8,232.0,331.4,497.1,662.8,3,093.0
IDR,58,WANITA,Flexi Berkah,,15,50.7,75.0,95.1,118.9,142.7,166.5,237.8,356.7,475.6,2,219.5
IDR,58,WANITA,Flexi Cermat,15,5,150.0,225.0,300.0,375.0,450.0,525.0,750.0,1,124.9,1,499.9,7,499.5
IDR,58,WANITA,Flexi Cermat,,10,86.9,130.3,173.7,217.2,260.6,304.0,434.3,651.5,868.6,4,343.0
IDR,58,WANITA,Flexi Cermat,25,5,95.5,143.2,190.9,238.6,286.4,334.1,477.3,700.0,890.8,4,454.0
IDR,58,WANITA,Flexi Cermat,,10,55.5,78.1,104.1,130.2,156.2,182.2,260.4,390.5,520.7,2,430.0
IDR,58,WANITA,Flexi Cermat,,15,40.2,60.2,75.3,94.1,112.9,131.7,188.2,282.3,376.4,1,756.5
IDR,58,WANITA,Flexi Cermat,35,5,77.7,116.6,155.4,194.3,233.1,272.0,388.6,582.8,725.3,3,626.5
IDR,58,WANITA,Flexi Cermat,,10,44.1,66.1,82.6,103.3,123.9,144.6,206.5,309.8,413.0,1,927.5
IDR,58,WANITA,Flexi Cermat,,15,31.0,46.5,62.0,75.0,87.2,101.8,145.4,218.1,290.8,1,357.0
USD,58,WANITA,Flexi Amanah,YRT,1,1140,1710,2280,2850,3420,3990,5700,8550,11400,57000
USD,58,WANITA,Flexi Amanah,5,5,1334,2001,2668,3335,4002,4669,6670,10005,13340,66700
USD,58,WANITA,Flexi Amanah,10,10,1576,2364,3152,3940,4728,5516,7880,11820,15760,78800
USD,58,WANITA,Flexi Berkah,52,5,17270,25905,34540,43175,51810,60445,80595,120893,161190,805950
USD,58,WANITA,Flexi Berkah,,10,8995,13493,17990,22488,26985,31483,44975,67463,83950,419750
USD,58,WANITA,Flexi Berkah,,15,6662,9368,12490,15613,18735,21858,31225,46838,62450,291450
USD,58,WANITA,Flexi Cermat,15,5,18185,27278,36370,45463,54555,63648,90925,136388,181850,909250
USD,58,WANITA,Flexi Cermat,,10,9637,14456,19274,24093,28911,33730,48185,72278,96370,481850
USD,58,WANITA,Flexi Cermat,25,5,15653,23480,31306,39133,46959,54786,73050,109575,146100,730500
USD,58,WANITA,Flexi Cermat,,10,8120,12180,16240,20300,24360,28420,40600,60900,75780,378900
USD,58,WANITA,Flexi Cermat,,15,5856,8235,10980,13725,16470,19215,27450,41175,54900,256200
USD,58,WANITA,Flexi Cermat,35,5,14615,21923,29230,36538,43845,51153,70000,102308,136410,682050
USD,58,WANITA,Flexi Cermat,,10,7532,11298,15064,18830,22596,26362,37660,56490,70290,351450
USD,58,WANITA,Flexi Cermat,,15,5537,7787,10382,12978,15573,18169,25955,38933,51910,242250
IDR,59,PRIA,Flexi Amanah,YRT,1,20.3,30.4,40.6,50.7,60.8,71.0,101.4,152.1,202.8,1,014.0
IDR,59,PRIA,Flexi Amanah,5,5,24.5,36.8,49.0,61.3,73.5,85.8,122.5,183.8,245.0,1,225.0
IDR,59,PRIA,Flexi Amanah,10,10,29.6,44.4,59.2,74.0,88.7,103.5,147.9,221.9,295.8,1,479.0
IDR,59,PRIA,Flexi Berkah,51,5,151.5,227.3,303.0,378.8,454.6,530.3,707.1,1,060.7,1,414.2,7,071.0
IDR,59,PRIA,Flexi Berkah,,10,78.9,118.4,157.8,197.3,236.8,276.2,394.6,591.9,736.6,3,683.0
IDR,59,PRIA,Flexi Berkah,,15,56.6,79.6,106.2,132.7,159.3,185.8,265.5,398.2,530.9,2,477.5
IDR,59,PRIA,Flexi Cermat,15,5,159.4,239.0,318.7,398.4,478.1,557.8,796.8,1,195.2,1,593.6,7,968.0
IDR,59,PRIA,Flexi Cermat,,10,90.2,135.2,180.3,225.4,270.5,315.6,450.8,676.2,901.6,4,508.0
IDR,59,PRIA,Flexi Cermat,25,5,112.8,169.1,225.5,281.9,338.3,394.6,563.8,789.2,1,052.3,5,261.5
IDR,59,PRIA,Flexi Cermat,,10,66.8,94.0,125.3,156.6,187.9,219.2,313.2,469.8,626.4,2,923.0
IDR,59,PRIA,Flexi Cermat,,15,50.9,75.0,95.5,119.4,143.3,167.1,238.8,358.1,477.5,2,228.0
IDR,59,PRIA,Flexi Cermat,35,5,101.2,151.9,202.5,253.1,303.7,354.3,506.2,708.7,944.9,4,724.5
IDR,59,PRIA,Flexi Cermat,,10,58.3,82.0,109.4,136.7,164.0,191.4,273.4,410.1,546.8,2,551.5
IDR,59,PRIA,Flexi Cermat,,15,44.3,66.5,83.1,103.9,124.7,145.4,207.8,311.6,415.5,1,939.0
USD,59,PRIA,Flexi Amanah,YRT,1,2028,3042,4056,5070,6084,7098,10140,15210,20280,101400
USD,59,PRIA,Flexi Amanah,5,5,2450,3675,4900,6125,7350,8575,12250,18375,24500,122500
USD,59,PRIA,Flexi Amanah,10,10,2958,4437,5916,7395,8874,10353,14790,22185,29580,147900
USD,59,PRIA,Flexi Berkah,51,5,18494,27741,36988,46235,55482,64729,86305,129458,172610,863050
USD,59,PRIA,Flexi Berkah,,10,9632,14448,19264,24080,28896,33712,48160,70000,89900,449500
USD,59,PRIA,Flexi Berkah,,15,7005,9851,13134,16418,19701,22985,32835,49253,65670,306450
USD,59,PRIA,Flexi Cermat,15,5,18265,27398,36530,45663,54795,63928,91325,136988,182650,913250
USD,59,PRIA,Flexi Cermat,,10,9761,14642,19522,24403,29283,34164,48805,73208,97610,488050
USD,59,PRIA,Flexi Cermat,25,5,16332,24498,32664,40830,48996,57162,76215,114323,152430,762150
USD,59,PRIA,Flexi Cermat,,10,8384,12576,16768,20960,25152,29344,41920,62880,78250,391250
USD,59,PRIA,Flexi Cermat,,15,6153,8652,11536,14420,17304,20188,28840,43260,57680,269200
USD,59,PRIA,Flexi Cermat,35,5,15914,23871,31828,39785,47742,55699,74265,111398,148530,742650
USD,59,PRIA,Flexi Cermat,,10,8174,12261,16348,20435,24522,28609,40870,61305,76290,381450
USD,59,PRIA,Flexi Cermat,,15,6018,8463,11284,14105,16926,19747,28210,42315,56420,263250
IDR,59,WANITA,Flexi Amanah,YRT,1,12.1,18.1,24.1,30.2,36.2,42.2,60.3,90.5,120.6,603.0
IDR,59,WANITA,Flexi Amanah,5,5,14.3,21.5,28.6,35.8,43.0,50.1,71.6,107.4,143.2,716.0
IDR,59,WANITA,Flexi Amanah,10,10,17.1,25.6,34.2,42.7,51.2,59.8,85.4,128.1,170.8,854.0
IDR,59,WANITA,Flexi Berkah,51,5,137.0,205.5,273.9,342.4,410.9,479.4,684.9,958.8,1,278.4,6,392.0
IDR,59,WANITA,Flexi Berkah,,10,71.3,100.3,133.8,167.2,200.6,234.1,334.4,501.6,668.8,3,121.0
IDR,59,WANITA,Flexi Berkah,,15,50.9,75.0,95.3,119.2,143.0,166.8,238.4,357.5,476.7,2,224.5
IDR,59,WANITA,Flexi Cermat,15,5,150.8,226.2,301.6,377.0,452.4,527.8,754.1,1,131.1,1,508.1,7,540.5
IDR,59,WANITA,Flexi Cermat,,10,87.5,131.3,175.1,218.9,262.6,306.4,437.7,656.6,875.4,4,377.0
IDR,59,WANITA,Flexi Cermat,25,5,97.0,145.4,193.9,242.4,290.9,339.3,484.8,700.0,904.8,4,524.0
IDR,59,WANITA,Flexi Cermat,,10,56.3,79.2,105.6,132.1,158.5,184.9,264.1,396.2,528.2,2,464.5
IDR,59,WANITA,Flexi Cermat,,15,40.8,61.2,76.5,95.7,114.8,133.9,191.3,287.0,382.6,1,785.5
IDR,59,WANITA,Flexi Cermat,35,5,82.1,123.2,164.2,205.3,246.3,287.4,410.5,615.8,766.2,3,831.0
IDR,59,WANITA,Flexi Cermat,,10,46.2,69.3,86.6,108.3,129.9,151.6,216.6,324.8,433.1,2,021.5
IDR,59,WANITA,Flexi Cermat,,15,32.3,48.5,64.7,75.8,90.9,106.1,151.6,227.3,303.1,1,414.5
USD,59,WANITA,Flexi Amanah,YRT,1,1206,1809,2412,3015,3618,4221,6030,9045,12060,60300
USD,59,WANITA,Flexi Amanah,5,5,1432,2148,2864,3580,4296,5012,7160,10740,14320,71600
USD,59,WANITA,Flexi Amanah,10,10,1708,2562,3416,4270,5124,5978,8540,12810,17080,85400
USD,59,WANITA,Flexi Berkah,51,5,17607,26411,35214,44018,52821,61625,82165,123248,164330,821650
USD,59,WANITA,Flexi Berkah,,10,9170,13755,18340,22925,27510,32095,45850,68775,85590,427950
USD,59,WANITA,Flexi Berkah,,15,6790,9549,12732,15915,19098,22281,31830,47745,63660,297100
USD,59,WANITA,Flexi Cermat,15,5,18254,27381,36508,45635,54762,63889,91270,136905,182540,912700
USD,59,WANITA,Flexi Cermat,,10,9662,14493,19324,24155,28986,33817,48310,72465,96620,483100
USD,59,WANITA,Flexi Cermat,25,5,15848,23772,31696,39620,47544,55468,73955,110933,147910,739550
USD,59,WANITA,Flexi Cermat,,10,8221,12332,16442,20553,24663,28774,41105,61658,76730,383650
USD,59,WANITA,Flexi Cermat,,15,5930,8339,11118,13898,16677,19457,27795,41693,55590,259400
USD,59,WANITA,Flexi Cermat,35,5,15192,22788,30384,37980,45576,53172,70895,106343,141790,708950
USD,59,WANITA,Flexi Cermat,,10,7822,11733,15644,19555,23466,27377,39110,58665,73000,365000
USD,59,WANITA,Flexi Cermat,,15,5750,8085,10780,13475,16170,18865,26950,40425,53900,251550
IDR,60,PRIA,Flexi Amanah,YRT,1,21.9,32.9,43.9,54.9,65.8,76.8,109.7,164.6,219.4,1,097.0
IDR,60,PRIA,Flexi Amanah,5,5,26.5,39.8,53.1,66.4,79.6,92.9,132.7,199.1,265.4,1,327.0
IDR,60,PRIA,Flexi Amanah,10,10,32.1,48.2,64.2,80.3,96.3,112.4,160.6,240.8,321.1,1,605.5
IDR,60,PRIA,Flexi Berkah,50,5,152.5,228.7,304.9,381.1,457.4,533.6,711.4,1,067.1,1,422.8,7,114.0
IDR,60,PRIA,Flexi Berkah,,10,79.4,119.1,158.8,198.5,238.2,277.9,397.0,595.5,741.1,3,705.5
IDR,60,PRIA,Flexi Berkah,,15,56.8,79.9,106.5,133.2,159.8,186.4,266.4,399.5,532.7,2,486.0
IDR,60,PRIA,Flexi Cermat,15,5,160.2,240.3,320.5,400.6,480.7,560.8,801.2,1,201.7,1,602.3,8,011.5
IDR,60,PRIA,Flexi Cermat,,10,90.9,136.3,181.7,227.2,272.6,318.0,454.3,681.5,908.6,4,543.0
IDR,60,PRIA,Flexi Cermat,25,5,116.2,174.4,232.5,290.6,348.7,406.8,581.2,813.7,1,084.9,5,424.5
IDR,60,PRIA,Flexi Cermat,,10,68.8,96.8,129.0,161.3,193.5,225.8,322.5,483.8,645.0,3,010.0
IDR,60,PRIA,Flexi Cermat,,15,52.7,75.0,98.7,123.4,148.1,172.8,246.9,370.3,493.7,2,303.5
IDR,60,PRIA,Flexi Cermat,35,5,106.6,159.8,213.1,266.4,319.7,372.9,532.8,745.9,994.5,4,972.5
IDR,60,PRIA,Flexi Cermat,,10,62.0,87.2,116.2,145.3,174.3,203.4,290.5,435.8,581.0,2,711.0
IDR,60,PRIA,Flexi Cermat,,15,46.8,70.2,87.8,109.7,131.6,153.6,219.4,329.1,438.8,2,047.5
USD,60,PRIA,Flexi Amanah,YRT,1,2194,3291,4388,5485,6582,7679,10970,16455,21940,109700
USD,60,PRIA,Flexi Amanah,5,5,2654,3981,5308,6635,7962,9289,13270,19905,26540,132700
USD,60,PRIA,Flexi Amanah,10,10,3211,4817,6422,8028,9633,11239,16055,24083,32110,160550
USD,60,PRIA,Flexi Berkah,50,5,18849,28274,37698,47123,56547,65972,87960,131940,175920,879600
USD,60,PRIA,Flexi Berkah,,10,9818,14727,19636,24545,29454,34363,49090,70000,91630,458150
USD,60,PRIA,Flexi Berkah,,15,7108,9996,13328,16660,19992,23324,33320,49980,66640,311000
USD,60,PRIA,Flexi Cermat,15,5,18333,27500,36666,45833,54999,64166,91665,137498,183330,916650
USD,60,PRIA,Flexi Cermat,,10,9785,14678,19570,24463,29355,34248,48925,73388,97850,489250
USD,60,PRIA,Flexi Cermat,25,5,16506,24759,33012,41265,49518,57771,77030,115545,154060,770300
USD,60,PRIA,Flexi Cermat,,10,8475,12713,16950,21188,25425,29663,42375,63563,79100,395500
USD,60,PRIA,Flexi Cermat,,15,6257,8799,11732,14665,17598,20531,29330,43995,58660,273750
USD,60,PRIA,Flexi Cermat,35,5,16348,24522,32696,40870,49044,57218,76290,114435,152580,762900
USD,60,PRIA,Flexi Cermat,,10,8400,12600,16800,21000,25200,29400,42000,63000,78400,392000
USD,60,PRIA,Flexi Cermat,,15,6168,8675,11566,14458,17349,20241,28915,43373,57830,269850
IDR,60,WANITA,Flexi Amanah,YRT,1,12.7,19.1,25.4,31.8,38.2,44.5,63.6,95.4,127.2,636.0
IDR,60,WANITA,Flexi Amanah,5,5,15.3,23.0,30.6,38.3,45.9,53.6,76.5,114.8,153.0,765.0
IDR,60,WANITA,Flexi Amanah,10,10,18.4,27.6,36.8,46.0,55.2,64.4,92.1,138.1,184.1,920.5
IDR,60,WANITA,Flexi Berkah,50,5,138.2,207.3,276.4,345.5,414.6,483.7,691.0,967.4,1,289.9,6,449.5
IDR,60,WANITA,Flexi Berkah,,10,72.0,101.2,135.0,168.7,202.4,236.2,337.4,506.1,674.8,3,149.0
IDR,60,WANITA,Flexi Berkah,,15,51.0,75.0,95.6,119.5,143.4,167.3,239.0,358.4,477.9,2,230.0
IDR,60,WANITA,Flexi Cermat,15,5,151.6,227.4,303.3,379.1,454.9,530.7,758.2,1,137.2,1,516.3,7,581.5
IDR,60,WANITA,Flexi Cermat,,10,88.2,132.3,176.4,220.5,264.6,308.7,441.1,661.6,882.1,4,410.5
IDR,60,WANITA,Flexi Cermat,25,5,98.4,147.7,196.9,246.1,295.3,344.5,492.2,700.0,918.8,4,594.0
IDR,60,WANITA,Flexi Cermat,,10,57.1,80.4,107.1,133.9,160.7,187.5,267.9,401.8,535.7,2,499.5
IDR,60,WANITA,Flexi Cermat,,15,41.5,62.2,77.7,97.2,116.6,136.0,194.4,291.5,388.7,1,814.0
IDR,60,WANITA,Flexi Cermat,35,5,86.3,129.5,172.6,215.8,259.0,302.1,431.6,647.4,805.6,4,028.0
IDR,60,WANITA,Flexi Cermat,,10,48.1,72.1,90.2,112.7,135.2,157.8,225.4,338.1,450.8,2,104.0
IDR,60,WANITA,Flexi Cermat,,15,33.6,50.4,67.2,78.7,94.4,110.2,157.4,236.1,314.8,1,469.0
USD,60,WANITA,Flexi Amanah,YRT,1,1272,1908,2544,3180,3816,4452,6360,9540,12720,63600
USD,60,WANITA,Flexi Amanah,5,5,1530,2295,3060,3825,4590,5355,7650,11475,15300,76500
USD,60,WANITA,Flexi Amanah,10,10,1841,2762,3682,4603,5523,6444,9205,13808,18410,92050
USD,60,WANITA,Flexi Berkah,50,5,17944,26916,35888,44860,53832,62804,83740,125610,167480,837400
USD,60,WANITA,Flexi Berkah,,10,9346,14019,18692,23365,28038,32711,46730,70000,87230,436150
USD,60,WANITA,Flexi Berkah,,15,6920,9732,12976,16220,19464,22708,32440,48660,64880,302750
USD,60,WANITA,Flexi Cermat,15,5,18322,27483,36644,45805,54966,64127,91610,137415,183220,916100
USD,60,WANITA,Flexi Cermat,,10,9687,14531,19374,24218,29061,33905,48435,72653,96870,484350
USD,60,WANITA,Flexi Cermat,25,5,16043,24065,32086,40108,48129,56151,74865,112298,149730,748650
USD,60,WANITA,Flexi Cermat,,10,8321,12482,16642,20803,24963,29124,41605,62408,77670,388350
USD,60,WANITA,Flexi Cermat,,15,6002,8441,11254,14068,16881,19695,28135,42203,56270,262600
USD,60,WANITA,Flexi Cermat,35,5,15768,23652,31536,39420,47304,55188,73585,110378,147170,735850
USD,60,WANITA,Flexi Cermat,,10,8113,12170,16226,20283,24339,28396,40565,60848,75720,378600
USD,60,WANITA,Flexi Cermat,,15,5962,8385,11180,13975,16770,19565,27950,41925,55900,260850
IDR,61,PRIA,Flexi Amanah,YRT,1,25.9,38.8,51.8,64.7,77.6,90.6,129.4,194.1,258.8,1,294.0
IDR,61,PRIA,Flexi Amanah,5,5,29.6,44.4,59.2,74.1,88.9,103.7,148.1,222.2,296.2,1,481.0
IDR,61,PRIA,Flexi Amanah,10,10,36.3,54.4,72.6,90.7,108.9,127.0,181.5,272.2,362.9,1,814.5
IDR,61,PRIA,Flexi Berkah,49,5,157.4,236.1,314.8,393.5,472.2,550.9,734.6,1,101.9,1,469.2,7,346.0
IDR,61,PRIA,Flexi Berkah,,10,82.0,123.0,164.0,205.0,245.9,286.9,409.9,614.9,765.2,3,826.0
IDR,61,PRIA,Flexi Berkah,,15,58.8,82.7,110.2,137.8,165.3,192.9,275.6,413.3,551.1,2,572.0
IDR,61,PRIA,Flexi Cermat,15,5,161.1,241.7,322.2,402.8,483.3,563.9,805.5,1,208.3,1,611.0,8,055.0
IDR,61,PRIA,Flexi Cermat,,10,91.6,137.3,183.1,228.9,274.7,320.5,457.8,686.7,915.6,4,578.0
IDR,61,PRIA,Flexi Cermat,25,5,121.7,182.6,243.4,304.3,365.1,426.0,608.5,851.9,1,135.8,5,679.0
IDR,61,PRIA,Flexi Cermat,,10,72.9,102.6,136.8,171.0,205.2,239.4,342.0,512.9,683.9,3,191.5
IDR,61,PRIA,Flexi Cermat,,15,56.1,78.9,105.2,131.5,157.8,184.1,263.0,394.5,526.0,2,454.5
IDR,61,PRIA,Flexi Cermat,35,5,114.0,170.9,227.9,284.9,341.9,398.9,569.8,797.8,1,063.7,5,318.5
IDR,61,PRIA,Flexi Cermat,,10,68.1,95.7,127.6,159.6,191.5,223.4,319.1,478.7,638.2,2,978.0
IDR,61,PRIA,Flexi Cermat,,15,51.4,75.0,96.4,120.5,144.6,168.7,241.0,361.5,482.0,2,249.0
USD,61,PRIA,Flexi Amanah,YRT,1,2588,3882,5176,6470,7764,9058,12940,19410,25880,129400
USD,61,PRIA,Flexi Amanah,5,5,2962,4443,5924,7405,8886,10367,14810,22215,29620,148100
USD,61,PRIA,Flexi Amanah,10,10,3629,5444,7258,9073,10887,12702,18145,27218,36290,181450
USD,61,PRIA,Flexi Berkah,49,5,19415,29123,38830,48538,58245,67953,90600,135900,181200,906000
USD,61,PRIA,Flexi Berkah,,10,10112,15168,20224,25280,30336,35392,50560,70778,94370,471850
USD,61,PRIA,Flexi Berkah,,15,7358,10349,13798,17248,20697,24147,34495,51743,68990,321950
USD,61,PRIA,Flexi Cermat,15,5,18401,27602,36802,46003,55203,64404,92005,138008,184010,920050
USD,61,PRIA,Flexi Cermat,,10,9880,14820,19760,24700,29640,34580,49400,74100,98800,494000
USD,61,PRIA,Flexi Cermat,25,5,17063,25595,34126,42658,51189,59721,79625,119438,159250,796250
USD,61,PRIA,Flexi Cermat,,10,9039,13559,18078,22598,27117,31637,45195,67793,84360,421800
USD,61,PRIA,Flexi Cermat,,15,6637,9333,12444,15555,18666,21777,31110,46665,62220,290350
USD,61,PRIA,Flexi Cermat,35,5,16838,25257,33676,42095,50514,58933,78580,117870,157160,785800
USD,61,PRIA,Flexi Cermat,,10,8921,13382,17842,22303,26763,31224,44605,66908,83270,416350
USD,61,PRIA,Flexi Cermat,,15,6528,9180,12240,15300,18360,21420,30600,45900,61200,285600
IDR,61,WANITA,Flexi Amanah,YRT,1,14.9,22.4,29.9,37.4,44.8,52.3,74.7,112.1,149.4,747.0
IDR,61,WANITA,Flexi Amanah,5,5,17.0,25.5,34.1,42.6,51.1,59.6,85.2,127.7,170.3,851.5
IDR,61,WANITA,Flexi Amanah,10,10,20.8,31.2,41.6,52.0,62.4,72.8,104.0,155.9,207.9,1,039.5
IDR,61,WANITA,Flexi Berkah,49,5,142.4,213.6,284.8,356.1,427.3,498.5,700.0,996.9,1,329.2,6,646.0
IDR,61,WANITA,Flexi Berkah,,10,74.2,104.3,139.1,173.9,208.6,243.4,347.7,521.6,695.4,3,245.0
IDR,61,WANITA,Flexi Berkah,,15,53.9,75.8,101.0,126.3,151.6,176.8,252.6,378.9,505.2,2,357.5
IDR,61,WANITA,Flexi Cermat,15,5,152.5,228.7,304.9,381.1,457.4,533.6,762.3,1,143.4,1,524.5,7,622.5
IDR,61,WANITA,Flexi Cermat,,10,88.9,133.3,177.8,222.2,266.7,311.1,444.5,666.7,888.9,4,444.5
IDR,61,WANITA,Flexi Cermat,25,5,102.3,153.5,204.6,255.8,307.0,358.1,511.6,716.3,955.0,4,775.0
IDR,61,WANITA,Flexi Cermat,,10,59.8,84.1,112.1,140.1,168.1,196.1,280.2,420.3,560.4,2,615.0
IDR,61,WANITA,Flexi Cermat,,15,43.5,65.3,81.6,102.1,122.5,142.9,204.1,306.2,408.2,1,905.0
IDR,61,WANITA,Flexi Cermat,35,5,93.2,139.8,186.4,233.0,279.6,326.2,466.1,699.1,870.0,4,350.0
IDR,61,WANITA,Flexi Cermat,,10,52.8,75.0,98.9,123.7,148.4,173.1,247.3,371.0,494.6,2,308.5
IDR,61,WANITA,Flexi Cermat,,15,36.9,55.3,73.7,86.4,103.7,121.0,172.8,259.2,345.6,1,613.0
USD,61,WANITA,Flexi Amanah,YRT,1,1494,2241,2988,3735,4482,5229,7470,11205,14940,74700
USD,61,WANITA,Flexi Amanah,5,5,1703,2555,3406,4258,5109,5961,8515,12773,17030,85150
USD,61,WANITA,Flexi Amanah,10,10,2079,3119,4158,5198,6237,7277,10395,15593,20790,103950
USD,61,WANITA,Flexi Berkah,49,5,18482,27723,36964,46205,55446,64687,86250,129375,172500,862500
USD,61,WANITA,Flexi Berkah,,10,9626,14439,19252,24065,28878,33691,48130,70000,89850,449250
USD,61,WANITA,Flexi Berkah,,15,7127,10023,13364,16705,20046,23387,33410,50115,66820,311800
USD,61,WANITA,Flexi Cermat,15,5,18372,27558,36744,45930,55116,64302,91860,137790,183720,918600
USD,61,WANITA,Flexi Cermat,,10,9780,14670,19560,24450,29340,34230,48900,73350,97800,489000
USD,61,WANITA,Flexi Cermat,25,5,16595,24893,33190,41488,49785,58083,77445,116168,154890,774450
USD,61,WANITA,Flexi Cermat,,10,8860,13290,17720,22150,26580,31010,44300,66450,82690,413450
USD,61,WANITA,Flexi Cermat,,15,6386,8981,11974,14968,17961,20955,29935,44903,59870,279350
USD,61,WANITA,Flexi Cermat,35,5,16373,24560,32746,40933,49119,57306,76410,114615,152820,764100
USD,61,WANITA,Flexi Cermat,,10,8648,12972,17296,21620,25944,30268,43240,64860,80710,403550
USD,61,WANITA,Flexi Cermat,,15,6313,8877,11836,14795,17754,20713,29590,44385,59180,276200
IDR,62,PRIA,Flexi Amanah,YRT,1,29.8,44.7,59.7,74.6,89.5,104.4,149.2,223.7,298.3,1,491.5
IDR,62,PRIA,Flexi Amanah,5,5,32.7,49.1,65.4,81.8,98.1,114.5,163.5,245.3,327.0,1,635.0
IDR,62,PRIA,Flexi Amanah,10,10,40.5,60.7,80.9,101.2,121.4,141.6,202.4,303.5,404.7,2,023.5
IDR,62,PRIA,Flexi Berkah,48,5,162.4,243.6,324.7,405.9,487.1,568.3,757.7,1,136.6,1,515.4,7,577.0
IDR,62,PRIA,Flexi Berkah,,10,84.6,126.8,169.1,211.4,253.7,296.0,422.8,634.2,789.3,3,946.5
IDR,62,PRIA,Flexi Berkah,,15,60.8,85.4,113.9,142.4,170.9,199.4,284.8,427.2,569.6,2,658.0
IDR,62,PRIA,Flexi Cermat,15,5,162.0,243.0,323.9,404.9,485.9,566.9,809.9,1,214.8,1,619.7,8,098.5
IDR,62,PRIA,Flexi Cermat,,10,92.3,138.4,184.5,230.6,276.8,322.9,461.3,691.9,922.5,4,612.5
IDR,62,PRIA,Flexi Cermat,25,5,127.1,190.7,254.2,317.8,381.3,444.9,635.6,889.8,1,186.4,5,932.0
IDR,62,PRIA,Flexi Cermat,,10,76.3,114.4,152.5,190.6,228.8,266.9,381.3,571.9,711.6,3,558.0
IDR,62,PRIA,Flexi Cermat,,15,59.4,83.5,111.3,139.2,167.0,194.8,278.4,417.5,556.7,2,597.5
IDR,62,PRIA,Flexi Cermat,35,5,119.5,179.2,238.9,298.6,358.4,418.1,597.3,836.2,1,114.9,5,574.5
IDR,62,PRIA,Flexi Cermat,,10,72.3,101.7,135.6,169.5,203.4,237.3,339.0,508.4,677.9,3,163.5
IDR,62,PRIA,Flexi Cermat,,15,54.7,77.0,102.6,128.3,154.0,179.6,256.6,384.9,513.2,2,395.0
USD,62,PRIA,Flexi Amanah,YRT,1,2983,4475,5966,7458,8949,10441,14915,22373,29830,149150
USD,62,PRIA,Flexi Amanah,5,5,3270,4905,6540,8175,9810,11445,16350,24525,32700,163500
USD,62,PRIA,Flexi Amanah,10,10,4047,6071,8094,10118,12141,14165,20235,30353,40470,202350
USD,62,PRIA,Flexi Berkah,48,5,19980,29970,39960,49950,59940,69930,93240,139860,186480,932400
USD,62,PRIA,Flexi Berkah,,10,10406,15609,20812,26015,31218,36421,52030,72848,97130,485650
USD,62,PRIA,Flexi Berkah,,15,7500,10700,14266,17833,21399,24966,35665,53498,70000,332900
USD,62,PRIA,Flexi Cermat,15,5,18470,27705,36940,46175,55410,64645,92350,138525,184700,923500
USD,62,PRIA,Flexi Cermat,,10,9974,14961,19948,24935,29922,34909,49870,74805,99740,498700
USD,62,PRIA,Flexi Cermat,25,5,17618,26427,35236,44045,52854,61663,82220,123330,164440,822200
USD,62,PRIA,Flexi Cermat,,10,9604,14406,19208,24010,28812,33614,48020,70000,89640,448200
USD,62,PRIA,Flexi Cermat,,15,7018,9869,13158,16448,19737,23027,32895,49343,65790,307000
USD,62,PRIA,Flexi Cermat,35,5,17330,25995,34660,43325,51990,60655,80870,121305,161740,808700
USD,62,PRIA,Flexi Cermat,,10,9443,14165,18886,23608,28329,33051,47215,70000,88130,440650
USD,62,PRIA,Flexi Cermat,,15,6888,9687,12916,16145,19374,22603,32290,48435,64580,301350
IDR,62,WANITA,Flexi Amanah,YRT,1,17.2,25.7,34.3,42.9,51.5,60.0,85.8,128.6,171.5,857.5
IDR,62,WANITA,Flexi Amanah,5,5,18.8,28.1,37.5,46.9,56.3,65.6,93.8,140.6,187.5,937.5
IDR,62,WANITA,Flexi Amanah,10,10,23.2,34.7,46.3,57.9,69.5,81.1,115.8,173.7,231.6,1,158.0
IDR,62,WANITA,Flexi Berkah,48,5,146.6,220.0,293.3,366.6,439.9,513.2,700.0,1,026.5,1,368.6,6,843.0
IDR,62,WANITA,Flexi Berkah,,10,76.4,114.6,152.7,190.9,229.1,267.3,381.9,572.8,712.8,3,564.0
IDR,62,WANITA,Flexi Berkah,,15,56.8,79.9,106.5,133.1,159.8,186.4,266.3,399.4,532.5,2,485.0
IDR,62,WANITA,Flexi Cermat,15,5,153.3,229.9,306.6,383.2,459.8,536.5,766.4,1,149.6,1,532.8,7,664.0
IDR,62,WANITA,Flexi Cermat,,10,89.6,134.4,179.1,223.9,268.7,313.5,447.9,671.8,895.7,4,478.5
IDR,62,WANITA,Flexi Cermat,25,5,106.2,159.3,212.4,265.5,318.6,371.7,531.0,743.4,991.2,4,956.0
IDR,62,WANITA,Flexi Cermat,,10,62.4,87.8,117.0,146.3,175.6,204.8,292.6,438.9,585.2,2,730.5
IDR,62,WANITA,Flexi Cermat,,15,45.6,68.4,85.5,106.9,128.3,149.7,213.9,320.8,427.7,1,996.0
IDR,62,WANITA,Flexi Cermat,35,5,97.6,146.4,195.2,244.0,292.7,341.5,487.9,700.0,910.7,4,553.5
IDR,62,WANITA,Flexi Cermat,,10,55.6,78.2,104.3,130.4,156.4,182.5,260.7,391.1,521.4,2,433.0
IDR,62,WANITA,Flexi Cermat,,15,38.7,58.1,75.0,90.7,108.9,127.0,181.5,272.2,362.9,1,693.5
USD,62,WANITA,Flexi Amanah,YRT,1,1715,2573,3430,4288,5145,6003,8575,12863,17150,85750
USD,62,WANITA,Flexi Amanah,5,5,1875,2813,3750,4688,5625,6563,9375,14063,18750,93750
USD,62,WANITA,Flexi Amanah,10,10,2316,3474,4632,5790,6948,8106,11580,17370,23160,115800
USD,62,WANITA,Flexi Berkah,48,5,19021,28532,38042,47553,57063,66574,88765,133148,177530,887650
USD,62,WANITA,Flexi Berkah,,10,9907,14861,19814,24768,29721,34675,49535,70000,92460,462300
USD,62,WANITA,Flexi Berkah,,15,7335,10316,13754,17193,20631,24070,34385,51578,68770,320900
USD,62,WANITA,Flexi Cermat,15,5,18423,27635,36846,46058,55269,64481,92115,138173,184230,921150
USD,62,WANITA,Flexi Cermat,,10,9872,14808,19744,24680,29616,34552,49360,74040,98720,493600
USD,62,WANITA,Flexi Cermat,25,5,17148,25722,34296,42870,51444,60018,80025,120038,160050,800250
USD,62,WANITA,Flexi Cermat,,10,9398,14097,18796,23495,28194,32893,46990,70000,87710,438550
USD,62,WANITA,Flexi Cermat,,15,6768,9518,12690,15863,19035,22208,31725,47588,63450,296100
USD,62,WANITA,Flexi Cermat,35,5,16979,25469,33958,42448,50937,59427,79235,118853,158470,792350
USD,62,WANITA,Flexi Cermat,,10,9182,13773,18364,22955,27546,32137,45910,68865,85700,428500
USD,62,WANITA,Flexi Cermat,,15,6663,9371,12494,15618,18741,21865,31235,46853,62470,291500
IDR,63,PRIA,Flexi Amanah,YRT,1,33.8,50.7,67.5,84.4,101.3,118.2,168.9,253.3,337.7,1,688.5
IDR,63,PRIA,Flexi Amanah,5,5,35.8,53.7,71.5,89.4,107.3,125.2,178.9,268.3,357.7,1,788.5
IDR,63,PRIA,Flexi Amanah,10,10,44.7,67.0,89.3,111.6,134.0,156.3,223.3,334.9,446.5,2,232.5
IDR,63,PRIA,Flexi Berkah,47,5,167.3,251.0,334.7,418.3,502.0,585.7,780.9,1,171.3,1,561.7,7,808.5
IDR,63,PRIA,Flexi Berkah,,10,87.2,130.7,174.3,217.9,261.5,305.0,435.8,653.6,813.4,4,067.0
IDR,63,PRIA,Flexi Berkah,,15,62.7,88.2,117.6,147.0,176.4,205.8,294.0,441.0,588.0,2,744.0
IDR,63,PRIA,Flexi Cermat,15,5,162.8,244.3,325.7,407.1,488.5,569.9,814.2,1,221.3,1,628.4,8,142.0
IDR,63,PRIA,Flexi Cermat,,10,93.0,139.4,185.9,232.4,278.9,325.3,464.8,697.1,929.5,4,647.5
IDR,63,PRIA,Flexi Cermat,25,5,132.1,198.1,264.1,330.2,396.2,462.2,660.3,924.5,1,232.6,6,163.0
IDR,63,PRIA,Flexi Cermat,,10,79.9,119.9,159.9,199.8,239.8,279.8,399.7,599.5,746.0,3,730.0
IDR,63,PRIA,Flexi Cermat,,15,62.7,88.2,117.6,147.1,176.5,205.9,294.1,441.2,588.2,2,744.5
IDR,63,PRIA,Flexi Cermat,35,5,125.0,187.4,249.9,312.4,374.9,437.4,624.8,874.7,1,166.3,5,831.5
IDR,63,PRIA,Flexi Cermat,,10,76.3,114.4,152.5,190.6,228.8,266.9,381.3,571.9,711.6,3,558.0
IDR,63,PRIA,Flexi Cermat,,15,58.4,82.1,109.5,136.9,164.2,191.6,273.7,410.6,547.4,2,554.5
USD,63,PRIA,Flexi Amanah,YRT,1,3377,5066,6754,8443,10131,11820,16885,25328,33770,168850
USD,63,PRIA,Flexi Amanah,5,5,3577,5366,7154,8943,10731,12520,17885,26828,35770,178850
USD,63,PRIA,Flexi Amanah,10,10,4465,6698,8930,11163,13395,15628,22325,33488,44650,223250
USD,63,PRIA,Flexi Berkah,47,5,20546,30819,41092,51365,61638,70000,95880,143820,191760,958800
USD,63,PRIA,Flexi Berkah,,10,10701,16052,21402,26753,32103,37454,53505,74910,99880,499400
USD,63,PRIA,Flexi Berkah,,15,7500,11052,14736,18420,22104,25788,36840,55260,70000,343850
USD,63,PRIA,Flexi Cermat,15,5,18538,27807,37076,46345,55614,64883,92690,139035,185380,926900
USD,63,PRIA,Flexi Cermat,,10,10069,15104,20138,25173,30207,35242,50345,75518,100690,503450
USD,63,PRIA,Flexi Cermat,25,5,18174,27261,36348,45435,54522,63609,84810,127215,169620,848100
USD,63,PRIA,Flexi Cermat,,10,10168,15252,20336,25420,30504,35588,50840,71175,94900,474500
USD,63,PRIA,Flexi Cermat,,15,7398,10403,13870,17338,20805,24273,34675,52013,69350,323650
USD,63,PRIA,Flexi Cermat,35,5,17820,26730,35640,44550,53460,62370,83160,124740,166320,831600
USD,63,PRIA,Flexi Cermat,,10,9964,14946,19928,24910,29892,34874,49820,70000,93000,465000
USD,63,PRIA,Flexi Cermat,,15,7248,10193,13590,16988,20385,23783,33975,50963,67950,317100
IDR,63,WANITA,Flexi Amanah,YRT,1,19.4,29.1,38.7,48.4,58.1,67.8,96.9,145.3,193.7,968.5
IDR,63,WANITA,Flexi Amanah,5,5,20.5,30.7,40.9,51.2,61.4,71.6,102.4,153.5,204.7,1,023.5
IDR,63,WANITA,Flexi Amanah,10,10,25.5,38.3,51.1,63.9,76.6,89.4,127.7,191.6,255.4,1,277.0
IDR,63,WANITA,Flexi Berkah,47,5,150.9,226.3,301.7,377.2,452.6,528.0,704.1,1,056.1,1,408.1,7,040.5
IDR,63,WANITA,Flexi Berkah,,10,78.6,117.9,157.2,196.5,235.7,275.0,392.9,589.4,733.4,3,667.0
IDR,63,WANITA,Flexi Berkah,,15,59.7,84.0,112.0,140.0,167.9,195.9,279.9,419.9,559.8,2,612.5
IDR,63,WANITA,Flexi Cermat,15,5,154.1,231.2,308.2,385.3,462.3,539.4,770.5,1,155.8,1,541.0,7,705.0
IDR,63,WANITA,Flexi Cermat,,10,90.2,135.4,180.5,225.6,270.7,315.8,451.2,676.8,902.4,4,512.0
IDR,63,WANITA,Flexi Cermat,25,5,110.1,165.1,220.2,275.2,330.2,385.3,550.4,770.6,1,027.4,5,137.0
IDR,63,WANITA,Flexi Cermat,,10,65.1,91.5,122.0,152.5,183.0,213.5,305.0,457.5,610.0,2,846.5
IDR,63,WANITA,Flexi Cermat,,15,47.7,71.6,89.5,111.8,134.2,156.6,223.7,335.5,447.3,2,087.5
IDR,63,WANITA,Flexi Cermat,35,5,102.1,153.1,204.1,255.1,306.2,357.2,510.3,714.3,952.4,4,762.0
IDR,63,WANITA,Flexi Cermat,,10,58.7,82.5,110.0,137.5,165.0,192.5,275.0,412.5,550.0,2,566.5
IDR,63,WANITA,Flexi Cermat,,15,41.3,61.9,77.4,96.7,116.1,135.4,193.5,290.2,386.9,1,805.5
USD,63,WANITA,Flexi Amanah,YRT,1,1937,2906,3874,4843,5811,6780,9685,14528,19370,96850
USD,63,WANITA,Flexi Amanah,5,5,2047,3071,4094,5118,6141,7165,10235,15353,20470,102350
USD,63,WANITA,Flexi Amanah,10,10,2554,3831,5108,6385,7662,8939,12770,19155,25540,127700
USD,63,WANITA,Flexi Berkah,47,5,19559,29339,39118,48898,58677,68457,91275,136913,182550,912750
USD,63,WANITA,Flexi Berkah,,10,10187,15281,20374,25468,30561,35655,50935,71310,95080,475400
USD,63,WANITA,Flexi Berkah,,15,7500,10607,14142,17678,21213,24749,35355,53033,70000,330000
USD,63,WANITA,Flexi Cermat,15,5,18473,27710,36946,46183,55419,64656,92365,138548,184730,923650
USD,63,WANITA,Flexi Cermat,,10,9965,14948,19930,24913,29895,34878,49825,74738,99650,498250
USD,63,WANITA,Flexi Cermat,25,5,17701,26552,35402,44253,53103,61954,82605,123908,165210,826050
USD,63,WANITA,Flexi Cermat,,10,9936,14904,19872,24840,29808,34776,49680,70000,92740,463700
USD,63,WANITA,Flexi Cermat,,15,7151,10056,13408,16760,20112,23464,33520,50280,67040,312850
USD,63,WANITA,Flexi Cermat,35,5,17583,26375,35166,43958,52749,61541,82055,123083,164110,820550
USD,63,WANITA,Flexi Cermat,,10,9717,14576,19434,24293,29151,34010,48585,70000,90690,453450
USD,63,WANITA,Flexi Cermat,,15,7014,9863,13150,16438,19725,23013,32875,49313,65750,306850
IDR,64,PRIA,Flexi Amanah,YRT,1,37.7,56.6,75.4,94.3,113.1,132.0,188.6,282.8,377.1,1,885.5
IDR,64,PRIA,Flexi Amanah,5,5,38.9,58.3,77.7,97.1,116.6,136.0,194.3,291.4,388.5,1,942.5
IDR,64,PRIA,Flexi Amanah,10,10,48.8,73.2,97.7,122.1,146.5,170.9,244.2,366.2,488.3,2,441.5
IDR,64,PRIA,Flexi Berkah,46,5,172.3,258.4,344.6,430.7,516.8,603.0,804.0,1,206.0,1,608.0,8,040.0
IDR,64,PRIA,Flexi Berkah,,10,89.7,134.6,179.5,224.3,269.2,314.1,448.7,673.0,837.5,4,187.5
IDR,64,PRIA,Flexi Berkah,,15,64.7,91.0,121.3,151.6,181.9,212.2,303.2,454.8,606.4,2,830.0
IDR,64,PRIA,Flexi Cermat,15,5,163.7,245.6,327.4,409.3,491.1,573.0,818.5,1,227.8,1,637.0,8,185.0
IDR,64,PRIA,Flexi Cermat,,10,93.7,140.5,187.3,234.1,281.0,327.8,468.3,702.4,936.5,4,682.5
IDR,64,PRIA,Flexi Cermat,25,5,137.3,206.0,274.7,343.3,412.0,480.7,686.7,961.4,1,281.8,6,409.0
IDR,64,PRIA,Flexi Cermat,,10,83.6,125.5,167.3,209.1,250.9,292.7,418.2,627.3,780.6,3,903.0
IDR,64,PRIA,Flexi Cermat,,15,66.1,93.0,123.9,154.9,185.9,216.9,309.9,464.8,619.7,2,891.5
IDR,64,PRIA,Flexi Cermat,35,5,130.3,195.5,260.7,325.8,391.0,456.2,651.7,912.3,1,216.4,6,082.0
IDR,64,PRIA,Flexi Cermat,,10,80.2,120.3,160.4,200.5,240.6,280.7,401.0,601.4,748.4,3,742.0
IDR,64,PRIA,Flexi Cermat,,15,61.9,87.1,116.1,145.2,174.2,203.2,290.4,435.5,580.7,2,709.5
USD,64,PRIA,Flexi Amanah,YRT,1,3771,5657,7542,9428,11313,13199,18855,28283,37710,188550
USD,64,PRIA,Flexi Amanah,5,5,3885,5828,7770,9713,11655,13598,19425,29138,38850,194250
USD,64,PRIA,Flexi Amanah,10,10,4883,7325,9766,12208,14649,17091,24415,36623,48830,244150
USD,64,PRIA,Flexi Berkah,46,5,21111,31667,42222,52778,63333,70000,98520,147780,197040,985200
USD,64,PRIA,Flexi Berkah,,10,10995,16493,21990,27488,32985,38483,54975,76965,102620,513100
USD,64,PRIA,Flexi Berkah,,15,7603,11405,15206,19008,22809,26611,38015,57023,70960,354800
USD,64,PRIA,Flexi Cermat,15,5,18606,27909,37212,46515,55818,65121,93030,139545,186060,930300
USD,64,PRIA,Flexi Cermat,,10,10163,15245,20326,25408,30489,35571,50815,76223,101630,508150
USD,64,PRIA,Flexi Cermat,25,5,18730,28095,37460,46825,56190,65555,87405,131108,174810,874050
USD,64,PRIA,Flexi Cermat,,10,10732,16098,21464,26830,32196,37562,53660,75120,100160,500800
USD,64,PRIA,Flexi Cermat,,15,7500,10938,14584,18230,21876,25522,36460,54690,70000,340300
USD,64,PRIA,Flexi Cermat,35,5,18311,27467,36622,45778,54933,64089,85450,128175,170900,854500
USD,64,PRIA,Flexi Cermat,,10,10485,15728,20970,26213,31455,36698,52425,73395,97860,489300
USD,64,PRIA,Flexi Cermat,,15,7500,10700,14266,17833,21399,24966,35665,53498,70000,332850
IDR,64,WANITA,Flexi Amanah,YRT,1,21.6,32.4,43.2,54.0,64.7,75.5,107.9,161.9,215.8,1,079.0
IDR,64,WANITA,Flexi Amanah,5,5,22.2,33.3,44.4,55.5,66.6,77.7,111.0,166.4,221.9,1,109.5
IDR,64,WANITA,Flexi Amanah,10,10,27.9,41.9,55.8,69.8,83.8,97.7,139.6,209.4,279.2,1,396.0
IDR,64,WANITA,Flexi Berkah,46,5,155.1,232.6,310.2,387.7,465.3,542.8,723.8,1,085.6,1,447.5,7,237.5
IDR,64,WANITA,Flexi Berkah,,10,80.8,121.2,161.6,202.0,242.3,282.7,403.9,605.9,753.9,3,769.5
IDR,64,WANITA,Flexi Berkah,,15,62.6,88.1,117.4,146.8,176.2,205.5,293.6,440.4,587.2,2,740.0
IDR,64,WANITA,Flexi Cermat,15,5,154.9,232.4,309.8,387.3,464.8,542.2,774.6,1,161.9,1,549.2,7,746.0
IDR,64,WANITA,Flexi Cermat,,10,90.9,136.4,181.8,227.3,272.8,318.2,454.6,681.9,909.2,4,546.0
IDR,64,WANITA,Flexi Cermat,25,5,114.0,170.9,227.9,284.9,341.9,398.9,569.8,797.8,1,063.7,5,318.5
IDR,64,WANITA,Flexi Cermat,,10,67.7,95.2,126.9,158.7,190.4,222.1,317.4,476.0,634.7,2,962.0
IDR,64,WANITA,Flexi Cermat,,15,49.8,74.7,93.4,116.7,140.0,163.4,233.4,350.1,466.8,2,178.5
IDR,64,WANITA,Flexi Cermat,35,5,106.6,160.0,213.3,266.6,319.9,373.2,533.2,746.5,995.3,4,976.5
IDR,64,WANITA,Flexi Cermat,,10,62.1,87.4,116.5,145.6,174.8,203.9,291.3,436.9,582.5,2,718.5
IDR,64,WANITA,Flexi Cermat,,15,43.3,65.0,81.2,101.5,121.8,142.1,203.0,304.4,405.9,1,894.0
USD,64,WANITA,Flexi Amanah,YRT,1,2158,3237,4316,5395,6474,7553,10790,16185,21580,107900
USD,64,WANITA,Flexi Amanah,5,5,2219,3329,4438,5548,6657,7767,11095,16643,22190,110950
USD,64,WANITA,Flexi Amanah,10,10,2792,4188,5584,6980,8376,9772,13960,20940,27920,139600
USD,64,WANITA,Flexi Berkah,46,5,20097,30146,40194,50243,60291,70000,93785,140678,187570,937850
USD,64,WANITA,Flexi Berkah,,10,10467,15701,20934,26168,31401,36635,52335,73268,97690,488450
USD,64,WANITA,Flexi Berkah,,15,7500,10899,14532,18165,21798,25431,36330,54495,70000,339100
USD,64,WANITA,Flexi Cermat,15,5,18524,27786,37048,46310,55572,64834,92620,138930,185240,926200
USD,64,WANITA,Flexi Cermat,,10,10058,15087,20116,25145,30174,35203,50290,75435,100580,502900
USD,64,WANITA,Flexi Cermat,25,5,18253,27380,36506,45633,54759,63886,85180,127770,170360,851800
USD,64,WANITA,Flexi Cermat,,10,10474,15711,20948,26185,31422,36659,52370,73320,97760,488800
USD,64,WANITA,Flexi Cermat,,15,7500,10596,14128,17660,21192,24724,35320,52980,70000,329650
USD,64,WANITA,Flexi Cermat,35,5,18188,27282,36376,45470,54564,63658,84880,127320,169760,848800
USD,64,WANITA,Flexi Cermat,,10,10252,15378,20504,25630,30756,35882,51260,71760,95680,478400
USD,64,WANITA,Flexi Cermat,,15,7364,10356,13808,17260,20712,24164,34520,51780,69040,322200
IDR,65,PRIA,Flexi Amanah,YRT,1,41.7,62.5,83.3,104.2,125.0,145.8,208.3,312.5,416.6,2,083.0
IDR,65,PRIA,Flexi Amanah,5,5,41.9,62.9,83.9,104.8,125.8,146.8,209.7,314.5,419.3,2,096.5
IDR,65,PRIA,Flexi Amanah,10,10,53.0,79.5,106.0,132.6,159.1,185.6,265.1,397.7,530.2,2,651.0
IDR,65,PRIA,Flexi Berkah,45,5,177.2,265.9,354.5,443.1,531.7,620.3,827.1,1,240.7,1,654.2,8,271.0
IDR,65,PRIA,Flexi Berkah,,10,92.3,138.5,184.6,230.8,276.9,323.1,461.6,692.3,861.6,4,308.0
IDR,65,PRIA,Flexi Berkah,,15,66.7,93.7,125.0,156.2,187.4,218.7,312.4,468.6,624.8,2,916.0
IDR,65,PRIA,Flexi Cermat,15,5,164.6,246.9,329.1,411.4,493.7,576.0,822.9,1,234.3,1,645.7,8,228.5
IDR,65,PRIA,Flexi Cermat,,10,94.4,141.5,188.7,235.9,283.1,330.2,471.8,707.6,943.5,4,717.5
IDR,65,PRIA,Flexi Cermat,25,5,142.6,213.9,285.2,356.5,427.8,499.1,700.0,998.3,1,331.0,6,655.0
IDR,65,PRIA,Flexi Cermat,,10,87.4,131.0,174.7,218.4,262.1,305.7,436.8,655.1,815.3,4,076.5
IDR,65,PRIA,Flexi Cermat,,15,69.5,97.7,130.2,162.8,195.3,227.9,325.6,488.3,651.1,3,038.5
IDR,65,PRIA,Flexi Cermat,35,5,136.0,203.9,271.9,339.9,407.9,475.8,679.8,951.6,1,268.8,6,344.0
IDR,65,PRIA,Flexi Cermat,,10,84.4,126.6,168.9,211.1,253.3,295.5,422.2,633.2,788.0,3,940.0
IDR,65,PRIA,Flexi Cermat,,15,66.1,93.0,124.0,155.0,186.0,217.0,310.0,464.9,619.9,2,893.0
USD,65,PRIA,Flexi Amanah,YRT,1,4166,6249,8332,10415,12498,14581,20830,31245,41660,208300
USD,65,PRIA,Flexi Amanah,5,5,4193,6290,8386,10483,12579,14676,20965,31448,41930,209650
USD,65,PRIA,Flexi Amanah,10,10,5302,7953,10604,13255,15906,18557,26510,39765,53020,265100
USD,65,PRIA,Flexi Berkah,45,5,21677,32516,43354,54193,65031,70809,101155,151733,202310,1011550
USD,65,PRIA,Flexi Berkah,,10,11290,16935,22580,28225,33870,39515,56450,79028,105370,526850
USD,65,PRIA,Flexi Berkah,,15,7837,11756,15674,19593,23511,27430,39185,58778,73140,365700
USD,65,PRIA,Flexi Cermat,15,5,18674,28011,37348,46685,56022,65359,93370,140055,186740,933700
USD,65,PRIA,Flexi Cermat,,10,10258,15387,20516,25645,30774,35903,51290,76935,102580,512900
USD,65,PRIA,Flexi Cermat,25,5,19286,28929,38572,48215,57858,67501,90005,135008,180010,900050
USD,65,PRIA,Flexi Cermat,,10,11296,16944,22592,28240,33888,39536,56480,79073,105430,527150
USD,65,PRIA,Flexi Cermat,,15,7649,11474,15298,19123,22947,26772,38245,57368,71390,356950
USD,65,PRIA,Flexi Cermat,35,5,18801,28202,37602,47003,56403,65804,87740,131610,175480,877400
USD,65,PRIA,Flexi Cermat,,10,11006,16509,22012,27515,33018,38521,55030,77048,102730,513650
USD,65,PRIA,Flexi Cermat,,15,7500,11205,14940,18675,22410,26145,37350,56025,70000,348600
IDR,65,WANITA,Flexi Amanah,YRT,1,23.8,35.7,47.6,59.5,71.4,83.3,119.0,178.4,237.9,1,189.5
IDR,65,WANITA,Flexi Amanah,5,5,23.9,35.9,47.8,59.8,71.8,83.7,119.6,179.4,239.2,1,196.0
IDR,65,WANITA,Flexi Amanah,10,10,30.3,45.4,60.6,75.7,90.9,106.0,151.5,227.2,302.9,1,514.5
IDR,65,WANITA,Flexi Berkah,45,5,159.3,239.0,318.6,398.3,477.9,557.6,743.5,1,115.2,1,486.9,7,434.5
IDR,65,WANITA,Flexi Berkah,,10,83.0,124.5,165.9,207.4,248.9,290.4,414.9,622.3,774.4,3,872.0
IDR,65,WANITA,Flexi Berkah,,15,65.5,92.2,122.9,153.6,184.4,215.1,307.3,460.9,614.5,2,867.5
IDR,65,WANITA,Flexi Cermat,15,5,155.7,233.6,311.5,389.4,467.2,545.1,778.7,1,168.1,1,557.4,7,787.0
IDR,65,WANITA,Flexi Cermat,,10,91.6,137.4,183.2,229.0,274.8,320.6,458.0,687.0,916.0,4,580.0
IDR,65,WANITA,Flexi Cermat,25,5,117.8,176.8,235.7,294.6,353.5,412.4,589.2,824.9,1,099.8,5,499.0
IDR,65,WANITA,Flexi Cermat,,10,70.3,98.9,131.9,164.9,197.9,230.8,329.8,494.6,659.5,3,077.5
IDR,65,WANITA,Flexi Cermat,,15,51.9,75.0,97.3,121.6,145.9,170.2,243.2,364.7,486.3,2,269.5
IDR,65,WANITA,Flexi Cermat,35,5,111.6,167.5,223.3,279.1,334.9,390.7,558.2,781.5,1,042.0,5,210.0
IDR,65,WANITA,Flexi Cermat,,10,65.7,92.3,123.1,153.9,184.7,215.4,307.8,461.6,615.5,2,872.5
IDR,65,WANITA,Flexi Cermat,,15,46.4,69.6,87.0,108.7,130.5,152.2,217.5,326.2,434.9,2,029.5
USD,65,WANITA,Flexi Amanah,YRT,1,2379,3569,4758,5948,7137,8327,11895,17843,23790,118950
USD,65,WANITA,Flexi Amanah,5,5,2392,3588,4784,5980,7176,8372,11960,17940,23920,119600
USD,65,WANITA,Flexi Amanah,10,10,3029,4544,6058,7573,9087,10602,15145,22718,30290,151450
USD,65,WANITA,Flexi Berkah,45,5,20636,30954,41272,51590,61908,70000,96300,144450,192600,963000
USD,65,WANITA,Flexi Berkah,,10,10748,16122,21496,26870,32244,37618,53740,75233,100310,501550
USD,65,WANITA,Flexi Berkah,,15,7500,11190,14920,18650,22380,26110,37300,55950,70000,348150
USD,65,WANITA,Flexi Cermat,15,5,18575,27863,37150,46438,55725,65013,92875,139313,185750,928750
USD,65,WANITA,Flexi Cermat,,10,10151,15227,20302,25378,30453,35529,50755,76133,101510,507550
USD,65,WANITA,Flexi Cermat,25,5,18806,28209,37612,47015,56418,65821,87760,131640,175520,877600
USD,65,WANITA,Flexi Cermat,,10,11012,16518,22024,27530,33036,38542,55060,77085,102780,513900
USD,65,WANITA,Flexi Cermat,,15,7500,11133,14844,18555,22266,25977,37110,55665,70000,346350
USD,65,WANITA,Flexi Cermat,35,5,18794,28191,37588,46985,56382,65779,87705,131558,175410,877050
USD,65,WANITA,Flexi Cermat,,10,10787,16181,21574,26968,32361,37755,53935,75503,100670,503350
USD,65,WANITA,Flexi Cermat,,15,7500,10848,14464,18080,21696,25312,36160,54240,70000,337500
IDR,66,PRIA,Flexi Amanah,YRT,1,43.7,65.6,87.5,109.4,131.2,153.1,218.7,328.1,437.4,2,187.0
IDR,66,PRIA,Flexi Amanah,5,5,46.8,70.2,93.6,117.0,140.4,163.8,234.0,350.9,467.9,2,339.5
IDR,66,PRIA,Flexi Amanah,10,10,59.9,89.9,119.8,149.8,179.8,209.7,299.6,449.4,599.2,2,996.0
IDR,66,PRIA,Flexi Berkah,44,5,183.0,274.5,366.0,457.5,549.0,640.5,854.1,1,281.1,1,708.1,8,540.5
IDR,66,PRIA,Flexi Berkah,,10,95.3,143.0,190.6,238.3,286.0,333.6,476.6,700.0,889.6,4,448.0
IDR,66,PRIA,Flexi Berkah,,15,70.0,98.4,131.2,164.0,196.8,229.6,328.1,492.1,656.1,3,062.0
IDR,66,PRIA,Flexi Cermat,15,5,170.5,255.8,341.0,426.3,511.5,596.8,852.6,1,278.8,1,705.1,8,525.5
IDR,66,PRIA,Flexi Cermat,,10,97.0,145.5,194.0,242.5,291.0,339.5,485.0,727.5,970.0,4,850.0
IDR,66,PRIA,Flexi Cermat,25,5,148.8,223.2,297.5,371.9,446.3,520.7,700.0,1,041.4,1,388.5,6,942.5
IDR,66,PRIA,Flexi Cermat,,10,90.8,136.2,181.7,227.1,272.5,317.9,454.2,681.2,847.7,4,238.5
IDR,66,PRIA,Flexi Cermat,,15,73.5,103.3,137.7,172.2,206.6,241.0,344.4,516.5,688.7,3,213.5
IDR,66,PRIA,Flexi Cermat,35,5,143.5,215.2,286.9,358.7,430.4,502.1,700.0,1,004.3,1,339.0,6,695.0
IDR,66,PRIA,Flexi Cermat,,10,88.9,133.4,177.8,222.3,266.7,311.2,444.5,666.8,829.7,4,148.5
IDR,66,PRIA,Flexi Cermat,,15,70.2,98.8,131.7,164.6,197.6,230.5,329.3,493.9,658.5,3,073.0
USD,66,PRIA,Flexi Amanah,YRT,1,4374,6561,8748,10935,13122,15309,21870,32805,43740,218700
USD,66,PRIA,Flexi Amanah,5,5,4679,7019,9358,11698,14037,16377,23395,35093,46790,233950
USD,66,PRIA,Flexi Amanah,10,10,5992,8988,11984,14980,17976,20972,29960,44940,59920,299600
USD,66,PRIA,Flexi Berkah,44,5,22604,33906,45208,56510,67812,73840,105485,158228,210970,1054850
USD,66,PRIA,Flexi Berkah,,10,11774,17661,23548,29435,35322,41209,58870,82418,109890,549450
USD,66,PRIA,Flexi Berkah,,15,8174,12261,16348,20435,24522,28609,40870,61305,76290,381450
USD,66,PRIA,Flexi Cermat,15,5,18933,28400,37866,47333,56799,66266,94665,141998,189330,946650
USD,66,PRIA,Flexi Cermat,,10,10523,15785,21046,26308,31569,36831,52615,78923,105230,526150
USD,66,PRIA,Flexi Cermat,25,5,19429,29144,38858,48573,58287,68002,90670,136005,181340,906700
USD,66,PRIA,Flexi Cermat,,10,11591,17387,23182,28978,34773,40569,57955,81143,108190,540950
USD,66,PRIA,Flexi Cermat,,15,8025,12038,16050,20063,24075,28088,40125,60188,74900,374500
USD,66,PRIA,Flexi Cermat,35,5,19037,28556,38074,47593,57111,66630,88840,133260,177680,888400
USD,66,PRIA,Flexi Cermat,,10,11293,16940,22586,28233,33879,39526,56465,79050,105400,527000
USD,66,PRIA,Flexi Cermat,,15,7832,11748,15664,19580,23496,27412,39160,58740,73090,365450
IDR,66,WANITA,Flexi Amanah,YRT,1,25.5,38.2,50.9,63.7,76.4,89.1,127.4,191.0,254.7,1,273.5
IDR,66,WANITA,Flexi Amanah,5,5,27.7,41.5,55.4,69.2,83.0,96.9,138.4,207.6,276.8,1,384.0
IDR,66,WANITA,Flexi Amanah,10,10,35.0,52.4,69.9,87.4,104.9,122.3,174.8,262.1,349.5,1,747.5
IDR,66,WANITA,Flexi Berkah,44,5,164.2,246.3,328.3,410.4,492.5,574.6,766.1,1,149.2,1,532.2,7,661.0
IDR,66,WANITA,Flexi Berkah,,10,85.5,128.3,171.0,213.8,256.5,299.3,427.6,641.3,798.1,3,990.5
IDR,66,WANITA,Flexi Berkah,,15,67.8,95.3,127.1,158.8,190.6,222.4,317.7,476.5,635.3,2,964.5
IDR,66,WANITA,Flexi Cermat,15,5,161.4,242.0,322.7,403.4,484.1,564.8,806.8,1,210.2,1,613.6,8,068.0
IDR,66,WANITA,Flexi Cermat,,10,94.2,141.3,188.3,235.4,282.5,329.6,470.9,706.3,941.7,4,708.5
IDR,66,WANITA,Flexi Cermat,25,5,122.1,183.2,244.2,305.3,366.3,427.4,610.6,854.8,1,139.7,5,698.5
IDR,66,WANITA,Flexi Cermat,,10,73.3,103.0,137.4,171.7,206.1,240.4,343.5,515.2,686.9,3,205.5
IDR,66,WANITA,Flexi Cermat,,15,54.6,76.8,102.3,127.9,153.5,179.1,255.9,383.8,511.7,2,388.0
IDR,66,WANITA,Flexi Cermat,35,5,116.1,174.1,232.2,290.2,348.3,406.3,580.5,812.6,1,083.5,5,417.5
IDR,66,WANITA,Flexi Cermat,,10,70.0,98.4,131.2,164.0,196.8,229.6,328.0,492.0,656.0,3,061.0
IDR,66,WANITA,Flexi Cermat,,15,50.1,75.0,93.9,117.4,140.9,164.4,234.9,352.3,469.7,2,191.5
USD,66,WANITA,Flexi Amanah,YRT,1,2547,3821,5094,6368,7641,8915,12735,19103,25470,127350
USD,66,WANITA,Flexi Amanah,5,5,2768,4152,5536,6920,8304,9688,13840,20760,27680,138400
USD,66,WANITA,Flexi Amanah,10,10,3495,5243,6990,8738,10485,12233,17475,26213,34950,174750
USD,66,WANITA,Flexi Berkah,44,5,21568,32352,43136,53920,64704,70455,100650,150975,201300,1006500
USD,66,WANITA,Flexi Berkah,,10,11234,16851,22468,28085,33702,39319,56170,78638,104850,524250
USD,66,WANITA,Flexi Berkah,,15,7799,11699,15598,19498,23397,27297,38995,58493,72790,363950
USD,66,WANITA,Flexi Cermat,15,5,18832,28248,37664,47080,56496,65912,94160,141240,188320,941600
USD,66,WANITA,Flexi Cermat,,10,10413,15620,20826,26033,31239,36446,52065,78098,104130,520650
USD,66,WANITA,Flexi Cermat,25,5,19037,28556,38074,47593,57111,66630,88835,133253,177670,888350
USD,66,WANITA,Flexi Cermat,,10,11307,16961,22614,28268,33921,39575,56535,79148,105530,527650
USD,66,WANITA,Flexi Cermat,,15,7690,11535,15380,19225,23070,26915,38450,57675,71770,358850
USD,66,WANITA,Flexi Cermat,35,5,19025,28538,38050,47563,57075,66588,88785,133178,177570,887850
USD,66,WANITA,Flexi Cermat,,10,11069,16604,22138,27673,33207,38742,55345,77483,103310,516550
USD,66,WANITA,Flexi Cermat,,15,7525,11288,15050,18813,22575,26338,37625,56438,70230,351150
IDR,67,PRIA,Flexi Amanah,YRT,1,45.8,68.7,91.6,114.5,137.4,160.3,229.1,343.6,458.1,2,290.5
IDR,67,PRIA,Flexi Amanah,5,5,51.7,77.5,103.3,129.1,155.0,180.8,258.3,387.4,516.5,2,582.5
IDR,67,PRIA,Flexi Amanah,10,10,66.8,100.2,133.7,167.1,200.5,233.9,334.2,501.2,668.3,3,341.5
IDR,67,PRIA,Flexi Berkah,43,5,188.8,283.2,377.5,471.9,566.3,660.7,880.9,1,321.4,1,761.8,8,809.0
IDR,67,PRIA,Flexi Berkah,,10,98.3,147.5,196.6,245.8,295.0,344.1,491.6,700.0,917.6,4,588.0
IDR,67,PRIA,Flexi Berkah,,15,73.3,103.1,137.5,171.8,206.2,240.6,343.7,515.5,687.3,3,207.5
IDR,67,PRIA,Flexi Cermat,15,5,176.4,264.7,352.9,441.1,529.3,617.5,882.2,1,323.3,1,764.4,8,822.0
IDR,67,PRIA,Flexi Cermat,,10,99.7,149.5,199.3,249.1,299.0,348.8,498.3,747.4,996.5,4,982.5
IDR,67,PRIA,Flexi Cermat,25,5,154.9,232.3,309.8,387.2,464.6,542.1,722.8,1,084.2,1,445.6,7,228.0
IDR,67,PRIA,Flexi Cermat,,10,95.2,142.8,190.4,238.0,285.6,333.2,476.0,700.0,888.4,4,442.0
IDR,67,PRIA,Flexi Cermat,,15,77.5,116.3,155.1,193.9,232.6,271.4,387.7,581.6,723.7,3,618.5
IDR,67,PRIA,Flexi Cermat,35,5,151.0,226.5,302.0,377.5,452.9,528.4,704.6,1,056.8,1,409.1,7,045.5
IDR,67,PRIA,Flexi Cermat,,10,93.7,140.5,187.3,234.1,281.0,327.8,468.3,700.0,874.1,4,370.5
IDR,67,PRIA,Flexi Cermat,,15,74.8,105.1,140.2,175.2,210.3,245.3,350.5,525.7,700.0,3,271.0
USD,67,PRIA,Flexi Amanah,YRT,1,4581,6872,9162,11453,13743,16034,22905,34358,45810,229050
USD,67,PRIA,Flexi Amanah,5,5,5165,7748,10330,12913,15495,18078,25825,38738,51650,258250
USD,67,PRIA,Flexi Amanah,10,10,6683,10025,13366,16708,20049,23391,33415,50123,66830,334150
USD,67,PRIA,Flexi Berkah,43,5,23533,35300,47066,58833,70000,76874,109820,164730,219640,1098200
USD,67,PRIA,Flexi Berkah,,10,12257,18386,24514,30643,36771,42900,61285,85800,114400,572000
USD,67,PRIA,Flexi Berkah,,15,8510,12765,17020,21275,25530,29785,42550,63825,79430,397150
USD,67,PRIA,Flexi Cermat,15,5,19191,28787,38382,47978,57573,67169,95955,143933,191910,959550
USD,67,PRIA,Flexi Cermat,,10,10788,16182,21576,26970,32364,37758,53940,80910,107880,539400
USD,67,PRIA,Flexi Cermat,25,5,19571,29357,39142,48928,58713,68499,91335,137003,182670,913350
USD,67,PRIA,Flexi Cermat,,10,11888,17832,23776,29720,35664,41608,59440,83213,110950,554750
USD,67,PRIA,Flexi Cermat,,15,8402,12603,16804,21005,25206,29407,42010,63015,78410,392050
USD,67,PRIA,Flexi Cermat,35,5,19273,28910,38546,48183,57819,67456,89940,134910,179880,899400
USD,67,PRIA,Flexi Cermat,,10,11579,17369,23158,28948,34737,40527,57895,81053,108070,540350
USD,67,PRIA,Flexi Cermat,,15,8193,12290,16386,20483,24579,28676,40965,61448,76470,382350
IDR,67,WANITA,Flexi Amanah,YRT,1,27.2,40.7,54.3,67.9,81.5,95.0,135.8,203.6,271.5,1,357.5
IDR,67,WANITA,Flexi Amanah,5,5,31.4,47.2,62.9,78.6,94.3,110.0,157.2,235.8,314.4,1,572.0
IDR,67,WANITA,Flexi Amanah,10,10,39.6,59.4,79.2,99.0,118.8,138.6,198.0,297.0,396.0,1,980.0
IDR,67,WANITA,Flexi Berkah,43,5,169.0,253.6,338.1,422.6,507.1,591.6,788.9,1,183.3,1,577.7,7,888.5
IDR,67,WANITA,Flexi Berkah,,10,88.0,132.1,176.1,220.1,264.1,308.1,440.2,660.3,821.7,4,108.5
IDR,67,WANITA,Flexi Berkah,,15,70.0,98.4,131.2,164.0,196.8,229.6,328.0,492.0,656.0,3,061.0
IDR,67,WANITA,Flexi Cermat,15,5,167.0,250.5,334.0,417.5,500.9,584.4,834.9,1,252.4,1,669.8,8,349.0
IDR,67,WANITA,Flexi Cermat,,10,96.8,145.1,193.5,241.9,290.3,338.6,483.8,725.6,967.5,4,837.5
IDR,67,WANITA,Flexi Cermat,25,5,126.7,190.1,253.5,316.9,380.2,443.6,633.7,887.2,1,182.9,5,914.5
IDR,67,WANITA,Flexi Cermat,,10,76.2,114.3,152.4,190.5,228.5,266.6,380.9,571.4,711.0,3,555.0
IDR,67,WANITA,Flexi Cermat,,15,57.1,80.3,107.1,133.9,160.6,187.4,267.7,401.6,535.4,2,498.5
IDR,67,WANITA,Flexi Cermat,35,5,122.9,184.4,245.8,307.3,368.7,430.2,614.5,860.3,1,147.0,5,735.0
IDR,67,WANITA,Flexi Cermat,,10,73.2,103.0,137.3,171.6,206.0,240.3,343.3,514.9,686.5,3,203.5
IDR,67,WANITA,Flexi Cermat,,15,53.0,75.0,99.4,124.3,149.1,174.0,248.6,372.8,497.1,2,320.0
USD,67,WANITA,Flexi Amanah,YRT,1,2715,4073,5430,6788,8145,9503,13575,20363,27150,135750
USD,67,WANITA,Flexi Amanah,5,5,3144,4716,6288,7860,9432,11004,15720,23580,31440,157200
USD,67,WANITA,Flexi Amanah,10,10,3960,5940,7920,9900,11880,13860,19800,29700,39600,198000
USD,67,WANITA,Flexi Berkah,43,5,22500,33750,45000,56250,67500,73500,105000,157500,210000,1050000
USD,67,WANITA,Flexi Berkah,,10,11719,17579,23438,29298,35157,41017,58595,82035,109380,546900
USD,67,WANITA,Flexi Berkah,,15,8136,12204,16272,20340,24408,28476,40680,61020,75940,379700
USD,67,WANITA,Flexi Cermat,15,5,19089,28634,38178,47723,57267,66812,95445,143168,190890,954450
USD,67,WANITA,Flexi Cermat,,10,10675,16013,21350,26688,32025,37363,53375,80063,106750,533750
USD,67,WANITA,Flexi Cermat,25,5,19267,28901,38534,48168,57801,67435,89910,134865,179820,899100
USD,67,WANITA,Flexi Cermat,,10,11601,17402,23202,29003,34803,40604,58005,81210,108280,541400
USD,67,WANITA,Flexi Cermat,,15,7958,11937,15916,19895,23874,27853,39790,59685,74270,371350
USD,67,WANITA,Flexi Cermat,35,5,19257,28886,38514,48143,57771,67400,89865,134798,179730,898650
USD,67,WANITA,Flexi Cermat,,10,11353,17030,22706,28383,34059,39736,56765,79470,105960,529800
USD,67,WANITA,Flexi Cermat,,15,7817,11726,15634,19543,23451,27360,39085,58628,72960,364800
IDR,68,PRIA,Flexi Amanah,YRT,1,47.9,71.8,95.8,119.7,143.7,167.6,239.5,359.2,478.9,2,394.5
IDR,68,PRIA,Flexi Amanah,5,5,56.5,84.8,113.0,141.3,169.6,197.8,282.6,423.9,565.2,2,826.0
IDR,68,PRIA,Flexi Amanah,10,10,73.7,110.6,147.5,184.3,221.2,258.1,368.7,553.0,737.3,3,686.5
IDR,68,PRIA,Flexi Berkah,42,5,194.5,291.8,389.1,486.4,583.6,680.9,907.9,1,361.8,1,815.7,9,078.5
IDR,68,PRIA,Flexi Berkah,,10,101.3,152.0,202.6,253.3,304.0,354.6,506.6,709.2,945.6,4,728.0
IDR,68,PRIA,Flexi Berkah,,15,76.7,115.0,153.3,191.6,230.0,268.3,383.3,574.9,715.4,3,577.0
IDR,68,PRIA,Flexi Cermat,15,5,182.4,273.6,364.8,456.0,547.1,638.3,911.9,1,367.9,1,823.8,9,119.0
IDR,68,PRIA,Flexi Cermat,,10,102.3,153.5,204.6,255.8,306.9,358.1,511.6,767.3,1,023.1,5,115.5
IDR,68,PRIA,Flexi Cermat,25,5,160.4,240.7,320.9,401.1,481.3,561.5,748.7,1,123.1,1,497.4,7,487.0
IDR,68,PRIA,Flexi Cermat,,10,96.9,145.3,193.8,242.2,290.7,339.1,484.5,700.0,904.3,4,521.5
IDR,68,PRIA,Flexi Cermat,,15,82.3,123.5,164.7,205.9,247.0,288.2,411.7,617.6,768.5,3,842.5
IDR,68,PRIA,Flexi Cermat,35,5,157.2,235.8,314.5,393.1,471.7,550.3,733.8,1,100.6,1,467.5,7,337.5
IDR,68,PRIA,Flexi Cermat,,10,96.2,144.3,192.4,240.5,288.6,336.7,481.1,700.0,898.0,4,490.0
IDR,68,PRIA,Flexi Cermat,,15,80.0,120.0,159.9,199.9,239.9,279.9,399.9,599.8,746.3,3,731.5
USD,68,PRIA,Flexi Amanah,YRT,1,4789,7184,9578,11973,14367,16762,23945,35918,47890,239450
USD,68,PRIA,Flexi Amanah,5,5,5652,8478,11304,14130,16956,19782,28260,42390,56520,282600
USD,68,PRIA,Flexi Amanah,10,10,7373,11060,14746,18433,22119,25806,36865,55298,73730,368650
USD,68,PRIA,Flexi Berkah,42,5,24461,36692,48922,61153,70000,79905,114150,171225,228300,1141500
USD,68,PRIA,Flexi Berkah,,10,12742,19113,25484,31855,38226,44597,63710,89190,118920,594600
USD,68,PRIA,Flexi Berkah,,15,8847,13271,17694,22118,26541,30965,44235,66353,82570,412850
USD,68,PRIA,Flexi Cermat,15,5,19450,29175,38900,48625,58350,68075,97250,145875,194500,972500
USD,68,PRIA,Flexi Cermat,,10,11053,16580,22106,27633,33159,38686,55265,82898,110530,552650
USD,68,PRIA,Flexi Cermat,25,5,19714,29571,39428,49285,59142,68999,92000,138000,184000,920000
USD,68,PRIA,Flexi Cermat,,10,12183,18275,24366,30458,36549,42641,60915,85283,113710,568550
USD,68,PRIA,Flexi Cermat,,15,8779,13169,17558,21948,26337,30727,43895,65843,81940,409700
USD,68,PRIA,Flexi Cermat,35,5,19509,29264,39018,48773,58527,68282,91040,136560,182080,910400
USD,68,PRIA,Flexi Cermat,,10,11865,17798,23730,29663,35595,41528,59325,83055,110740,553700
USD,68,PRIA,Flexi Cermat,,15,8555,12833,17110,21388,25665,29943,42775,64163,79850,399250
IDR,68,WANITA,Flexi Amanah,YRT,1,28.8,43.2,57.7,72.1,86.5,100.9,144.2,216.2,288.3,1,441.5
IDR,68,WANITA,Flexi Amanah,5,5,35.2,52.8,70.4,88.0,105.6,123.2,176.0,264.0,352.0,1,760.0
IDR,68,WANITA,Flexi Amanah,10,10,44.3,66.4,88.5,110.7,132.8,154.9,221.3,332.0,442.6,2,213.0
IDR,68,WANITA,Flexi Berkah,42,5,173.9,260.9,347.8,434.8,521.7,608.7,811.6,1,217.3,1,623.1,8,115.5
IDR,68,WANITA,Flexi Berkah,,10,90.6,135.9,181.1,226.4,271.7,317.0,452.9,679.3,845.3,4,226.5
IDR,68,WANITA,Flexi Berkah,,15,72.2,101.5,135.3,169.2,203.0,236.8,338.4,507.5,676.7,3,158.0
IDR,68,WANITA,Flexi Cermat,15,5,172.6,258.9,345.2,431.5,517.8,604.1,863.0,1,294.4,1,725.9,8,629.5
IDR,68,WANITA,Flexi Cermat,,10,99.3,149.0,198.7,248.3,298.0,347.7,496.7,745.0,993.3,4,966.5
IDR,68,WANITA,Flexi Cermat,25,5,131.3,197.0,262.6,328.3,393.9,459.6,656.5,919.1,1,225.5,6,127.5
IDR,68,WANITA,Flexi Cermat,,10,79.1,118.6,158.2,197.7,237.3,276.8,395.5,593.2,738.2,3,691.0
IDR,68,WANITA,Flexi Cermat,,15,59.8,84.0,112.1,140.1,168.1,196.1,280.2,420.2,560.3,2,614.5
IDR,68,WANITA,Flexi Cermat,35,5,128.6,192.9,257.2,321.6,385.9,450.2,643.1,900.3,1,200.4,6,002.0
IDR,68,WANITA,Flexi Cermat,,10,76.6,114.9,153.2,191.5,229.7,268.0,382.9,574.4,714.7,3,573.5
IDR,68,WANITA,Flexi Cermat,,15,55.8,78.4,104.5,130.7,156.8,182.9,261.4,392.0,522.7,2,439.0
USD,68,WANITA,Flexi Amanah,YRT,1,2883,4325,5766,7208,8649,10091,14415,21623,28830,144150
USD,68,WANITA,Flexi Amanah,5,5,3520,5280,7040,8800,10560,12320,17600,26400,35200,176000
USD,68,WANITA,Flexi Amanah,10,10,4426,6639,8852,11065,13278,15491,22130,33195,44260,221300
USD,68,WANITA,Flexi Berkah,42,5,23432,35148,46864,58580,70000,76545,109350,164025,218700,1093500
USD,68,WANITA,Flexi Berkah,,10,12204,18306,24408,30510,36612,42714,61020,85425,113900,569500
USD,68,WANITA,Flexi Berkah,,15,8474,12711,16948,21185,25422,29659,42370,63555,79090,395450
USD,68,WANITA,Flexi Cermat,15,5,19346,29019,38692,48365,58038,67711,96730,145095,193460,967300
USD,68,WANITA,Flexi Cermat,,10,10938,16407,21876,27345,32814,38283,54690,82035,109380,546900
USD,68,WANITA,Flexi Cermat,25,5,19497,29246,38994,48743,58491,68240,90985,136478,181970,909850
USD,68,WANITA,Flexi Cermat,,10,11896,17844,23792,29740,35688,41636,59480,83273,111030,555150
USD,68,WANITA,Flexi Cermat,,15,8225,12338,16450,20563,24675,28788,41125,61688,76770,383850
USD,68,WANITA,Flexi Cermat,35,5,19489,29234,38978,48723,58467,68212,90950,136425,181900,909500
USD,68,WANITA,Flexi Cermat,,10,11636,17454,23272,29090,34908,40726,58180,81450,108600,543000
USD,68,WANITA,Flexi Cermat,,15,8110,12165,16220,20275,24330,28385,40550,60825,75690,378450
IDR,69,PRIA,Flexi Amanah,YRT,1,50.0,75.0,99.9,124.9,149.9,174.9,249.9,374.8,499.7,2,498.5
IDR,69,PRIA,Flexi Amanah,5,5,61.4,92.1,122.8,153.5,184.1,214.8,306.9,460.4,613.8,3,069.0
IDR,69,PRIA,Flexi Amanah,10,10,80.6,120.9,161.3,201.6,241.9,282.2,403.2,604.7,806.3,4,031.5
IDR,69,PRIA,Flexi Berkah,41,5,200.3,300.5,400.6,500.8,600.9,700.0,934.8,1,402.1,1,869.5,9,347.5
IDR,69,PRIA,Flexi Berkah,,10,104.3,156.5,208.7,260.8,313.0,365.2,521.7,730.3,973.7,4,868.5
IDR,69,PRIA,Flexi Berkah,,15,80.0,120.0,160.0,200.0,239.9,279.9,399.9,599.9,746.5,3,732.5
IDR,69,PRIA,Flexi Cermat,15,5,188.3,282.5,376.6,470.8,565.0,659.1,941.6,1,412.4,1,883.2,9,416.0
IDR,69,PRIA,Flexi Cermat,,10,105.0,157.4,209.9,262.4,314.9,367.4,524.8,787.2,1,049.6,5,248.0
IDR,69,PRIA,Flexi Cermat,25,5,177.7,266.6,355.4,444.3,533.1,622.0,829.4,1,244.0,1,658.7,8,293.5
IDR,69,PRIA,Flexi Cermat,,10,98.1,147.1,196.1,245.2,294.2,343.2,490.3,700.0,915.3,4,576.5
IDR,69,PRIA,Flexi Cermat,,15,87.9,131.8,175.7,219.7,263.6,307.5,439.4,659.0,820.1,4,100.5
IDR,69,PRIA,Flexi Cermat,35,5,165.5,248.3,331.0,413.8,496.5,579.3,772.3,1,158.5,1,544.6,7,723.0
IDR,69,PRIA,Flexi Cermat,,10,96.9,145.3,193.8,242.2,290.6,339.1,484.4,700.0,904.2,4,521.0
IDR,69,PRIA,Flexi Cermat,,15,85.9,128.8,171.7,214.7,257.6,300.5,429.3,644.0,801.4,4,007.0
USD,69,PRIA,Flexi Amanah,YRT,1,4997,7496,9994,12493,14991,17490,24985,37478,49970,249850
USD,69,PRIA,Flexi Amanah,5,5,6138,9207,12276,15345,18414,21483,30690,46035,61380,306900
USD,69,PRIA,Flexi Amanah,10,10,8063,12095,16126,20158,24189,28221,40315,60473,80630,403150
USD,69,PRIA,Flexi Berkah,41,5,25388,38082,50776,63470,71088,82936,118480,177720,236960,1184800
USD,69,PRIA,Flexi Berkah,,10,13226,19839,26452,33065,39678,46291,66130,92580,123440,617200
USD,69,PRIA,Flexi Berkah,,15,9184,13776,18368,22960,27552,32144,45920,68880,85720,428600
USD,69,PRIA,Flexi Cermat,15,5,19708,29562,39416,49270,59124,68978,98540,147810,197080,985400
USD,69,PRIA,Flexi Cermat,,10,11318,16977,22636,28295,33954,39613,56590,84885,113180,565900
USD,69,PRIA,Flexi Cermat,25,5,19857,29786,39714,49643,59571,69500,92665,138998,185330,926650
USD,69,PRIA,Flexi Cermat,,10,12479,18719,24958,31198,37437,43677,62395,87353,116470,582350
USD,69,PRIA,Flexi Cermat,,15,9155,13733,18310,22888,27465,32043,45775,68663,85450,427250
USD,69,PRIA,Flexi Cermat,35,5,19745,29618,39490,49363,59235,69108,92145,138218,184290,921450
USD,69,PRIA,Flexi Cermat,,10,12151,18227,24302,30378,36453,42529,60755,85058,113410,567050
USD,69,PRIA,Flexi Cermat,,15,8917,13376,17834,22293,26751,31210,44585,66878,83220,416100
IDR,69,WANITA,Flexi Amanah,YRT,1,30.5,45.8,61.0,76.3,91.5,106.8,152.5,228.8,305.0,1,525.0
IDR,69,WANITA,Flexi Amanah,5,5,39.0,58.4,77.9,97.4,116.9,136.4,194.8,292.2,389.6,1,948.0
IDR,69,WANITA,Flexi Amanah,10,10,48.9,73.4,97.8,122.3,146.7,171.2,244.6,366.8,489.1,2,445.5
IDR,69,WANITA,Flexi Berkah,41,5,178.8,268.1,357.5,446.9,536.3,625.7,834.3,1,251.4,1,668.5,8,342.5
IDR,69,WANITA,Flexi Berkah,,10,93.1,139.7,186.2,232.8,279.3,325.9,465.6,698.3,869.0,4,345.0
IDR,69,WANITA,Flexi Berkah,,15,74.4,104.6,139.5,174.4,209.3,244.1,348.8,523.1,697.5,3,255.0
IDR,69,WANITA,Flexi Cermat,15,5,178.2,267.3,356.4,445.5,534.6,623.7,891.1,1,336.6,1,782.1,8,910.5
IDR,69,WANITA,Flexi Cermat,,10,101.9,152.9,203.8,254.8,305.7,356.7,509.5,764.3,1,019.0,5,095.0
IDR,69,WANITA,Flexi Cermat,25,5,138.1,207.1,276.1,345.1,414.2,483.2,690.3,966.4,1,288.5,6,442.5
IDR,69,WANITA,Flexi Cermat,,10,83.0,124.5,166.0,207.5,249.0,290.5,415.1,622.6,774.8,3,874.0
IDR,69,WANITA,Flexi Cermat,,15,62.8,88.3,117.7,147.1,176.6,206.0,294.3,441.4,588.5,2,746.5
IDR,69,WANITA,Flexi Cermat,35,5,135.3,202.9,270.6,338.2,405.9,473.5,676.5,947.0,1,262.7,6,313.5
IDR,69,WANITA,Flexi Cermat,,10,81.4,122.1,162.8,203.5,244.2,284.9,407.0,610.5,759.7,3,798.5
IDR,69,WANITA,Flexi Cermat,,15,60.2,84.7,112.9,141.1,169.4,197.6,282.3,423.4,564.5,2,634.5
USD,69,WANITA,Flexi Amanah,YRT,1,3050,4575,6100,7625,9150,10675,15250,22875,30500,152500
USD,69,WANITA,Flexi Amanah,5,5,3896,5844,7792,9740,11688,13636,19480,29220,38960,194800
USD,69,WANITA,Flexi Amanah,10,10,4891,7337,9782,12228,14673,17119,24455,36683,48910,244550
USD,69,WANITA,Flexi Berkah,41,5,24364,36546,48728,60910,70000,79590,113700,170550,227400,1137000
USD,69,WANITA,Flexi Berkah,,10,12689,19034,25378,31723,38067,44412,63445,88823,118430,592150
USD,69,WANITA,Flexi Berkah,,15,8811,13217,17622,22028,26433,30839,44055,66083,82240,411200
USD,69,WANITA,Flexi Cermat,15,5,19603,29405,39206,49008,58809,68611,98015,147023,196030,980150
USD,69,WANITA,Flexi Cermat,,10,11200,16800,22400,28000,33600,39200,56000,84000,112000,560000
USD,69,WANITA,Flexi Cermat,25,5,19728,29592,39456,49320,59184,69048,92065,138098,184130,920650
USD,69,WANITA,Flexi Cermat,,10,12190,18285,24380,30475,36570,42665,60950,85328,113770,568850
USD,69,WANITA,Flexi Cermat,,15,8492,12738,16984,21230,25476,29722,42460,63690,79260,396300
USD,69,WANITA,Flexi Cermat,35,5,19721,29582,39442,49303,59163,69024,92030,138045,184060,920300
USD,69,WANITA,Flexi Cermat,,10,11919,17879,23838,29798,35757,41717,59595,83430,111240,556200
USD,69,WANITA,Flexi Cermat,,15,8402,12603,16804,21005,25206,29407,42010,63015,78420,392100
IDR,70,PRIA,Flexi Amanah,YRT,1,52.1,78.1,104.1,130.1,156.2,182.2,260.3,390.4,520.5,2,602.5
IDR,70,PRIA,Flexi Amanah,5,5,66.2,99.4,132.5,165.6,198.7,231.8,331.2,496.8,662.4,3,312.0
IDR,70,PRIA,Flexi Amanah,10,10,87.5,131.3,175.1,218.9,262.6,306.4,437.7,656.6,875.4,4,377.0
IDR,70,PRIA,Flexi Berkah,40,5,206.1,309.1,412.1,515.2,618.2,700.0,961.7,1,442.5,1,923.3,9,616.5
IDR,70,PRIA,Flexi Berkah,,10,107.3,161.0,214.7,268.3,322.0,375.7,536.7,751.3,1,001.7,5,008.5
IDR,70,PRIA,Flexi Berkah,,15,83.3,125.0,166.6,208.3,250.0,291.6,416.6,624.9,777.6,3,888.0
IDR,70,PRIA,Flexi Cermat,15,5,194.3,291.4,388.5,485.6,582.8,679.9,971.3,1,456.9,1,942.5,9,712.5
IDR,70,PRIA,Flexi Cermat,,10,107.6,161.4,215.2,269.0,322.8,376.6,538.1,807.1,1,076.1,5,380.5
IDR,70,PRIA,Flexi Cermat,25,5,186.5,279.8,373.0,466.3,559.5,652.8,870.3,1,305.5,1,740.6,8,703.0
IDR,70,PRIA,Flexi Cermat,,10,98.8,148.2,197.6,247.0,296.3,345.7,493.9,700.0,922.0,4,610.0
IDR,70,PRIA,Flexi Cermat,,15,94.1,141.2,188.3,235.3,282.4,329.5,470.7,700.0,878.5,4,392.5
IDR,70,PRIA,Flexi Cermat,35,5,173.5,260.3,347.0,433.8,520.6,607.3,809.8,1,214.6,1,619.5,8,097.5
IDR,70,PRIA,Flexi Cermat,,10,97.8,146.7,195.7,244.6,293.5,342.4,489.2,700.0,913.1,4,565.5
IDR,70,PRIA,Flexi Cermat,,15,92.4,138.6,184.8,231.1,277.3,323.5,462.1,693.2,862.6,4,313.0
USD,70,PRIA,Flexi Amanah,YRT,1,5205,7808,10410,13013,15615,18218,26025,39038,52050,260250
USD,70,PRIA,Flexi Amanah,5,5,6624,9936,13248,16560,19872,23184,33120,49680,66240,331200
USD,70,PRIA,Flexi Amanah,10,10,8754,13131,17508,21885,26262,30639,43770,65655,87540,437700
USD,70,PRIA,Flexi Berkah,40,5,26317,39476,52634,65793,73686,85967,122810,184215,245620,1228100
USD,70,PRIA,Flexi Berkah,,10,13709,20564,27418,34273,41127,47982,68545,95963,127950,639750
USD,70,PRIA,Flexi Berkah,,15,9520,14280,19040,23800,28560,33320,47600,70000,88850,444250
USD,70,PRIA,Flexi Cermat,15,5,19967,29951,39934,49918,59901,69885,99835,149753,199670,998350
USD,70,PRIA,Flexi Cermat,,10,11583,17375,23166,28958,34749,40541,57915,86873,115830,579150
USD,70,PRIA,Flexi Cermat,25,5,20000,30000,40000,50000,60000,70000,93330,139995,186660,933300
USD,70,PRIA,Flexi Cermat,,10,12774,19161,25548,31935,38322,44709,63870,89415,119220,596100
USD,70,PRIA,Flexi Cermat,,15,9532,14298,19064,23830,28596,33362,47660,70000,88960,444800
USD,70,PRIA,Flexi Cermat,35,5,19982,29973,39964,49955,59946,69937,93245,139868,186490,932450
USD,70,PRIA,Flexi Cermat,,10,12437,18656,24874,31093,37311,43530,62185,87060,116080,580400
USD,70,PRIA,Flexi Cermat,,15,9278,13917,18556,23195,27834,32473,46390,69585,86600,433000
IDR,70,WANITA,Flexi Amanah,YRT,1,32.2,48.3,64.4,80.5,96.5,112.6,160.9,241.4,321.8,1,609.0
IDR,70,WANITA,Flexi Amanah,5,5,42.7,64.1,85.4,106.8,128.2,149.5,213.6,320.4,427.2,2,136.0
IDR,70,WANITA,Flexi Amanah,10,10,53.6,80.4,107.1,133.9,160.7,187.5,267.9,401.8,535.7,2,678.5
IDR,70,WANITA,Flexi Berkah,40,5,183.6,275.4,367.3,459.1,550.9,642.7,857.0,1,285.4,1,713.9,8,569.5
IDR,70,WANITA,Flexi Berkah,,10,95.6,143.5,191.3,239.1,286.9,334.7,478.2,700.0,892.6,4,463.0
IDR,70,WANITA,Flexi Berkah,,15,76.6,114.9,153.2,191.5,229.8,268.1,383.1,574.6,715.1,3,575.5
IDR,70,WANITA,Flexi Cermat,15,5,183.8,275.7,367.7,459.6,551.5,643.4,919.2,1,378.7,1,838.3,9,191.5
IDR,70,WANITA,Flexi Cermat,,10,104.5,156.7,209.0,261.2,313.4,365.7,522.4,783.6,1,044.8,5,224.0
IDR,70,WANITA,Flexi Cermat,25,5,144.0,216.0,288.0,360.0,431.9,503.9,700.0,1,007.9,1,343.8,6,719.0
IDR,70,WANITA,Flexi Cermat,,10,84.9,127.4,169.8,212.3,254.8,297.2,424.6,636.9,792.6,3,963.0
IDR,70,WANITA,Flexi Cermat,,15,65.5,92.1,122.8,153.6,184.3,215.0,307.1,460.7,614.2,2,866.0
IDR,70,WANITA,Flexi Cermat,35,5,141.2,211.8,282.4,353.0,423.6,494.2,700.0,988.4,1,317.9,6,589.5
IDR,70,WANITA,Flexi Cermat,,10,83.2,124.8,166.4,208.0,249.5,291.1,415.9,623.9,776.4,3,882.0
IDR,70,WANITA,Flexi Cermat,,15,63.9,89.9,119.8,149.8,179.7,209.7,299.5,449.3,599.0,2,795.0
USD,70,WANITA,Flexi Amanah,YRT,1,3218,4827,6436,8045,9654,11263,16090,24135,32180,160900
USD,70,WANITA,Flexi Amanah,5,5,4272,6408,8544,10680,12816,14952,21360,32040,42720,213600
USD,70,WANITA,Flexi Amanah,10,10,5357,8036,10714,13393,16071,18750,26785,40178,53570,267850
USD,70,WANITA,Flexi Berkah,40,5,25296,37944,50592,63240,70830,82635,118050,177075,236100,1180500
USD,70,WANITA,Flexi Berkah,,10,13175,19763,26350,32938,39525,46113,65875,92228,122970,614850
USD,70,WANITA,Flexi Berkah,,15,9149,13724,18298,22873,27447,32022,45745,68618,85390,426950
USD,70,WANITA,Flexi Cermat,15,5,19860,29790,39720,49650,59580,69510,99300,148950,198600,993000
USD,70,WANITA,Flexi Cermat,,10,11463,17195,22926,28658,34389,40121,57315,85973,114630,573150
USD,70,WANITA,Flexi Cermat,25,5,19958,29937,39916,49895,59874,69853,93140,139710,186280,931400
USD,70,WANITA,Flexi Cermat,,10,12485,18728,24970,31213,37455,43698,62425,87390,116520,582600
USD,70,WANITA,Flexi Cermat,,15,8760,13140,17520,21900,26280,30660,43800,65700,81760,408800
USD,70,WANITA,Flexi Cermat,35,5,19952,29928,39904,49880,59856,69832,93110,139665,186220,931100
USD,70,WANITA,Flexi Cermat,,10,12202,18303,24404,30505,36606,42707,61010,85410,113880,569400
USD,70,WANITA,Flexi Cermat,,15,8694,13041,17388,21735,26082,30429,43470,65205,81140,405700